Analysis & Synthesis report for bitcoin_hash
Mon Mar 23 10:11:51 2026
Quartus Prime Version 20.1.0 Build 711 06/05/2020 SJ Lite Edition


---------------------
; Table of Contents ;
---------------------
  1. Legal Notice
  2. Analysis & Synthesis Summary
  3. Analysis & Synthesis Settings
  4. Parallel Compilation
  5. Analysis & Synthesis Source Files Read
  6. Analysis & Synthesis Resource Usage Summary
  7. Analysis & Synthesis Resource Utilization by Entity
  8. State Machine - |bitcoin_hash|state
  9. State Machine - |bitcoin_hash|simplified_sha256:generate_sha256_blocks[15].block|state
 10. State Machine - |bitcoin_hash|simplified_sha256:generate_sha256_blocks[14].block|state
 11. State Machine - |bitcoin_hash|simplified_sha256:generate_sha256_blocks[13].block|state
 12. State Machine - |bitcoin_hash|simplified_sha256:generate_sha256_blocks[12].block|state
 13. State Machine - |bitcoin_hash|simplified_sha256:generate_sha256_blocks[11].block|state
 14. State Machine - |bitcoin_hash|simplified_sha256:generate_sha256_blocks[10].block|state
 15. State Machine - |bitcoin_hash|simplified_sha256:generate_sha256_blocks[9].block|state
 16. State Machine - |bitcoin_hash|simplified_sha256:generate_sha256_blocks[8].block|state
 17. State Machine - |bitcoin_hash|simplified_sha256:generate_sha256_blocks[7].block|state
 18. State Machine - |bitcoin_hash|simplified_sha256:generate_sha256_blocks[6].block|state
 19. State Machine - |bitcoin_hash|simplified_sha256:generate_sha256_blocks[5].block|state
 20. State Machine - |bitcoin_hash|simplified_sha256:generate_sha256_blocks[4].block|state
 21. State Machine - |bitcoin_hash|simplified_sha256:generate_sha256_blocks[3].block|state
 22. State Machine - |bitcoin_hash|simplified_sha256:generate_sha256_blocks[2].block|state
 23. State Machine - |bitcoin_hash|simplified_sha256:generate_sha256_blocks[1].block|state
 24. State Machine - |bitcoin_hash|simplified_sha256:generate_sha256_blocks[0].block|state
 25. State Machine - |bitcoin_hash|simplified_sha256:sha256_phase1|state
 26. Registers Removed During Synthesis
 27. General Register Statistics
 28. Multiplexer Restructuring Statistics (Restructuring Performed)
 29. Parameter Settings for User Entity Instance: Top-level Entity: |bitcoin_hash
 30. Parameter Settings for User Entity Instance: simplified_sha256:sha256_phase1
 31. Parameter Settings for User Entity Instance: simplified_sha256:generate_sha256_blocks[0].block
 32. Parameter Settings for User Entity Instance: simplified_sha256:generate_sha256_blocks[1].block
 33. Parameter Settings for User Entity Instance: simplified_sha256:generate_sha256_blocks[2].block
 34. Parameter Settings for User Entity Instance: simplified_sha256:generate_sha256_blocks[3].block
 35. Parameter Settings for User Entity Instance: simplified_sha256:generate_sha256_blocks[4].block
 36. Parameter Settings for User Entity Instance: simplified_sha256:generate_sha256_blocks[5].block
 37. Parameter Settings for User Entity Instance: simplified_sha256:generate_sha256_blocks[6].block
 38. Parameter Settings for User Entity Instance: simplified_sha256:generate_sha256_blocks[7].block
 39. Parameter Settings for User Entity Instance: simplified_sha256:generate_sha256_blocks[8].block
 40. Parameter Settings for User Entity Instance: simplified_sha256:generate_sha256_blocks[9].block
 41. Parameter Settings for User Entity Instance: simplified_sha256:generate_sha256_blocks[10].block
 42. Parameter Settings for User Entity Instance: simplified_sha256:generate_sha256_blocks[11].block
 43. Parameter Settings for User Entity Instance: simplified_sha256:generate_sha256_blocks[12].block
 44. Parameter Settings for User Entity Instance: simplified_sha256:generate_sha256_blocks[13].block
 45. Parameter Settings for User Entity Instance: simplified_sha256:generate_sha256_blocks[14].block
 46. Parameter Settings for User Entity Instance: simplified_sha256:generate_sha256_blocks[15].block
 47. Port Connectivity Checks: "simplified_sha256:generate_sha256_blocks[15].block"
 48. Port Connectivity Checks: "simplified_sha256:generate_sha256_blocks[14].block"
 49. Port Connectivity Checks: "simplified_sha256:generate_sha256_blocks[13].block"
 50. Port Connectivity Checks: "simplified_sha256:generate_sha256_blocks[12].block"
 51. Port Connectivity Checks: "simplified_sha256:generate_sha256_blocks[11].block"
 52. Port Connectivity Checks: "simplified_sha256:generate_sha256_blocks[10].block"
 53. Port Connectivity Checks: "simplified_sha256:generate_sha256_blocks[9].block"
 54. Port Connectivity Checks: "simplified_sha256:generate_sha256_blocks[8].block"
 55. Port Connectivity Checks: "simplified_sha256:generate_sha256_blocks[7].block"
 56. Port Connectivity Checks: "simplified_sha256:generate_sha256_blocks[6].block"
 57. Port Connectivity Checks: "simplified_sha256:generate_sha256_blocks[5].block"
 58. Port Connectivity Checks: "simplified_sha256:generate_sha256_blocks[4].block"
 59. Port Connectivity Checks: "simplified_sha256:generate_sha256_blocks[3].block"
 60. Port Connectivity Checks: "simplified_sha256:generate_sha256_blocks[2].block"
 61. Port Connectivity Checks: "simplified_sha256:generate_sha256_blocks[1].block"
 62. Port Connectivity Checks: "simplified_sha256:generate_sha256_blocks[0].block"
 63. Port Connectivity Checks: "simplified_sha256:sha256_phase1"
 64. Post-Synthesis Netlist Statistics for Top Partition
 65. Elapsed Time Per Partition
 66. Analysis & Synthesis Messages



----------------
; Legal Notice ;
----------------
Copyright (C) 2020  Intel Corporation. All rights reserved.
Your use of Intel Corporation's design tools, logic functions 
and other software and tools, and any partner logic 
functions, and any output files from any of the foregoing 
(including device programming or simulation files), and any 
associated documentation or information are expressly subject 
to the terms and conditions of the Intel Program License 
Subscription Agreement, the Intel Quartus Prime License Agreement,
the Intel FPGA IP License Agreement, or other applicable license
agreement, including, without limitation, that your use is for
the sole purpose of programming logic devices manufactured by
Intel and sold by Intel or its authorized distributors.  Please
refer to the applicable agreement for further details, at
https://fpgasoftware.intel.com/eula.



+---------------------------------------------------------------------------------+
; Analysis & Synthesis Summary                                                    ;
+-----------------------------------+---------------------------------------------+
; Analysis & Synthesis Status       ; Successful - Mon Mar 23 10:11:50 2026       ;
; Quartus Prime Version             ; 20.1.0 Build 711 06/05/2020 SJ Lite Edition ;
; Revision Name                     ; bitcoin_hash                                ;
; Top-level Entity Name             ; bitcoin_hash                                ;
; Family                            ; Arria II GX                                 ;
; Logic utilization                 ; N/A                                         ;
;     Combinational ALUTs           ; 18,952                                      ;
;     Memory ALUTs                  ; 0                                           ;
;     Dedicated logic registers     ; 27,762                                      ;
; Total registers                   ; 27762                                       ;
; Total pins                        ; 118                                         ;
; Total virtual pins                ; 0                                           ;
; Total block memory bits           ; 0                                           ;
; DSP block 18-bit elements         ; 0                                           ;
; Total GXB Receiver Channel PCS    ; 0                                           ;
; Total GXB Receiver Channel PMA    ; 0                                           ;
; Total GXB Transmitter Channel PCS ; 0                                           ;
; Total GXB Transmitter Channel PMA ; 0                                           ;
; Total PLLs                        ; 0                                           ;
; Total DLLs                        ; 0                                           ;
+-----------------------------------+---------------------------------------------+


+---------------------------------------------------------------------------------------------------------------------------+
; Analysis & Synthesis Settings                                                                                             ;
+---------------------------------------------------------------------------------+--------------------+--------------------+
; Option                                                                          ; Setting            ; Default Value      ;
+---------------------------------------------------------------------------------+--------------------+--------------------+
; Device                                                                          ; EP2AGX45DF29I5     ;                    ;
; Top-level entity name                                                           ; bitcoin_hash       ; bitcoin_hash       ;
; Family name                                                                     ; Arria II GX        ; Cyclone V          ;
; Use smart compilation                                                           ; Off                ; Off                ;
; Enable parallel Assembler and Timing Analyzer during compilation                ; On                 ; On                 ;
; Enable compact report table                                                     ; Off                ; Off                ;
; Restructure Multiplexers                                                        ; Auto               ; Auto               ;
; MLAB Add Timing Constraints For Mixed-Port Feed-Through Mode Setting Don't Care ; Off                ; Off                ;
; Create Debugging Nodes for IP Cores                                             ; Off                ; Off                ;
; Preserve fewer node names                                                       ; On                 ; On                 ;
; Intel FPGA IP Evaluation Mode                                                   ; Enable             ; Enable             ;
; Verilog Version                                                                 ; Verilog_2001       ; Verilog_2001       ;
; VHDL Version                                                                    ; VHDL_1993          ; VHDL_1993          ;
; State Machine Processing                                                        ; Auto               ; Auto               ;
; Safe State Machine                                                              ; Off                ; Off                ;
; Extract Verilog State Machines                                                  ; On                 ; On                 ;
; Extract VHDL State Machines                                                     ; On                 ; On                 ;
; Ignore Verilog initial constructs                                               ; Off                ; Off                ;
; Iteration limit for constant Verilog loops                                      ; 5000               ; 5000               ;
; Iteration limit for non-constant Verilog loops                                  ; 250                ; 250                ;
; Add Pass-Through Logic to Inferred RAMs                                         ; On                 ; On                 ;
; Infer RAMs from Raw Logic                                                       ; On                 ; On                 ;
; Parallel Synthesis                                                              ; On                 ; On                 ;
; DSP Block Balancing                                                             ; Auto               ; Auto               ;
; NOT Gate Push-Back                                                              ; On                 ; On                 ;
; Power-Up Don't Care                                                             ; On                 ; On                 ;
; Remove Redundant Logic Cells                                                    ; Off                ; Off                ;
; Remove Duplicate Registers                                                      ; On                 ; On                 ;
; Ignore CARRY Buffers                                                            ; Off                ; Off                ;
; Ignore CASCADE Buffers                                                          ; Off                ; Off                ;
; Ignore GLOBAL Buffers                                                           ; Off                ; Off                ;
; Ignore ROW GLOBAL Buffers                                                       ; Off                ; Off                ;
; Ignore LCELL Buffers                                                            ; Off                ; Off                ;
; Ignore SOFT Buffers                                                             ; On                 ; On                 ;
; Limit AHDL Integers to 32 Bits                                                  ; Off                ; Off                ;
; Optimization Technique                                                          ; Balanced           ; Balanced           ;
; Carry Chain Length                                                              ; 70                 ; 70                 ;
; Auto Carry Chains                                                               ; On                 ; On                 ;
; Auto Open-Drain Pins                                                            ; On                 ; On                 ;
; Perform WYSIWYG Primitive Resynthesis                                           ; Off                ; Off                ;
; Auto ROM Replacement                                                            ; On                 ; On                 ;
; Auto RAM Replacement                                                            ; On                 ; On                 ;
; Auto DSP Block Replacement                                                      ; On                 ; On                 ;
; Auto Shift Register Replacement                                                 ; Auto               ; Auto               ;
; Allow Shift Register Merging across Hierarchies                                 ; Auto               ; Auto               ;
; Auto Clock Enable Replacement                                                   ; On                 ; On                 ;
; Strict RAM Replacement                                                          ; Off                ; Off                ;
; Allow Synchronous Control Signals                                               ; On                 ; On                 ;
; Force Use of Synchronous Clear Signals                                          ; Off                ; Off                ;
; Auto RAM Block Balancing                                                        ; On                 ; On                 ;
; Auto RAM to Logic Cell Conversion                                               ; Off                ; Off                ;
; Auto Resource Sharing                                                           ; Off                ; Off                ;
; Allow Any RAM Size For Recognition                                              ; Off                ; Off                ;
; Allow Any ROM Size For Recognition                                              ; Off                ; Off                ;
; Allow Any Shift Register Size For Recognition                                   ; Off                ; Off                ;
; Use LogicLock Constraints during Resource Balancing                             ; On                 ; On                 ;
; Ignore translate_off and synthesis_off directives                               ; Off                ; Off                ;
; Timing-Driven Synthesis                                                         ; On                 ; On                 ;
; Report Parameter Settings                                                       ; On                 ; On                 ;
; Report Source Assignments                                                       ; On                 ; On                 ;
; Report Connectivity Checks                                                      ; On                 ; On                 ;
; Ignore Maximum Fan-Out Assignments                                              ; Off                ; Off                ;
; Synchronization Register Chain Length                                           ; 3                  ; 3                  ;
; Power Optimization During Synthesis                                             ; Normal compilation ; Normal compilation ;
; HDL message level                                                               ; Level2             ; Level2             ;
; Suppress Register Optimization Related Messages                                 ; Off                ; Off                ;
; Number of Removed Registers Reported in Synthesis Report                        ; 5000               ; 5000               ;
; Number of Swept Nodes Reported in Synthesis Report                              ; 5000               ; 5000               ;
; Number of Inverted Registers Reported in Synthesis Report                       ; 100                ; 100                ;
; Clock MUX Protection                                                            ; On                 ; On                 ;
; Auto Gated Clock Conversion                                                     ; Off                ; Off                ;
; Block Design Naming                                                             ; Auto               ; Auto               ;
; SDC constraint protection                                                       ; Off                ; Off                ;
; Synthesis Effort                                                                ; Auto               ; Auto               ;
; Shift Register Replacement - Allow Asynchronous Clear Signal                    ; On                 ; On                 ;
; Pre-Mapping Resynthesis Optimization                                            ; Off                ; Off                ;
; Analysis & Synthesis Message Level                                              ; Medium             ; Medium             ;
; Disable Register Merging Across Hierarchies                                     ; Auto               ; Auto               ;
; Resource Aware Inference For Block RAM                                          ; On                 ; On                 ;
+---------------------------------------------------------------------------------+--------------------+--------------------+


+------------------------------------------+
; Parallel Compilation                     ;
+----------------------------+-------------+
; Processors                 ; Number      ;
+----------------------------+-------------+
; Number detected on machine ; 16          ;
; Maximum allowed            ; 16          ;
;                            ;             ;
; Average used               ; 1.02        ;
; Maximum used               ; 16          ;
;                            ;             ;
; Usage by Processor         ; % Time Used ;
;     Processor 1            ; 100.0%      ;
;     Processor 2            ;   0.2%      ;
;     Processor 3            ;   0.2%      ;
;     Processor 4            ;   0.2%      ;
;     Processor 5            ;   0.2%      ;
;     Processor 6            ;   0.2%      ;
;     Processor 7            ;   0.2%      ;
;     Processor 8            ;   0.1%      ;
;     Processors 9-16        ;   0.1%      ;
+----------------------------+-------------+


+-------------------------------------------------------------------------------------------------------------------------------------------------------------------+
; Analysis & Synthesis Source Files Read                                                                                                                            ;
+----------------------------------+-----------------+------------------------------+---------------------------------------------------------------------+---------+
; File Name with User-Entered Path ; Used in Netlist ; File Type                    ; File Name with Absolute Path                                        ; Library ;
+----------------------------------+-----------------+------------------------------+---------------------------------------------------------------------+---------+
; simplified_sha256.sv             ; yes             ; User SystemVerilog HDL File  ; C:/Users/cyroc/Documents/projects/bitcoin_hash/simplified_sha256.sv ;         ;
; bitcoin_hash.sv                  ; yes             ; User SystemVerilog HDL File  ; C:/Users/cyroc/Documents/projects/bitcoin_hash/bitcoin_hash.sv      ;         ;
+----------------------------------+-----------------+------------------------------+---------------------------------------------------------------------+---------+


+-----------------------------------------------------------+
; Analysis & Synthesis Resource Usage Summary               ;
+-----------------------------------------------+-----------+
; Resource                                      ; Usage     ;
+-----------------------------------------------+-----------+
; Estimated ALUTs Used                          ; 18952     ;
;     -- Combinational ALUTs                    ; 18952     ;
;     -- Memory ALUTs                           ; 0         ;
;     -- LUT_REGs                               ; 0         ;
; Dedicated logic registers                     ; 27762     ;
;                                               ;           ;
; Estimated ALUTs Unavailable                   ; 1         ;
;     -- Due to unpartnered combinational logic ; 1         ;
;     -- Due to Memory ALUTs                    ; 0         ;
;                                               ;           ;
; Total combinational functions                 ; 18952     ;
; Combinational ALUT usage by number of inputs  ;           ;
;     -- 7 input functions                      ; 1         ;
;     -- 6 input functions                      ; 2108      ;
;     -- 5 input functions                      ; 767       ;
;     -- 4 input functions                      ; 92        ;
;     -- <=3 input functions                    ; 15984     ;
;                                               ;           ;
; Combinational ALUTs by mode                   ;           ;
;     -- normal mode                            ; 11232     ;
;     -- extended LUT mode                      ; 1         ;
;     -- arithmetic mode                        ; 5543      ;
;     -- shared arithmetic mode                 ; 2176      ;
;                                               ;           ;
; Estimated ALUT/register pairs used            ; 33698     ;
;                                               ;           ;
; Total registers                               ; 27762     ;
;     -- Dedicated logic registers              ; 27762     ;
;     -- I/O registers                          ; 0         ;
;     -- LUT_REGs                               ; 0         ;
;                                               ;           ;
;                                               ;           ;
; I/O pins                                      ; 118       ;
;                                               ;           ;
; DSP block 18-bit elements                     ; 0         ;
;                                               ;           ;
; Maximum fan-out node                          ; clk~input ;
; Maximum fan-out                               ; 27763     ;
; Total fan-out                                 ; 192615    ;
; Average fan-out                               ; 4.10      ;
+-----------------------------------------------+-----------+


+------------------------------------------------------------------------------------------------------------------------------------------------------------------------------------------------------------------------------------------------------------------------------------------------------------------------+
; Analysis & Synthesis Resource Utilization by Entity                                                                                                                                                                                                                                                                    ;
+---------------------------------------------------------+---------------------+---------------------------+-------------------+--------------+---------+-----------+-----------+-----------+------+--------------+------------------------------------------------------------------+-------------------+--------------+
; Compilation Hierarchy Node                              ; Combinational ALUTs ; Dedicated Logic Registers ; Block Memory Bits ; DSP Elements ; DSP 9x9 ; DSP 12x12 ; DSP 18x18 ; DSP 36x36 ; Pins ; Virtual Pins ; Full Hierarchy Name                                              ; Entity Name       ; Library Name ;
+---------------------------------------------------------+---------------------+---------------------------+-------------------+--------------+---------+-----------+-----------+-----------+------+--------------+------------------------------------------------------------------+-------------------+--------------+
; |bitcoin_hash                                           ; 18952 (1852)        ; 27762 (5944)              ; 0                 ; 0            ; 0       ; 0         ; 0         ; 0         ; 118  ; 0            ; |bitcoin_hash                                                    ; bitcoin_hash      ; work         ;
;    |simplified_sha256:generate_sha256_blocks[0].block|  ; 1153 (1153)         ; 1309 (1309)               ; 0                 ; 0            ; 0       ; 0         ; 0         ; 0         ; 0    ; 0            ; |bitcoin_hash|simplified_sha256:generate_sha256_blocks[0].block  ; simplified_sha256 ; work         ;
;    |simplified_sha256:generate_sha256_blocks[10].block| ; 982 (982)           ; 1280 (1280)               ; 0                 ; 0            ; 0       ; 0         ; 0         ; 0         ; 0    ; 0            ; |bitcoin_hash|simplified_sha256:generate_sha256_blocks[10].block ; simplified_sha256 ; work         ;
;    |simplified_sha256:generate_sha256_blocks[11].block| ; 982 (982)           ; 1280 (1280)               ; 0                 ; 0            ; 0       ; 0         ; 0         ; 0         ; 0    ; 0            ; |bitcoin_hash|simplified_sha256:generate_sha256_blocks[11].block ; simplified_sha256 ; work         ;
;    |simplified_sha256:generate_sha256_blocks[12].block| ; 982 (982)           ; 1280 (1280)               ; 0                 ; 0            ; 0       ; 0         ; 0         ; 0         ; 0    ; 0            ; |bitcoin_hash|simplified_sha256:generate_sha256_blocks[12].block ; simplified_sha256 ; work         ;
;    |simplified_sha256:generate_sha256_blocks[13].block| ; 982 (982)           ; 1280 (1280)               ; 0                 ; 0            ; 0       ; 0         ; 0         ; 0         ; 0    ; 0            ; |bitcoin_hash|simplified_sha256:generate_sha256_blocks[13].block ; simplified_sha256 ; work         ;
;    |simplified_sha256:generate_sha256_blocks[14].block| ; 982 (982)           ; 1280 (1280)               ; 0                 ; 0            ; 0       ; 0         ; 0         ; 0         ; 0    ; 0            ; |bitcoin_hash|simplified_sha256:generate_sha256_blocks[14].block ; simplified_sha256 ; work         ;
;    |simplified_sha256:generate_sha256_blocks[15].block| ; 982 (982)           ; 1280 (1280)               ; 0                 ; 0            ; 0       ; 0         ; 0         ; 0         ; 0    ; 0            ; |bitcoin_hash|simplified_sha256:generate_sha256_blocks[15].block ; simplified_sha256 ; work         ;
;    |simplified_sha256:generate_sha256_blocks[1].block|  ; 1046 (1046)         ; 1280 (1280)               ; 0                 ; 0            ; 0       ; 0         ; 0         ; 0         ; 0    ; 0            ; |bitcoin_hash|simplified_sha256:generate_sha256_blocks[1].block  ; simplified_sha256 ; work         ;
;    |simplified_sha256:generate_sha256_blocks[2].block|  ; 982 (982)           ; 1280 (1280)               ; 0                 ; 0            ; 0       ; 0         ; 0         ; 0         ; 0    ; 0            ; |bitcoin_hash|simplified_sha256:generate_sha256_blocks[2].block  ; simplified_sha256 ; work         ;
;    |simplified_sha256:generate_sha256_blocks[3].block|  ; 982 (982)           ; 1280 (1280)               ; 0                 ; 0            ; 0       ; 0         ; 0         ; 0         ; 0    ; 0            ; |bitcoin_hash|simplified_sha256:generate_sha256_blocks[3].block  ; simplified_sha256 ; work         ;
;    |simplified_sha256:generate_sha256_blocks[4].block|  ; 982 (982)           ; 1280 (1280)               ; 0                 ; 0            ; 0       ; 0         ; 0         ; 0         ; 0    ; 0            ; |bitcoin_hash|simplified_sha256:generate_sha256_blocks[4].block  ; simplified_sha256 ; work         ;
;    |simplified_sha256:generate_sha256_blocks[5].block|  ; 982 (982)           ; 1280 (1280)               ; 0                 ; 0            ; 0       ; 0         ; 0         ; 0         ; 0    ; 0            ; |bitcoin_hash|simplified_sha256:generate_sha256_blocks[5].block  ; simplified_sha256 ; work         ;
;    |simplified_sha256:generate_sha256_blocks[6].block|  ; 982 (982)           ; 1280 (1280)               ; 0                 ; 0            ; 0       ; 0         ; 0         ; 0         ; 0    ; 0            ; |bitcoin_hash|simplified_sha256:generate_sha256_blocks[6].block  ; simplified_sha256 ; work         ;
;    |simplified_sha256:generate_sha256_blocks[7].block|  ; 982 (982)           ; 1280 (1280)               ; 0                 ; 0            ; 0       ; 0         ; 0         ; 0         ; 0    ; 0            ; |bitcoin_hash|simplified_sha256:generate_sha256_blocks[7].block  ; simplified_sha256 ; work         ;
;    |simplified_sha256:generate_sha256_blocks[8].block|  ; 982 (982)           ; 1280 (1280)               ; 0                 ; 0            ; 0       ; 0         ; 0         ; 0         ; 0    ; 0            ; |bitcoin_hash|simplified_sha256:generate_sha256_blocks[8].block  ; simplified_sha256 ; work         ;
;    |simplified_sha256:generate_sha256_blocks[9].block|  ; 982 (982)           ; 1280 (1280)               ; 0                 ; 0            ; 0       ; 0         ; 0         ; 0         ; 0    ; 0            ; |bitcoin_hash|simplified_sha256:generate_sha256_blocks[9].block  ; simplified_sha256 ; work         ;
;    |simplified_sha256:sha256_phase1|                    ; 1153 (1153)         ; 1309 (1309)               ; 0                 ; 0            ; 0       ; 0         ; 0         ; 0         ; 0    ; 0            ; |bitcoin_hash|simplified_sha256:sha256_phase1                    ; simplified_sha256 ; work         ;
+---------------------------------------------------------+---------------------+---------------------------+-------------------+--------------+---------+-----------+-----------+-----------+------+--------------+------------------------------------------------------------------+-------------------+--------------+
Note: For table entries with two numbers listed, the numbers in parentheses indicate the number of resources of the given type used by the specific entity alone. The numbers listed outside of parentheses indicate the total resources of the given type used by the specific entity and all of its sub-entities in the hierarchy.


Encoding Type:  One-Hot
+-------------------------------------------------------------------------------------------------------------------------------------------------------------------------------------------------+
; State Machine - |bitcoin_hash|state                                                                                                                                                             ;
+--------------+-------------+------------+-------------+--------------+------------+-------------+--------------+------------+--------------+-------------+------------+------------+------------+
; Name         ; state.WRITE ; state.SET4 ; state.WAIT3 ; state.PHASE3 ; state.SET3 ; state.WAIT2 ; state.PHASE2 ; state.SET2 ; state.PHASE1 ; state.WAIT1 ; state.READ ; state.WAIT ; state.IDLE ;
+--------------+-------------+------------+-------------+--------------+------------+-------------+--------------+------------+--------------+-------------+------------+------------+------------+
; state.IDLE   ; 0           ; 0          ; 0           ; 0            ; 0          ; 0           ; 0            ; 0          ; 0            ; 0           ; 0          ; 0          ; 0          ;
; state.WAIT   ; 0           ; 0          ; 0           ; 0            ; 0          ; 0           ; 0            ; 0          ; 0            ; 0           ; 0          ; 1          ; 1          ;
; state.READ   ; 0           ; 0          ; 0           ; 0            ; 0          ; 0           ; 0            ; 0          ; 0            ; 0           ; 1          ; 0          ; 1          ;
; state.WAIT1  ; 0           ; 0          ; 0           ; 0            ; 0          ; 0           ; 0            ; 0          ; 0            ; 1           ; 0          ; 0          ; 1          ;
; state.PHASE1 ; 0           ; 0          ; 0           ; 0            ; 0          ; 0           ; 0            ; 0          ; 1            ; 0           ; 0          ; 0          ; 1          ;
; state.SET2   ; 0           ; 0          ; 0           ; 0            ; 0          ; 0           ; 0            ; 1          ; 0            ; 0           ; 0          ; 0          ; 1          ;
; state.PHASE2 ; 0           ; 0          ; 0           ; 0            ; 0          ; 0           ; 1            ; 0          ; 0            ; 0           ; 0          ; 0          ; 1          ;
; state.WAIT2  ; 0           ; 0          ; 0           ; 0            ; 0          ; 1           ; 0            ; 0          ; 0            ; 0           ; 0          ; 0          ; 1          ;
; state.SET3   ; 0           ; 0          ; 0           ; 0            ; 1          ; 0           ; 0            ; 0          ; 0            ; 0           ; 0          ; 0          ; 1          ;
; state.PHASE3 ; 0           ; 0          ; 0           ; 1            ; 0          ; 0           ; 0            ; 0          ; 0            ; 0           ; 0          ; 0          ; 1          ;
; state.WAIT3  ; 0           ; 0          ; 1           ; 0            ; 0          ; 0           ; 0            ; 0          ; 0            ; 0           ; 0          ; 0          ; 1          ;
; state.SET4   ; 0           ; 1          ; 0           ; 0            ; 0          ; 0           ; 0            ; 0          ; 0            ; 0           ; 0          ; 0          ; 1          ;
; state.WRITE  ; 1           ; 0          ; 0           ; 0            ; 0          ; 0           ; 0            ; 0          ; 0            ; 0           ; 0          ; 0          ; 1          ;
+--------------+-------------+------------+-------------+--------------+------------+-------------+--------------+------------+--------------+-------------+------------+------------+------------+


Encoding Type:  One-Hot
+----------------------------------------------------------------------------------------+
; State Machine - |bitcoin_hash|simplified_sha256:generate_sha256_blocks[15].block|state ;
+---------------+-------------+---------------+------------+------------+----------------+
; Name          ; state.WRITE ; state.COMPUTE ; state.WAIT ; state.IDLE ; state.BLOCK    ;
+---------------+-------------+---------------+------------+------------+----------------+
; state.IDLE    ; 0           ; 0             ; 0          ; 0          ; 0              ;
; state.WAIT    ; 0           ; 0             ; 1          ; 1          ; 0              ;
; state.BLOCK   ; 0           ; 0             ; 0          ; 1          ; 1              ;
; state.COMPUTE ; 0           ; 1             ; 0          ; 1          ; 0              ;
; state.WRITE   ; 1           ; 0             ; 0          ; 1          ; 0              ;
+---------------+-------------+---------------+------------+------------+----------------+


Encoding Type:  One-Hot
+----------------------------------------------------------------------------------------+
; State Machine - |bitcoin_hash|simplified_sha256:generate_sha256_blocks[14].block|state ;
+---------------+-------------+---------------+------------+------------+----------------+
; Name          ; state.WRITE ; state.COMPUTE ; state.WAIT ; state.IDLE ; state.BLOCK    ;
+---------------+-------------+---------------+------------+------------+----------------+
; state.IDLE    ; 0           ; 0             ; 0          ; 0          ; 0              ;
; state.WAIT    ; 0           ; 0             ; 1          ; 1          ; 0              ;
; state.BLOCK   ; 0           ; 0             ; 0          ; 1          ; 1              ;
; state.COMPUTE ; 0           ; 1             ; 0          ; 1          ; 0              ;
; state.WRITE   ; 1           ; 0             ; 0          ; 1          ; 0              ;
+---------------+-------------+---------------+------------+------------+----------------+


Encoding Type:  One-Hot
+----------------------------------------------------------------------------------------+
; State Machine - |bitcoin_hash|simplified_sha256:generate_sha256_blocks[13].block|state ;
+---------------+-------------+---------------+------------+------------+----------------+
; Name          ; state.WRITE ; state.COMPUTE ; state.WAIT ; state.IDLE ; state.BLOCK    ;
+---------------+-------------+---------------+------------+------------+----------------+
; state.IDLE    ; 0           ; 0             ; 0          ; 0          ; 0              ;
; state.WAIT    ; 0           ; 0             ; 1          ; 1          ; 0              ;
; state.BLOCK   ; 0           ; 0             ; 0          ; 1          ; 1              ;
; state.COMPUTE ; 0           ; 1             ; 0          ; 1          ; 0              ;
; state.WRITE   ; 1           ; 0             ; 0          ; 1          ; 0              ;
+---------------+-------------+---------------+------------+------------+----------------+


Encoding Type:  One-Hot
+----------------------------------------------------------------------------------------+
; State Machine - |bitcoin_hash|simplified_sha256:generate_sha256_blocks[12].block|state ;
+---------------+-------------+---------------+------------+------------+----------------+
; Name          ; state.WRITE ; state.COMPUTE ; state.WAIT ; state.IDLE ; state.BLOCK    ;
+---------------+-------------+---------------+------------+------------+----------------+
; state.IDLE    ; 0           ; 0             ; 0          ; 0          ; 0              ;
; state.WAIT    ; 0           ; 0             ; 1          ; 1          ; 0              ;
; state.BLOCK   ; 0           ; 0             ; 0          ; 1          ; 1              ;
; state.COMPUTE ; 0           ; 1             ; 0          ; 1          ; 0              ;
; state.WRITE   ; 1           ; 0             ; 0          ; 1          ; 0              ;
+---------------+-------------+---------------+------------+------------+----------------+


Encoding Type:  One-Hot
+----------------------------------------------------------------------------------------+
; State Machine - |bitcoin_hash|simplified_sha256:generate_sha256_blocks[11].block|state ;
+---------------+-------------+---------------+------------+------------+----------------+
; Name          ; state.WRITE ; state.COMPUTE ; state.WAIT ; state.IDLE ; state.BLOCK    ;
+---------------+-------------+---------------+------------+------------+----------------+
; state.IDLE    ; 0           ; 0             ; 0          ; 0          ; 0              ;
; state.WAIT    ; 0           ; 0             ; 1          ; 1          ; 0              ;
; state.BLOCK   ; 0           ; 0             ; 0          ; 1          ; 1              ;
; state.COMPUTE ; 0           ; 1             ; 0          ; 1          ; 0              ;
; state.WRITE   ; 1           ; 0             ; 0          ; 1          ; 0              ;
+---------------+-------------+---------------+------------+------------+----------------+


Encoding Type:  One-Hot
+----------------------------------------------------------------------------------------+
; State Machine - |bitcoin_hash|simplified_sha256:generate_sha256_blocks[10].block|state ;
+---------------+-------------+---------------+------------+------------+----------------+
; Name          ; state.WRITE ; state.COMPUTE ; state.WAIT ; state.IDLE ; state.BLOCK    ;
+---------------+-------------+---------------+------------+------------+----------------+
; state.IDLE    ; 0           ; 0             ; 0          ; 0          ; 0              ;
; state.WAIT    ; 0           ; 0             ; 1          ; 1          ; 0              ;
; state.BLOCK   ; 0           ; 0             ; 0          ; 1          ; 1              ;
; state.COMPUTE ; 0           ; 1             ; 0          ; 1          ; 0              ;
; state.WRITE   ; 1           ; 0             ; 0          ; 1          ; 0              ;
+---------------+-------------+---------------+------------+------------+----------------+


Encoding Type:  One-Hot
+---------------------------------------------------------------------------------------+
; State Machine - |bitcoin_hash|simplified_sha256:generate_sha256_blocks[9].block|state ;
+---------------+-------------+---------------+------------+------------+---------------+
; Name          ; state.WRITE ; state.COMPUTE ; state.WAIT ; state.IDLE ; state.BLOCK   ;
+---------------+-------------+---------------+------------+------------+---------------+
; state.IDLE    ; 0           ; 0             ; 0          ; 0          ; 0             ;
; state.WAIT    ; 0           ; 0             ; 1          ; 1          ; 0             ;
; state.BLOCK   ; 0           ; 0             ; 0          ; 1          ; 1             ;
; state.COMPUTE ; 0           ; 1             ; 0          ; 1          ; 0             ;
; state.WRITE   ; 1           ; 0             ; 0          ; 1          ; 0             ;
+---------------+-------------+---------------+------------+------------+---------------+


Encoding Type:  One-Hot
+---------------------------------------------------------------------------------------+
; State Machine - |bitcoin_hash|simplified_sha256:generate_sha256_blocks[8].block|state ;
+---------------+-------------+---------------+------------+------------+---------------+
; Name          ; state.WRITE ; state.COMPUTE ; state.WAIT ; state.IDLE ; state.BLOCK   ;
+---------------+-------------+---------------+------------+------------+---------------+
; state.IDLE    ; 0           ; 0             ; 0          ; 0          ; 0             ;
; state.WAIT    ; 0           ; 0             ; 1          ; 1          ; 0             ;
; state.BLOCK   ; 0           ; 0             ; 0          ; 1          ; 1             ;
; state.COMPUTE ; 0           ; 1             ; 0          ; 1          ; 0             ;
; state.WRITE   ; 1           ; 0             ; 0          ; 1          ; 0             ;
+---------------+-------------+---------------+------------+------------+---------------+


Encoding Type:  One-Hot
+---------------------------------------------------------------------------------------+
; State Machine - |bitcoin_hash|simplified_sha256:generate_sha256_blocks[7].block|state ;
+---------------+-------------+---------------+------------+------------+---------------+
; Name          ; state.WRITE ; state.COMPUTE ; state.WAIT ; state.IDLE ; state.BLOCK   ;
+---------------+-------------+---------------+------------+------------+---------------+
; state.IDLE    ; 0           ; 0             ; 0          ; 0          ; 0             ;
; state.WAIT    ; 0           ; 0             ; 1          ; 1          ; 0             ;
; state.BLOCK   ; 0           ; 0             ; 0          ; 1          ; 1             ;
; state.COMPUTE ; 0           ; 1             ; 0          ; 1          ; 0             ;
; state.WRITE   ; 1           ; 0             ; 0          ; 1          ; 0             ;
+---------------+-------------+---------------+------------+------------+---------------+


Encoding Type:  One-Hot
+---------------------------------------------------------------------------------------+
; State Machine - |bitcoin_hash|simplified_sha256:generate_sha256_blocks[6].block|state ;
+---------------+-------------+---------------+------------+------------+---------------+
; Name          ; state.WRITE ; state.COMPUTE ; state.WAIT ; state.IDLE ; state.BLOCK   ;
+---------------+-------------+---------------+------------+------------+---------------+
; state.IDLE    ; 0           ; 0             ; 0          ; 0          ; 0             ;
; state.WAIT    ; 0           ; 0             ; 1          ; 1          ; 0             ;
; state.BLOCK   ; 0           ; 0             ; 0          ; 1          ; 1             ;
; state.COMPUTE ; 0           ; 1             ; 0          ; 1          ; 0             ;
; state.WRITE   ; 1           ; 0             ; 0          ; 1          ; 0             ;
+---------------+-------------+---------------+------------+------------+---------------+


Encoding Type:  One-Hot
+---------------------------------------------------------------------------------------+
; State Machine - |bitcoin_hash|simplified_sha256:generate_sha256_blocks[5].block|state ;
+---------------+-------------+---------------+------------+------------+---------------+
; Name          ; state.WRITE ; state.COMPUTE ; state.WAIT ; state.IDLE ; state.BLOCK   ;
+---------------+-------------+---------------+------------+------------+---------------+
; state.IDLE    ; 0           ; 0             ; 0          ; 0          ; 0             ;
; state.WAIT    ; 0           ; 0             ; 1          ; 1          ; 0             ;
; state.BLOCK   ; 0           ; 0             ; 0          ; 1          ; 1             ;
; state.COMPUTE ; 0           ; 1             ; 0          ; 1          ; 0             ;
; state.WRITE   ; 1           ; 0             ; 0          ; 1          ; 0             ;
+---------------+-------------+---------------+------------+------------+---------------+


Encoding Type:  One-Hot
+---------------------------------------------------------------------------------------+
; State Machine - |bitcoin_hash|simplified_sha256:generate_sha256_blocks[4].block|state ;
+---------------+-------------+---------------+------------+------------+---------------+
; Name          ; state.WRITE ; state.COMPUTE ; state.WAIT ; state.IDLE ; state.BLOCK   ;
+---------------+-------------+---------------+------------+------------+---------------+
; state.IDLE    ; 0           ; 0             ; 0          ; 0          ; 0             ;
; state.WAIT    ; 0           ; 0             ; 1          ; 1          ; 0             ;
; state.BLOCK   ; 0           ; 0             ; 0          ; 1          ; 1             ;
; state.COMPUTE ; 0           ; 1             ; 0          ; 1          ; 0             ;
; state.WRITE   ; 1           ; 0             ; 0          ; 1          ; 0             ;
+---------------+-------------+---------------+------------+------------+---------------+


Encoding Type:  One-Hot
+---------------------------------------------------------------------------------------+
; State Machine - |bitcoin_hash|simplified_sha256:generate_sha256_blocks[3].block|state ;
+---------------+-------------+---------------+------------+------------+---------------+
; Name          ; state.WRITE ; state.COMPUTE ; state.WAIT ; state.IDLE ; state.BLOCK   ;
+---------------+-------------+---------------+------------+------------+---------------+
; state.IDLE    ; 0           ; 0             ; 0          ; 0          ; 0             ;
; state.WAIT    ; 0           ; 0             ; 1          ; 1          ; 0             ;
; state.BLOCK   ; 0           ; 0             ; 0          ; 1          ; 1             ;
; state.COMPUTE ; 0           ; 1             ; 0          ; 1          ; 0             ;
; state.WRITE   ; 1           ; 0             ; 0          ; 1          ; 0             ;
+---------------+-------------+---------------+------------+------------+---------------+


Encoding Type:  One-Hot
+---------------------------------------------------------------------------------------+
; State Machine - |bitcoin_hash|simplified_sha256:generate_sha256_blocks[2].block|state ;
+---------------+-------------+---------------+------------+------------+---------------+
; Name          ; state.WRITE ; state.COMPUTE ; state.WAIT ; state.IDLE ; state.BLOCK   ;
+---------------+-------------+---------------+------------+------------+---------------+
; state.IDLE    ; 0           ; 0             ; 0          ; 0          ; 0             ;
; state.WAIT    ; 0           ; 0             ; 1          ; 1          ; 0             ;
; state.BLOCK   ; 0           ; 0             ; 0          ; 1          ; 1             ;
; state.COMPUTE ; 0           ; 1             ; 0          ; 1          ; 0             ;
; state.WRITE   ; 1           ; 0             ; 0          ; 1          ; 0             ;
+---------------+-------------+---------------+------------+------------+---------------+


Encoding Type:  One-Hot
+---------------------------------------------------------------------------------------+
; State Machine - |bitcoin_hash|simplified_sha256:generate_sha256_blocks[1].block|state ;
+---------------+-------------+---------------+------------+------------+---------------+
; Name          ; state.WRITE ; state.COMPUTE ; state.WAIT ; state.IDLE ; state.BLOCK   ;
+---------------+-------------+---------------+------------+------------+---------------+
; state.IDLE    ; 0           ; 0             ; 0          ; 0          ; 0             ;
; state.WAIT    ; 0           ; 0             ; 1          ; 1          ; 0             ;
; state.BLOCK   ; 0           ; 0             ; 0          ; 1          ; 1             ;
; state.COMPUTE ; 0           ; 1             ; 0          ; 1          ; 0             ;
; state.WRITE   ; 1           ; 0             ; 0          ; 1          ; 0             ;
+---------------+-------------+---------------+------------+------------+---------------+


Encoding Type:  One-Hot
+---------------------------------------------------------------------------------------+
; State Machine - |bitcoin_hash|simplified_sha256:generate_sha256_blocks[0].block|state ;
+---------------+-------------+---------------+------------+------------+---------------+
; Name          ; state.WRITE ; state.COMPUTE ; state.WAIT ; state.IDLE ; state.BLOCK   ;
+---------------+-------------+---------------+------------+------------+---------------+
; state.IDLE    ; 0           ; 0             ; 0          ; 0          ; 0             ;
; state.WAIT    ; 0           ; 0             ; 1          ; 1          ; 0             ;
; state.BLOCK   ; 0           ; 0             ; 0          ; 1          ; 1             ;
; state.COMPUTE ; 0           ; 1             ; 0          ; 1          ; 0             ;
; state.WRITE   ; 1           ; 0             ; 0          ; 1          ; 0             ;
+---------------+-------------+---------------+------------+------------+---------------+


Encoding Type:  One-Hot
+-------------------------------------------------------------------------------------+
; State Machine - |bitcoin_hash|simplified_sha256:sha256_phase1|state                 ;
+---------------+-------------+---------------+------------+------------+-------------+
; Name          ; state.WRITE ; state.COMPUTE ; state.WAIT ; state.IDLE ; state.BLOCK ;
+---------------+-------------+---------------+------------+------------+-------------+
; state.IDLE    ; 0           ; 0             ; 0          ; 0          ; 0           ;
; state.WAIT    ; 0           ; 0             ; 1          ; 1          ; 0           ;
; state.BLOCK   ; 0           ; 0             ; 0          ; 1          ; 1           ;
; state.COMPUTE ; 0           ; 1             ; 0          ; 1          ; 0           ;
; state.WRITE   ; 1           ; 0             ; 0          ; 1          ; 0           ;
+---------------+-------------+---------------+------------+------------+-------------+


+------------------------------------------------------------------------------------------------------------------------------------------------+
; Registers Removed During Synthesis                                                                                                             ;
+------------------------------------------------------------------+-----------------------------------------------------------------------------+
; Register name                                                    ; Reason for Removal                                                          ;
+------------------------------------------------------------------+-----------------------------------------------------------------------------+
; w[11][15][31]                                                    ; Merged with w[10][15][31]                                                   ;
; w[12][15][31]                                                    ; Merged with w[10][15][31]                                                   ;
; w[13][15][31]                                                    ; Merged with w[10][15][31]                                                   ;
; w[14][15][31]                                                    ; Merged with w[10][15][31]                                                   ;
; w[15][15][31]                                                    ; Merged with w[10][15][31]                                                   ;
; w[1][15][31]                                                     ; Merged with w[10][15][31]                                                   ;
; w[2][15][31]                                                     ; Merged with w[10][15][31]                                                   ;
; w[3][15][31]                                                     ; Merged with w[10][15][31]                                                   ;
; w[4][15][31]                                                     ; Merged with w[10][15][31]                                                   ;
; w[5][15][31]                                                     ; Merged with w[10][15][31]                                                   ;
; w[6][15][31]                                                     ; Merged with w[10][15][31]                                                   ;
; w[7][15][31]                                                     ; Merged with w[10][15][31]                                                   ;
; w[8][15][31]                                                     ; Merged with w[10][15][31]                                                   ;
; w[9][15][31]                                                     ; Merged with w[10][15][31]                                                   ;
; w[11][14][31]                                                    ; Merged with w[10][14][31]                                                   ;
; w[12][14][31]                                                    ; Merged with w[10][14][31]                                                   ;
; w[13][14][31]                                                    ; Merged with w[10][14][31]                                                   ;
; w[14][14][31]                                                    ; Merged with w[10][14][31]                                                   ;
; w[15][14][31]                                                    ; Merged with w[10][14][31]                                                   ;
; w[1][14][31]                                                     ; Merged with w[10][14][31]                                                   ;
; w[2][14][31]                                                     ; Merged with w[10][14][31]                                                   ;
; w[3][14][31]                                                     ; Merged with w[10][14][31]                                                   ;
; w[4][14][31]                                                     ; Merged with w[10][14][31]                                                   ;
; w[5][14][31]                                                     ; Merged with w[10][14][31]                                                   ;
; w[6][14][31]                                                     ; Merged with w[10][14][31]                                                   ;
; w[7][14][31]                                                     ; Merged with w[10][14][31]                                                   ;
; w[8][14][31]                                                     ; Merged with w[10][14][31]                                                   ;
; w[9][14][31]                                                     ; Merged with w[10][14][31]                                                   ;
; w[11][13][31]                                                    ; Merged with w[10][13][31]                                                   ;
; w[12][13][31]                                                    ; Merged with w[10][13][31]                                                   ;
; w[13][13][31]                                                    ; Merged with w[10][13][31]                                                   ;
; w[14][13][31]                                                    ; Merged with w[10][13][31]                                                   ;
; w[15][13][31]                                                    ; Merged with w[10][13][31]                                                   ;
; w[1][13][31]                                                     ; Merged with w[10][13][31]                                                   ;
; w[2][13][31]                                                     ; Merged with w[10][13][31]                                                   ;
; w[3][13][31]                                                     ; Merged with w[10][13][31]                                                   ;
; w[4][13][31]                                                     ; Merged with w[10][13][31]                                                   ;
; w[5][13][31]                                                     ; Merged with w[10][13][31]                                                   ;
; w[6][13][31]                                                     ; Merged with w[10][13][31]                                                   ;
; w[7][13][31]                                                     ; Merged with w[10][13][31]                                                   ;
; w[8][13][31]                                                     ; Merged with w[10][13][31]                                                   ;
; w[9][13][31]                                                     ; Merged with w[10][13][31]                                                   ;
; w[11][12][31]                                                    ; Merged with w[10][12][31]                                                   ;
; w[12][12][31]                                                    ; Merged with w[10][12][31]                                                   ;
; w[13][12][31]                                                    ; Merged with w[10][12][31]                                                   ;
; w[14][12][31]                                                    ; Merged with w[10][12][31]                                                   ;
; w[15][12][31]                                                    ; Merged with w[10][12][31]                                                   ;
; w[1][12][31]                                                     ; Merged with w[10][12][31]                                                   ;
; w[2][12][31]                                                     ; Merged with w[10][12][31]                                                   ;
; w[3][12][31]                                                     ; Merged with w[10][12][31]                                                   ;
; w[4][12][31]                                                     ; Merged with w[10][12][31]                                                   ;
; w[5][12][31]                                                     ; Merged with w[10][12][31]                                                   ;
; w[6][12][31]                                                     ; Merged with w[10][12][31]                                                   ;
; w[7][12][31]                                                     ; Merged with w[10][12][31]                                                   ;
; w[8][12][31]                                                     ; Merged with w[10][12][31]                                                   ;
; w[9][12][31]                                                     ; Merged with w[10][12][31]                                                   ;
; w[11][11][31]                                                    ; Merged with w[10][11][31]                                                   ;
; w[12][11][31]                                                    ; Merged with w[10][11][31]                                                   ;
; w[13][11][31]                                                    ; Merged with w[10][11][31]                                                   ;
; w[14][11][31]                                                    ; Merged with w[10][11][31]                                                   ;
; w[15][11][31]                                                    ; Merged with w[10][11][31]                                                   ;
; w[1][11][31]                                                     ; Merged with w[10][11][31]                                                   ;
; w[2][11][31]                                                     ; Merged with w[10][11][31]                                                   ;
; w[3][11][31]                                                     ; Merged with w[10][11][31]                                                   ;
; w[4][11][31]                                                     ; Merged with w[10][11][31]                                                   ;
; w[5][11][31]                                                     ; Merged with w[10][11][31]                                                   ;
; w[6][11][31]                                                     ; Merged with w[10][11][31]                                                   ;
; w[7][11][31]                                                     ; Merged with w[10][11][31]                                                   ;
; w[8][11][31]                                                     ; Merged with w[10][11][31]                                                   ;
; w[9][11][31]                                                     ; Merged with w[10][11][31]                                                   ;
; w[11][10][31]                                                    ; Merged with w[10][10][31]                                                   ;
; w[12][10][31]                                                    ; Merged with w[10][10][31]                                                   ;
; w[13][10][31]                                                    ; Merged with w[10][10][31]                                                   ;
; w[14][10][31]                                                    ; Merged with w[10][10][31]                                                   ;
; w[15][10][31]                                                    ; Merged with w[10][10][31]                                                   ;
; w[1][10][31]                                                     ; Merged with w[10][10][31]                                                   ;
; w[2][10][31]                                                     ; Merged with w[10][10][31]                                                   ;
; w[3][10][31]                                                     ; Merged with w[10][10][31]                                                   ;
; w[4][10][31]                                                     ; Merged with w[10][10][31]                                                   ;
; w[5][10][31]                                                     ; Merged with w[10][10][31]                                                   ;
; w[6][10][31]                                                     ; Merged with w[10][10][31]                                                   ;
; w[7][10][31]                                                     ; Merged with w[10][10][31]                                                   ;
; w[8][10][31]                                                     ; Merged with w[10][10][31]                                                   ;
; w[9][10][31]                                                     ; Merged with w[10][10][31]                                                   ;
; w[11][9][31]                                                     ; Merged with w[10][9][31]                                                    ;
; w[12][9][31]                                                     ; Merged with w[10][9][31]                                                    ;
; w[13][9][31]                                                     ; Merged with w[10][9][31]                                                    ;
; w[14][9][31]                                                     ; Merged with w[10][9][31]                                                    ;
; w[15][9][31]                                                     ; Merged with w[10][9][31]                                                    ;
; w[1][9][31]                                                      ; Merged with w[10][9][31]                                                    ;
; w[2][9][31]                                                      ; Merged with w[10][9][31]                                                    ;
; w[3][9][31]                                                      ; Merged with w[10][9][31]                                                    ;
; w[4][9][31]                                                      ; Merged with w[10][9][31]                                                    ;
; w[5][9][31]                                                      ; Merged with w[10][9][31]                                                    ;
; w[6][9][31]                                                      ; Merged with w[10][9][31]                                                    ;
; w[7][9][31]                                                      ; Merged with w[10][9][31]                                                    ;
; w[8][9][31]                                                      ; Merged with w[10][9][31]                                                    ;
; w[9][9][31]                                                      ; Merged with w[10][9][31]                                                    ;
; w[11][8][31]                                                     ; Merged with w[10][8][31]                                                    ;
; w[12][8][31]                                                     ; Merged with w[10][8][31]                                                    ;
; w[13][8][31]                                                     ; Merged with w[10][8][31]                                                    ;
; w[14][8][31]                                                     ; Merged with w[10][8][31]                                                    ;
; w[15][8][31]                                                     ; Merged with w[10][8][31]                                                    ;
; w[1][8][31]                                                      ; Merged with w[10][8][31]                                                    ;
; w[2][8][31]                                                      ; Merged with w[10][8][31]                                                    ;
; w[3][8][31]                                                      ; Merged with w[10][8][31]                                                    ;
; w[4][8][31]                                                      ; Merged with w[10][8][31]                                                    ;
; w[5][8][31]                                                      ; Merged with w[10][8][31]                                                    ;
; w[6][8][31]                                                      ; Merged with w[10][8][31]                                                    ;
; w[7][8][31]                                                      ; Merged with w[10][8][31]                                                    ;
; w[8][8][31]                                                      ; Merged with w[10][8][31]                                                    ;
; w[9][8][31]                                                      ; Merged with w[10][8][31]                                                    ;
; w[11][15][30]                                                    ; Merged with w[10][15][30]                                                   ;
; w[12][15][30]                                                    ; Merged with w[10][15][30]                                                   ;
; w[13][15][30]                                                    ; Merged with w[10][15][30]                                                   ;
; w[14][15][30]                                                    ; Merged with w[10][15][30]                                                   ;
; w[15][15][30]                                                    ; Merged with w[10][15][30]                                                   ;
; w[1][15][30]                                                     ; Merged with w[10][15][30]                                                   ;
; w[2][15][30]                                                     ; Merged with w[10][15][30]                                                   ;
; w[3][15][30]                                                     ; Merged with w[10][15][30]                                                   ;
; w[4][15][30]                                                     ; Merged with w[10][15][30]                                                   ;
; w[5][15][30]                                                     ; Merged with w[10][15][30]                                                   ;
; w[6][15][30]                                                     ; Merged with w[10][15][30]                                                   ;
; w[7][15][30]                                                     ; Merged with w[10][15][30]                                                   ;
; w[8][15][30]                                                     ; Merged with w[10][15][30]                                                   ;
; w[9][15][30]                                                     ; Merged with w[10][15][30]                                                   ;
; w[11][14][30]                                                    ; Merged with w[10][14][30]                                                   ;
; w[12][14][30]                                                    ; Merged with w[10][14][30]                                                   ;
; w[13][14][30]                                                    ; Merged with w[10][14][30]                                                   ;
; w[14][14][30]                                                    ; Merged with w[10][14][30]                                                   ;
; w[15][14][30]                                                    ; Merged with w[10][14][30]                                                   ;
; w[1][14][30]                                                     ; Merged with w[10][14][30]                                                   ;
; w[2][14][30]                                                     ; Merged with w[10][14][30]                                                   ;
; w[3][14][30]                                                     ; Merged with w[10][14][30]                                                   ;
; w[4][14][30]                                                     ; Merged with w[10][14][30]                                                   ;
; w[5][14][30]                                                     ; Merged with w[10][14][30]                                                   ;
; w[6][14][30]                                                     ; Merged with w[10][14][30]                                                   ;
; w[7][14][30]                                                     ; Merged with w[10][14][30]                                                   ;
; w[8][14][30]                                                     ; Merged with w[10][14][30]                                                   ;
; w[9][14][30]                                                     ; Merged with w[10][14][30]                                                   ;
; w[11][13][30]                                                    ; Merged with w[10][13][30]                                                   ;
; w[12][13][30]                                                    ; Merged with w[10][13][30]                                                   ;
; w[13][13][30]                                                    ; Merged with w[10][13][30]                                                   ;
; w[14][13][30]                                                    ; Merged with w[10][13][30]                                                   ;
; w[15][13][30]                                                    ; Merged with w[10][13][30]                                                   ;
; w[1][13][30]                                                     ; Merged with w[10][13][30]                                                   ;
; w[2][13][30]                                                     ; Merged with w[10][13][30]                                                   ;
; w[3][13][30]                                                     ; Merged with w[10][13][30]                                                   ;
; w[4][13][30]                                                     ; Merged with w[10][13][30]                                                   ;
; w[5][13][30]                                                     ; Merged with w[10][13][30]                                                   ;
; w[6][13][30]                                                     ; Merged with w[10][13][30]                                                   ;
; w[7][13][30]                                                     ; Merged with w[10][13][30]                                                   ;
; w[8][13][30]                                                     ; Merged with w[10][13][30]                                                   ;
; w[9][13][30]                                                     ; Merged with w[10][13][30]                                                   ;
; w[11][12][30]                                                    ; Merged with w[10][12][30]                                                   ;
; w[12][12][30]                                                    ; Merged with w[10][12][30]                                                   ;
; w[13][12][30]                                                    ; Merged with w[10][12][30]                                                   ;
; w[14][12][30]                                                    ; Merged with w[10][12][30]                                                   ;
; w[15][12][30]                                                    ; Merged with w[10][12][30]                                                   ;
; w[1][12][30]                                                     ; Merged with w[10][12][30]                                                   ;
; w[2][12][30]                                                     ; Merged with w[10][12][30]                                                   ;
; w[3][12][30]                                                     ; Merged with w[10][12][30]                                                   ;
; w[4][12][30]                                                     ; Merged with w[10][12][30]                                                   ;
; w[5][12][30]                                                     ; Merged with w[10][12][30]                                                   ;
; w[6][12][30]                                                     ; Merged with w[10][12][30]                                                   ;
; w[7][12][30]                                                     ; Merged with w[10][12][30]                                                   ;
; w[8][12][30]                                                     ; Merged with w[10][12][30]                                                   ;
; w[9][12][30]                                                     ; Merged with w[10][12][30]                                                   ;
; w[11][11][30]                                                    ; Merged with w[10][11][30]                                                   ;
; w[12][11][30]                                                    ; Merged with w[10][11][30]                                                   ;
; w[13][11][30]                                                    ; Merged with w[10][11][30]                                                   ;
; w[14][11][30]                                                    ; Merged with w[10][11][30]                                                   ;
; w[15][11][30]                                                    ; Merged with w[10][11][30]                                                   ;
; w[1][11][30]                                                     ; Merged with w[10][11][30]                                                   ;
; w[2][11][30]                                                     ; Merged with w[10][11][30]                                                   ;
; w[3][11][30]                                                     ; Merged with w[10][11][30]                                                   ;
; w[4][11][30]                                                     ; Merged with w[10][11][30]                                                   ;
; w[5][11][30]                                                     ; Merged with w[10][11][30]                                                   ;
; w[6][11][30]                                                     ; Merged with w[10][11][30]                                                   ;
; w[7][11][30]                                                     ; Merged with w[10][11][30]                                                   ;
; w[8][11][30]                                                     ; Merged with w[10][11][30]                                                   ;
; w[9][11][30]                                                     ; Merged with w[10][11][30]                                                   ;
; w[11][10][30]                                                    ; Merged with w[10][10][30]                                                   ;
; w[12][10][30]                                                    ; Merged with w[10][10][30]                                                   ;
; w[13][10][30]                                                    ; Merged with w[10][10][30]                                                   ;
; w[14][10][30]                                                    ; Merged with w[10][10][30]                                                   ;
; w[15][10][30]                                                    ; Merged with w[10][10][30]                                                   ;
; w[1][10][30]                                                     ; Merged with w[10][10][30]                                                   ;
; w[2][10][30]                                                     ; Merged with w[10][10][30]                                                   ;
; w[3][10][30]                                                     ; Merged with w[10][10][30]                                                   ;
; w[4][10][30]                                                     ; Merged with w[10][10][30]                                                   ;
; w[5][10][30]                                                     ; Merged with w[10][10][30]                                                   ;
; w[6][10][30]                                                     ; Merged with w[10][10][30]                                                   ;
; w[7][10][30]                                                     ; Merged with w[10][10][30]                                                   ;
; w[8][10][30]                                                     ; Merged with w[10][10][30]                                                   ;
; w[9][10][30]                                                     ; Merged with w[10][10][30]                                                   ;
; w[11][9][30]                                                     ; Merged with w[10][9][30]                                                    ;
; w[12][9][30]                                                     ; Merged with w[10][9][30]                                                    ;
; w[13][9][30]                                                     ; Merged with w[10][9][30]                                                    ;
; w[14][9][30]                                                     ; Merged with w[10][9][30]                                                    ;
; w[15][9][30]                                                     ; Merged with w[10][9][30]                                                    ;
; w[1][9][30]                                                      ; Merged with w[10][9][30]                                                    ;
; w[2][9][30]                                                      ; Merged with w[10][9][30]                                                    ;
; w[3][9][30]                                                      ; Merged with w[10][9][30]                                                    ;
; w[4][9][30]                                                      ; Merged with w[10][9][30]                                                    ;
; w[5][9][30]                                                      ; Merged with w[10][9][30]                                                    ;
; w[6][9][30]                                                      ; Merged with w[10][9][30]                                                    ;
; w[7][9][30]                                                      ; Merged with w[10][9][30]                                                    ;
; w[8][9][30]                                                      ; Merged with w[10][9][30]                                                    ;
; w[9][9][30]                                                      ; Merged with w[10][9][30]                                                    ;
; w[11][8][30]                                                     ; Merged with w[10][8][30]                                                    ;
; w[12][8][30]                                                     ; Merged with w[10][8][30]                                                    ;
; w[13][8][30]                                                     ; Merged with w[10][8][30]                                                    ;
; w[14][8][30]                                                     ; Merged with w[10][8][30]                                                    ;
; w[15][8][30]                                                     ; Merged with w[10][8][30]                                                    ;
; w[1][8][30]                                                      ; Merged with w[10][8][30]                                                    ;
; w[2][8][30]                                                      ; Merged with w[10][8][30]                                                    ;
; w[3][8][30]                                                      ; Merged with w[10][8][30]                                                    ;
; w[4][8][30]                                                      ; Merged with w[10][8][30]                                                    ;
; w[5][8][30]                                                      ; Merged with w[10][8][30]                                                    ;
; w[6][8][30]                                                      ; Merged with w[10][8][30]                                                    ;
; w[7][8][30]                                                      ; Merged with w[10][8][30]                                                    ;
; w[8][8][30]                                                      ; Merged with w[10][8][30]                                                    ;
; w[9][8][30]                                                      ; Merged with w[10][8][30]                                                    ;
; w[11][15][29]                                                    ; Merged with w[10][15][29]                                                   ;
; w[12][15][29]                                                    ; Merged with w[10][15][29]                                                   ;
; w[13][15][29]                                                    ; Merged with w[10][15][29]                                                   ;
; w[14][15][29]                                                    ; Merged with w[10][15][29]                                                   ;
; w[15][15][29]                                                    ; Merged with w[10][15][29]                                                   ;
; w[1][15][29]                                                     ; Merged with w[10][15][29]                                                   ;
; w[2][15][29]                                                     ; Merged with w[10][15][29]                                                   ;
; w[3][15][29]                                                     ; Merged with w[10][15][29]                                                   ;
; w[4][15][29]                                                     ; Merged with w[10][15][29]                                                   ;
; w[5][15][29]                                                     ; Merged with w[10][15][29]                                                   ;
; w[6][15][29]                                                     ; Merged with w[10][15][29]                                                   ;
; w[7][15][29]                                                     ; Merged with w[10][15][29]                                                   ;
; w[8][15][29]                                                     ; Merged with w[10][15][29]                                                   ;
; w[9][15][29]                                                     ; Merged with w[10][15][29]                                                   ;
; w[11][14][29]                                                    ; Merged with w[10][14][29]                                                   ;
; w[12][14][29]                                                    ; Merged with w[10][14][29]                                                   ;
; w[13][14][29]                                                    ; Merged with w[10][14][29]                                                   ;
; w[14][14][29]                                                    ; Merged with w[10][14][29]                                                   ;
; w[15][14][29]                                                    ; Merged with w[10][14][29]                                                   ;
; w[1][14][29]                                                     ; Merged with w[10][14][29]                                                   ;
; w[2][14][29]                                                     ; Merged with w[10][14][29]                                                   ;
; w[3][14][29]                                                     ; Merged with w[10][14][29]                                                   ;
; w[4][14][29]                                                     ; Merged with w[10][14][29]                                                   ;
; w[5][14][29]                                                     ; Merged with w[10][14][29]                                                   ;
; w[6][14][29]                                                     ; Merged with w[10][14][29]                                                   ;
; w[7][14][29]                                                     ; Merged with w[10][14][29]                                                   ;
; w[8][14][29]                                                     ; Merged with w[10][14][29]                                                   ;
; w[9][14][29]                                                     ; Merged with w[10][14][29]                                                   ;
; w[11][13][29]                                                    ; Merged with w[10][13][29]                                                   ;
; w[12][13][29]                                                    ; Merged with w[10][13][29]                                                   ;
; w[13][13][29]                                                    ; Merged with w[10][13][29]                                                   ;
; w[14][13][29]                                                    ; Merged with w[10][13][29]                                                   ;
; w[15][13][29]                                                    ; Merged with w[10][13][29]                                                   ;
; w[1][13][29]                                                     ; Merged with w[10][13][29]                                                   ;
; w[2][13][29]                                                     ; Merged with w[10][13][29]                                                   ;
; w[3][13][29]                                                     ; Merged with w[10][13][29]                                                   ;
; w[4][13][29]                                                     ; Merged with w[10][13][29]                                                   ;
; w[5][13][29]                                                     ; Merged with w[10][13][29]                                                   ;
; w[6][13][29]                                                     ; Merged with w[10][13][29]                                                   ;
; w[7][13][29]                                                     ; Merged with w[10][13][29]                                                   ;
; w[8][13][29]                                                     ; Merged with w[10][13][29]                                                   ;
; w[9][13][29]                                                     ; Merged with w[10][13][29]                                                   ;
; w[11][12][29]                                                    ; Merged with w[10][12][29]                                                   ;
; w[12][12][29]                                                    ; Merged with w[10][12][29]                                                   ;
; w[13][12][29]                                                    ; Merged with w[10][12][29]                                                   ;
; w[14][12][29]                                                    ; Merged with w[10][12][29]                                                   ;
; w[15][12][29]                                                    ; Merged with w[10][12][29]                                                   ;
; w[1][12][29]                                                     ; Merged with w[10][12][29]                                                   ;
; w[2][12][29]                                                     ; Merged with w[10][12][29]                                                   ;
; w[3][12][29]                                                     ; Merged with w[10][12][29]                                                   ;
; w[4][12][29]                                                     ; Merged with w[10][12][29]                                                   ;
; w[5][12][29]                                                     ; Merged with w[10][12][29]                                                   ;
; w[6][12][29]                                                     ; Merged with w[10][12][29]                                                   ;
; w[7][12][29]                                                     ; Merged with w[10][12][29]                                                   ;
; w[8][12][29]                                                     ; Merged with w[10][12][29]                                                   ;
; w[9][12][29]                                                     ; Merged with w[10][12][29]                                                   ;
; w[11][11][29]                                                    ; Merged with w[10][11][29]                                                   ;
; w[12][11][29]                                                    ; Merged with w[10][11][29]                                                   ;
; w[13][11][29]                                                    ; Merged with w[10][11][29]                                                   ;
; w[14][11][29]                                                    ; Merged with w[10][11][29]                                                   ;
; w[15][11][29]                                                    ; Merged with w[10][11][29]                                                   ;
; w[1][11][29]                                                     ; Merged with w[10][11][29]                                                   ;
; w[2][11][29]                                                     ; Merged with w[10][11][29]                                                   ;
; w[3][11][29]                                                     ; Merged with w[10][11][29]                                                   ;
; w[4][11][29]                                                     ; Merged with w[10][11][29]                                                   ;
; w[5][11][29]                                                     ; Merged with w[10][11][29]                                                   ;
; w[6][11][29]                                                     ; Merged with w[10][11][29]                                                   ;
; w[7][11][29]                                                     ; Merged with w[10][11][29]                                                   ;
; w[8][11][29]                                                     ; Merged with w[10][11][29]                                                   ;
; w[9][11][29]                                                     ; Merged with w[10][11][29]                                                   ;
; w[11][10][29]                                                    ; Merged with w[10][10][29]                                                   ;
; w[12][10][29]                                                    ; Merged with w[10][10][29]                                                   ;
; w[13][10][29]                                                    ; Merged with w[10][10][29]                                                   ;
; w[14][10][29]                                                    ; Merged with w[10][10][29]                                                   ;
; w[15][10][29]                                                    ; Merged with w[10][10][29]                                                   ;
; w[1][10][29]                                                     ; Merged with w[10][10][29]                                                   ;
; w[2][10][29]                                                     ; Merged with w[10][10][29]                                                   ;
; w[3][10][29]                                                     ; Merged with w[10][10][29]                                                   ;
; w[4][10][29]                                                     ; Merged with w[10][10][29]                                                   ;
; w[5][10][29]                                                     ; Merged with w[10][10][29]                                                   ;
; w[6][10][29]                                                     ; Merged with w[10][10][29]                                                   ;
; w[7][10][29]                                                     ; Merged with w[10][10][29]                                                   ;
; w[8][10][29]                                                     ; Merged with w[10][10][29]                                                   ;
; w[9][10][29]                                                     ; Merged with w[10][10][29]                                                   ;
; w[11][9][29]                                                     ; Merged with w[10][9][29]                                                    ;
; w[12][9][29]                                                     ; Merged with w[10][9][29]                                                    ;
; w[13][9][29]                                                     ; Merged with w[10][9][29]                                                    ;
; w[14][9][29]                                                     ; Merged with w[10][9][29]                                                    ;
; w[15][9][29]                                                     ; Merged with w[10][9][29]                                                    ;
; w[1][9][29]                                                      ; Merged with w[10][9][29]                                                    ;
; w[2][9][29]                                                      ; Merged with w[10][9][29]                                                    ;
; w[3][9][29]                                                      ; Merged with w[10][9][29]                                                    ;
; w[4][9][29]                                                      ; Merged with w[10][9][29]                                                    ;
; w[5][9][29]                                                      ; Merged with w[10][9][29]                                                    ;
; w[6][9][29]                                                      ; Merged with w[10][9][29]                                                    ;
; w[7][9][29]                                                      ; Merged with w[10][9][29]                                                    ;
; w[8][9][29]                                                      ; Merged with w[10][9][29]                                                    ;
; w[9][9][29]                                                      ; Merged with w[10][9][29]                                                    ;
; w[11][8][29]                                                     ; Merged with w[10][8][29]                                                    ;
; w[12][8][29]                                                     ; Merged with w[10][8][29]                                                    ;
; w[13][8][29]                                                     ; Merged with w[10][8][29]                                                    ;
; w[14][8][29]                                                     ; Merged with w[10][8][29]                                                    ;
; w[15][8][29]                                                     ; Merged with w[10][8][29]                                                    ;
; w[1][8][29]                                                      ; Merged with w[10][8][29]                                                    ;
; w[2][8][29]                                                      ; Merged with w[10][8][29]                                                    ;
; w[3][8][29]                                                      ; Merged with w[10][8][29]                                                    ;
; w[4][8][29]                                                      ; Merged with w[10][8][29]                                                    ;
; w[5][8][29]                                                      ; Merged with w[10][8][29]                                                    ;
; w[6][8][29]                                                      ; Merged with w[10][8][29]                                                    ;
; w[7][8][29]                                                      ; Merged with w[10][8][29]                                                    ;
; w[8][8][29]                                                      ; Merged with w[10][8][29]                                                    ;
; w[9][8][29]                                                      ; Merged with w[10][8][29]                                                    ;
; w[11][15][28]                                                    ; Merged with w[10][15][28]                                                   ;
; w[12][15][28]                                                    ; Merged with w[10][15][28]                                                   ;
; w[13][15][28]                                                    ; Merged with w[10][15][28]                                                   ;
; w[14][15][28]                                                    ; Merged with w[10][15][28]                                                   ;
; w[15][15][28]                                                    ; Merged with w[10][15][28]                                                   ;
; w[1][15][28]                                                     ; Merged with w[10][15][28]                                                   ;
; w[2][15][28]                                                     ; Merged with w[10][15][28]                                                   ;
; w[3][15][28]                                                     ; Merged with w[10][15][28]                                                   ;
; w[4][15][28]                                                     ; Merged with w[10][15][28]                                                   ;
; w[5][15][28]                                                     ; Merged with w[10][15][28]                                                   ;
; w[6][15][28]                                                     ; Merged with w[10][15][28]                                                   ;
; w[7][15][28]                                                     ; Merged with w[10][15][28]                                                   ;
; w[8][15][28]                                                     ; Merged with w[10][15][28]                                                   ;
; w[9][15][28]                                                     ; Merged with w[10][15][28]                                                   ;
; w[11][14][28]                                                    ; Merged with w[10][14][28]                                                   ;
; w[12][14][28]                                                    ; Merged with w[10][14][28]                                                   ;
; w[13][14][28]                                                    ; Merged with w[10][14][28]                                                   ;
; w[14][14][28]                                                    ; Merged with w[10][14][28]                                                   ;
; w[15][14][28]                                                    ; Merged with w[10][14][28]                                                   ;
; w[1][14][28]                                                     ; Merged with w[10][14][28]                                                   ;
; w[2][14][28]                                                     ; Merged with w[10][14][28]                                                   ;
; w[3][14][28]                                                     ; Merged with w[10][14][28]                                                   ;
; w[4][14][28]                                                     ; Merged with w[10][14][28]                                                   ;
; w[5][14][28]                                                     ; Merged with w[10][14][28]                                                   ;
; w[6][14][28]                                                     ; Merged with w[10][14][28]                                                   ;
; w[7][14][28]                                                     ; Merged with w[10][14][28]                                                   ;
; w[8][14][28]                                                     ; Merged with w[10][14][28]                                                   ;
; w[9][14][28]                                                     ; Merged with w[10][14][28]                                                   ;
; w[11][13][28]                                                    ; Merged with w[10][13][28]                                                   ;
; w[12][13][28]                                                    ; Merged with w[10][13][28]                                                   ;
; w[13][13][28]                                                    ; Merged with w[10][13][28]                                                   ;
; w[14][13][28]                                                    ; Merged with w[10][13][28]                                                   ;
; w[15][13][28]                                                    ; Merged with w[10][13][28]                                                   ;
; w[1][13][28]                                                     ; Merged with w[10][13][28]                                                   ;
; w[2][13][28]                                                     ; Merged with w[10][13][28]                                                   ;
; w[3][13][28]                                                     ; Merged with w[10][13][28]                                                   ;
; w[4][13][28]                                                     ; Merged with w[10][13][28]                                                   ;
; w[5][13][28]                                                     ; Merged with w[10][13][28]                                                   ;
; w[6][13][28]                                                     ; Merged with w[10][13][28]                                                   ;
; w[7][13][28]                                                     ; Merged with w[10][13][28]                                                   ;
; w[8][13][28]                                                     ; Merged with w[10][13][28]                                                   ;
; w[9][13][28]                                                     ; Merged with w[10][13][28]                                                   ;
; w[11][12][28]                                                    ; Merged with w[10][12][28]                                                   ;
; w[12][12][28]                                                    ; Merged with w[10][12][28]                                                   ;
; w[13][12][28]                                                    ; Merged with w[10][12][28]                                                   ;
; w[14][12][28]                                                    ; Merged with w[10][12][28]                                                   ;
; w[15][12][28]                                                    ; Merged with w[10][12][28]                                                   ;
; w[1][12][28]                                                     ; Merged with w[10][12][28]                                                   ;
; w[2][12][28]                                                     ; Merged with w[10][12][28]                                                   ;
; w[3][12][28]                                                     ; Merged with w[10][12][28]                                                   ;
; w[4][12][28]                                                     ; Merged with w[10][12][28]                                                   ;
; w[5][12][28]                                                     ; Merged with w[10][12][28]                                                   ;
; w[6][12][28]                                                     ; Merged with w[10][12][28]                                                   ;
; w[7][12][28]                                                     ; Merged with w[10][12][28]                                                   ;
; w[8][12][28]                                                     ; Merged with w[10][12][28]                                                   ;
; w[9][12][28]                                                     ; Merged with w[10][12][28]                                                   ;
; w[11][11][28]                                                    ; Merged with w[10][11][28]                                                   ;
; w[12][11][28]                                                    ; Merged with w[10][11][28]                                                   ;
; w[13][11][28]                                                    ; Merged with w[10][11][28]                                                   ;
; w[14][11][28]                                                    ; Merged with w[10][11][28]                                                   ;
; w[15][11][28]                                                    ; Merged with w[10][11][28]                                                   ;
; w[1][11][28]                                                     ; Merged with w[10][11][28]                                                   ;
; w[2][11][28]                                                     ; Merged with w[10][11][28]                                                   ;
; w[3][11][28]                                                     ; Merged with w[10][11][28]                                                   ;
; w[4][11][28]                                                     ; Merged with w[10][11][28]                                                   ;
; w[5][11][28]                                                     ; Merged with w[10][11][28]                                                   ;
; w[6][11][28]                                                     ; Merged with w[10][11][28]                                                   ;
; w[7][11][28]                                                     ; Merged with w[10][11][28]                                                   ;
; w[8][11][28]                                                     ; Merged with w[10][11][28]                                                   ;
; w[9][11][28]                                                     ; Merged with w[10][11][28]                                                   ;
; w[11][10][28]                                                    ; Merged with w[10][10][28]                                                   ;
; w[12][10][28]                                                    ; Merged with w[10][10][28]                                                   ;
; w[13][10][28]                                                    ; Merged with w[10][10][28]                                                   ;
; w[14][10][28]                                                    ; Merged with w[10][10][28]                                                   ;
; w[15][10][28]                                                    ; Merged with w[10][10][28]                                                   ;
; w[1][10][28]                                                     ; Merged with w[10][10][28]                                                   ;
; w[2][10][28]                                                     ; Merged with w[10][10][28]                                                   ;
; w[3][10][28]                                                     ; Merged with w[10][10][28]                                                   ;
; w[4][10][28]                                                     ; Merged with w[10][10][28]                                                   ;
; w[5][10][28]                                                     ; Merged with w[10][10][28]                                                   ;
; w[6][10][28]                                                     ; Merged with w[10][10][28]                                                   ;
; w[7][10][28]                                                     ; Merged with w[10][10][28]                                                   ;
; w[8][10][28]                                                     ; Merged with w[10][10][28]                                                   ;
; w[9][10][28]                                                     ; Merged with w[10][10][28]                                                   ;
; w[11][9][28]                                                     ; Merged with w[10][9][28]                                                    ;
; w[12][9][28]                                                     ; Merged with w[10][9][28]                                                    ;
; w[13][9][28]                                                     ; Merged with w[10][9][28]                                                    ;
; w[14][9][28]                                                     ; Merged with w[10][9][28]                                                    ;
; w[15][9][28]                                                     ; Merged with w[10][9][28]                                                    ;
; w[1][9][28]                                                      ; Merged with w[10][9][28]                                                    ;
; w[2][9][28]                                                      ; Merged with w[10][9][28]                                                    ;
; w[3][9][28]                                                      ; Merged with w[10][9][28]                                                    ;
; w[4][9][28]                                                      ; Merged with w[10][9][28]                                                    ;
; w[5][9][28]                                                      ; Merged with w[10][9][28]                                                    ;
; w[6][9][28]                                                      ; Merged with w[10][9][28]                                                    ;
; w[7][9][28]                                                      ; Merged with w[10][9][28]                                                    ;
; w[8][9][28]                                                      ; Merged with w[10][9][28]                                                    ;
; w[9][9][28]                                                      ; Merged with w[10][9][28]                                                    ;
; w[11][8][28]                                                     ; Merged with w[10][8][28]                                                    ;
; w[12][8][28]                                                     ; Merged with w[10][8][28]                                                    ;
; w[13][8][28]                                                     ; Merged with w[10][8][28]                                                    ;
; w[14][8][28]                                                     ; Merged with w[10][8][28]                                                    ;
; w[15][8][28]                                                     ; Merged with w[10][8][28]                                                    ;
; w[1][8][28]                                                      ; Merged with w[10][8][28]                                                    ;
; w[2][8][28]                                                      ; Merged with w[10][8][28]                                                    ;
; w[3][8][28]                                                      ; Merged with w[10][8][28]                                                    ;
; w[4][8][28]                                                      ; Merged with w[10][8][28]                                                    ;
; w[5][8][28]                                                      ; Merged with w[10][8][28]                                                    ;
; w[6][8][28]                                                      ; Merged with w[10][8][28]                                                    ;
; w[7][8][28]                                                      ; Merged with w[10][8][28]                                                    ;
; w[8][8][28]                                                      ; Merged with w[10][8][28]                                                    ;
; w[9][8][28]                                                      ; Merged with w[10][8][28]                                                    ;
; w[11][15][27]                                                    ; Merged with w[10][15][27]                                                   ;
; w[12][15][27]                                                    ; Merged with w[10][15][27]                                                   ;
; w[13][15][27]                                                    ; Merged with w[10][15][27]                                                   ;
; w[14][15][27]                                                    ; Merged with w[10][15][27]                                                   ;
; w[15][15][27]                                                    ; Merged with w[10][15][27]                                                   ;
; w[1][15][27]                                                     ; Merged with w[10][15][27]                                                   ;
; w[2][15][27]                                                     ; Merged with w[10][15][27]                                                   ;
; w[3][15][27]                                                     ; Merged with w[10][15][27]                                                   ;
; w[4][15][27]                                                     ; Merged with w[10][15][27]                                                   ;
; w[5][15][27]                                                     ; Merged with w[10][15][27]                                                   ;
; w[6][15][27]                                                     ; Merged with w[10][15][27]                                                   ;
; w[7][15][27]                                                     ; Merged with w[10][15][27]                                                   ;
; w[8][15][27]                                                     ; Merged with w[10][15][27]                                                   ;
; w[9][15][27]                                                     ; Merged with w[10][15][27]                                                   ;
; w[11][14][27]                                                    ; Merged with w[10][14][27]                                                   ;
; w[12][14][27]                                                    ; Merged with w[10][14][27]                                                   ;
; w[13][14][27]                                                    ; Merged with w[10][14][27]                                                   ;
; w[14][14][27]                                                    ; Merged with w[10][14][27]                                                   ;
; w[15][14][27]                                                    ; Merged with w[10][14][27]                                                   ;
; w[1][14][27]                                                     ; Merged with w[10][14][27]                                                   ;
; w[2][14][27]                                                     ; Merged with w[10][14][27]                                                   ;
; w[3][14][27]                                                     ; Merged with w[10][14][27]                                                   ;
; w[4][14][27]                                                     ; Merged with w[10][14][27]                                                   ;
; w[5][14][27]                                                     ; Merged with w[10][14][27]                                                   ;
; w[6][14][27]                                                     ; Merged with w[10][14][27]                                                   ;
; w[7][14][27]                                                     ; Merged with w[10][14][27]                                                   ;
; w[8][14][27]                                                     ; Merged with w[10][14][27]                                                   ;
; w[9][14][27]                                                     ; Merged with w[10][14][27]                                                   ;
; w[11][13][27]                                                    ; Merged with w[10][13][27]                                                   ;
; w[12][13][27]                                                    ; Merged with w[10][13][27]                                                   ;
; w[13][13][27]                                                    ; Merged with w[10][13][27]                                                   ;
; w[14][13][27]                                                    ; Merged with w[10][13][27]                                                   ;
; w[15][13][27]                                                    ; Merged with w[10][13][27]                                                   ;
; w[1][13][27]                                                     ; Merged with w[10][13][27]                                                   ;
; w[2][13][27]                                                     ; Merged with w[10][13][27]                                                   ;
; w[3][13][27]                                                     ; Merged with w[10][13][27]                                                   ;
; w[4][13][27]                                                     ; Merged with w[10][13][27]                                                   ;
; w[5][13][27]                                                     ; Merged with w[10][13][27]                                                   ;
; w[6][13][27]                                                     ; Merged with w[10][13][27]                                                   ;
; w[7][13][27]                                                     ; Merged with w[10][13][27]                                                   ;
; w[8][13][27]                                                     ; Merged with w[10][13][27]                                                   ;
; w[9][13][27]                                                     ; Merged with w[10][13][27]                                                   ;
; w[11][12][27]                                                    ; Merged with w[10][12][27]                                                   ;
; w[12][12][27]                                                    ; Merged with w[10][12][27]                                                   ;
; w[13][12][27]                                                    ; Merged with w[10][12][27]                                                   ;
; w[14][12][27]                                                    ; Merged with w[10][12][27]                                                   ;
; w[15][12][27]                                                    ; Merged with w[10][12][27]                                                   ;
; w[1][12][27]                                                     ; Merged with w[10][12][27]                                                   ;
; w[2][12][27]                                                     ; Merged with w[10][12][27]                                                   ;
; w[3][12][27]                                                     ; Merged with w[10][12][27]                                                   ;
; w[4][12][27]                                                     ; Merged with w[10][12][27]                                                   ;
; w[5][12][27]                                                     ; Merged with w[10][12][27]                                                   ;
; w[6][12][27]                                                     ; Merged with w[10][12][27]                                                   ;
; w[7][12][27]                                                     ; Merged with w[10][12][27]                                                   ;
; w[8][12][27]                                                     ; Merged with w[10][12][27]                                                   ;
; w[9][12][27]                                                     ; Merged with w[10][12][27]                                                   ;
; w[11][11][27]                                                    ; Merged with w[10][11][27]                                                   ;
; w[12][11][27]                                                    ; Merged with w[10][11][27]                                                   ;
; w[13][11][27]                                                    ; Merged with w[10][11][27]                                                   ;
; w[14][11][27]                                                    ; Merged with w[10][11][27]                                                   ;
; w[15][11][27]                                                    ; Merged with w[10][11][27]                                                   ;
; w[1][11][27]                                                     ; Merged with w[10][11][27]                                                   ;
; w[2][11][27]                                                     ; Merged with w[10][11][27]                                                   ;
; w[3][11][27]                                                     ; Merged with w[10][11][27]                                                   ;
; w[4][11][27]                                                     ; Merged with w[10][11][27]                                                   ;
; w[5][11][27]                                                     ; Merged with w[10][11][27]                                                   ;
; w[6][11][27]                                                     ; Merged with w[10][11][27]                                                   ;
; w[7][11][27]                                                     ; Merged with w[10][11][27]                                                   ;
; w[8][11][27]                                                     ; Merged with w[10][11][27]                                                   ;
; w[9][11][27]                                                     ; Merged with w[10][11][27]                                                   ;
; w[11][10][27]                                                    ; Merged with w[10][10][27]                                                   ;
; w[12][10][27]                                                    ; Merged with w[10][10][27]                                                   ;
; w[13][10][27]                                                    ; Merged with w[10][10][27]                                                   ;
; w[14][10][27]                                                    ; Merged with w[10][10][27]                                                   ;
; w[15][10][27]                                                    ; Merged with w[10][10][27]                                                   ;
; w[1][10][27]                                                     ; Merged with w[10][10][27]                                                   ;
; w[2][10][27]                                                     ; Merged with w[10][10][27]                                                   ;
; w[3][10][27]                                                     ; Merged with w[10][10][27]                                                   ;
; w[4][10][27]                                                     ; Merged with w[10][10][27]                                                   ;
; w[5][10][27]                                                     ; Merged with w[10][10][27]                                                   ;
; w[6][10][27]                                                     ; Merged with w[10][10][27]                                                   ;
; w[7][10][27]                                                     ; Merged with w[10][10][27]                                                   ;
; w[8][10][27]                                                     ; Merged with w[10][10][27]                                                   ;
; w[9][10][27]                                                     ; Merged with w[10][10][27]                                                   ;
; w[11][9][27]                                                     ; Merged with w[10][9][27]                                                    ;
; w[12][9][27]                                                     ; Merged with w[10][9][27]                                                    ;
; w[13][9][27]                                                     ; Merged with w[10][9][27]                                                    ;
; w[14][9][27]                                                     ; Merged with w[10][9][27]                                                    ;
; w[15][9][27]                                                     ; Merged with w[10][9][27]                                                    ;
; w[1][9][27]                                                      ; Merged with w[10][9][27]                                                    ;
; w[2][9][27]                                                      ; Merged with w[10][9][27]                                                    ;
; w[3][9][27]                                                      ; Merged with w[10][9][27]                                                    ;
; w[4][9][27]                                                      ; Merged with w[10][9][27]                                                    ;
; w[5][9][27]                                                      ; Merged with w[10][9][27]                                                    ;
; w[6][9][27]                                                      ; Merged with w[10][9][27]                                                    ;
; w[7][9][27]                                                      ; Merged with w[10][9][27]                                                    ;
; w[8][9][27]                                                      ; Merged with w[10][9][27]                                                    ;
; w[9][9][27]                                                      ; Merged with w[10][9][27]                                                    ;
; w[11][8][27]                                                     ; Merged with w[10][8][27]                                                    ;
; w[12][8][27]                                                     ; Merged with w[10][8][27]                                                    ;
; w[13][8][27]                                                     ; Merged with w[10][8][27]                                                    ;
; w[14][8][27]                                                     ; Merged with w[10][8][27]                                                    ;
; w[15][8][27]                                                     ; Merged with w[10][8][27]                                                    ;
; w[1][8][27]                                                      ; Merged with w[10][8][27]                                                    ;
; w[2][8][27]                                                      ; Merged with w[10][8][27]                                                    ;
; w[3][8][27]                                                      ; Merged with w[10][8][27]                                                    ;
; w[4][8][27]                                                      ; Merged with w[10][8][27]                                                    ;
; w[5][8][27]                                                      ; Merged with w[10][8][27]                                                    ;
; w[6][8][27]                                                      ; Merged with w[10][8][27]                                                    ;
; w[7][8][27]                                                      ; Merged with w[10][8][27]                                                    ;
; w[8][8][27]                                                      ; Merged with w[10][8][27]                                                    ;
; w[9][8][27]                                                      ; Merged with w[10][8][27]                                                    ;
; w[11][15][26]                                                    ; Merged with w[10][15][26]                                                   ;
; w[12][15][26]                                                    ; Merged with w[10][15][26]                                                   ;
; w[13][15][26]                                                    ; Merged with w[10][15][26]                                                   ;
; w[14][15][26]                                                    ; Merged with w[10][15][26]                                                   ;
; w[15][15][26]                                                    ; Merged with w[10][15][26]                                                   ;
; w[1][15][26]                                                     ; Merged with w[10][15][26]                                                   ;
; w[2][15][26]                                                     ; Merged with w[10][15][26]                                                   ;
; w[3][15][26]                                                     ; Merged with w[10][15][26]                                                   ;
; w[4][15][26]                                                     ; Merged with w[10][15][26]                                                   ;
; w[5][15][26]                                                     ; Merged with w[10][15][26]                                                   ;
; w[6][15][26]                                                     ; Merged with w[10][15][26]                                                   ;
; w[7][15][26]                                                     ; Merged with w[10][15][26]                                                   ;
; w[8][15][26]                                                     ; Merged with w[10][15][26]                                                   ;
; w[9][15][26]                                                     ; Merged with w[10][15][26]                                                   ;
; w[11][14][26]                                                    ; Merged with w[10][14][26]                                                   ;
; w[12][14][26]                                                    ; Merged with w[10][14][26]                                                   ;
; w[13][14][26]                                                    ; Merged with w[10][14][26]                                                   ;
; w[14][14][26]                                                    ; Merged with w[10][14][26]                                                   ;
; w[15][14][26]                                                    ; Merged with w[10][14][26]                                                   ;
; w[1][14][26]                                                     ; Merged with w[10][14][26]                                                   ;
; w[2][14][26]                                                     ; Merged with w[10][14][26]                                                   ;
; w[3][14][26]                                                     ; Merged with w[10][14][26]                                                   ;
; w[4][14][26]                                                     ; Merged with w[10][14][26]                                                   ;
; w[5][14][26]                                                     ; Merged with w[10][14][26]                                                   ;
; w[6][14][26]                                                     ; Merged with w[10][14][26]                                                   ;
; w[7][14][26]                                                     ; Merged with w[10][14][26]                                                   ;
; w[8][14][26]                                                     ; Merged with w[10][14][26]                                                   ;
; w[9][14][26]                                                     ; Merged with w[10][14][26]                                                   ;
; w[11][13][26]                                                    ; Merged with w[10][13][26]                                                   ;
; w[12][13][26]                                                    ; Merged with w[10][13][26]                                                   ;
; w[13][13][26]                                                    ; Merged with w[10][13][26]                                                   ;
; w[14][13][26]                                                    ; Merged with w[10][13][26]                                                   ;
; w[15][13][26]                                                    ; Merged with w[10][13][26]                                                   ;
; w[1][13][26]                                                     ; Merged with w[10][13][26]                                                   ;
; w[2][13][26]                                                     ; Merged with w[10][13][26]                                                   ;
; w[3][13][26]                                                     ; Merged with w[10][13][26]                                                   ;
; w[4][13][26]                                                     ; Merged with w[10][13][26]                                                   ;
; w[5][13][26]                                                     ; Merged with w[10][13][26]                                                   ;
; w[6][13][26]                                                     ; Merged with w[10][13][26]                                                   ;
; w[7][13][26]                                                     ; Merged with w[10][13][26]                                                   ;
; w[8][13][26]                                                     ; Merged with w[10][13][26]                                                   ;
; w[9][13][26]                                                     ; Merged with w[10][13][26]                                                   ;
; w[11][12][26]                                                    ; Merged with w[10][12][26]                                                   ;
; w[12][12][26]                                                    ; Merged with w[10][12][26]                                                   ;
; w[13][12][26]                                                    ; Merged with w[10][12][26]                                                   ;
; w[14][12][26]                                                    ; Merged with w[10][12][26]                                                   ;
; w[15][12][26]                                                    ; Merged with w[10][12][26]                                                   ;
; w[1][12][26]                                                     ; Merged with w[10][12][26]                                                   ;
; w[2][12][26]                                                     ; Merged with w[10][12][26]                                                   ;
; w[3][12][26]                                                     ; Merged with w[10][12][26]                                                   ;
; w[4][12][26]                                                     ; Merged with w[10][12][26]                                                   ;
; w[5][12][26]                                                     ; Merged with w[10][12][26]                                                   ;
; w[6][12][26]                                                     ; Merged with w[10][12][26]                                                   ;
; w[7][12][26]                                                     ; Merged with w[10][12][26]                                                   ;
; w[8][12][26]                                                     ; Merged with w[10][12][26]                                                   ;
; w[9][12][26]                                                     ; Merged with w[10][12][26]                                                   ;
; w[11][11][26]                                                    ; Merged with w[10][11][26]                                                   ;
; w[12][11][26]                                                    ; Merged with w[10][11][26]                                                   ;
; w[13][11][26]                                                    ; Merged with w[10][11][26]                                                   ;
; w[14][11][26]                                                    ; Merged with w[10][11][26]                                                   ;
; w[15][11][26]                                                    ; Merged with w[10][11][26]                                                   ;
; w[1][11][26]                                                     ; Merged with w[10][11][26]                                                   ;
; w[2][11][26]                                                     ; Merged with w[10][11][26]                                                   ;
; w[3][11][26]                                                     ; Merged with w[10][11][26]                                                   ;
; w[4][11][26]                                                     ; Merged with w[10][11][26]                                                   ;
; w[5][11][26]                                                     ; Merged with w[10][11][26]                                                   ;
; w[6][11][26]                                                     ; Merged with w[10][11][26]                                                   ;
; w[7][11][26]                                                     ; Merged with w[10][11][26]                                                   ;
; w[8][11][26]                                                     ; Merged with w[10][11][26]                                                   ;
; w[9][11][26]                                                     ; Merged with w[10][11][26]                                                   ;
; w[11][10][26]                                                    ; Merged with w[10][10][26]                                                   ;
; w[12][10][26]                                                    ; Merged with w[10][10][26]                                                   ;
; w[13][10][26]                                                    ; Merged with w[10][10][26]                                                   ;
; w[14][10][26]                                                    ; Merged with w[10][10][26]                                                   ;
; w[15][10][26]                                                    ; Merged with w[10][10][26]                                                   ;
; w[1][10][26]                                                     ; Merged with w[10][10][26]                                                   ;
; w[2][10][26]                                                     ; Merged with w[10][10][26]                                                   ;
; w[3][10][26]                                                     ; Merged with w[10][10][26]                                                   ;
; w[4][10][26]                                                     ; Merged with w[10][10][26]                                                   ;
; w[5][10][26]                                                     ; Merged with w[10][10][26]                                                   ;
; w[6][10][26]                                                     ; Merged with w[10][10][26]                                                   ;
; w[7][10][26]                                                     ; Merged with w[10][10][26]                                                   ;
; w[8][10][26]                                                     ; Merged with w[10][10][26]                                                   ;
; w[9][10][26]                                                     ; Merged with w[10][10][26]                                                   ;
; w[11][9][26]                                                     ; Merged with w[10][9][26]                                                    ;
; w[12][9][26]                                                     ; Merged with w[10][9][26]                                                    ;
; w[13][9][26]                                                     ; Merged with w[10][9][26]                                                    ;
; w[14][9][26]                                                     ; Merged with w[10][9][26]                                                    ;
; w[15][9][26]                                                     ; Merged with w[10][9][26]                                                    ;
; w[1][9][26]                                                      ; Merged with w[10][9][26]                                                    ;
; w[2][9][26]                                                      ; Merged with w[10][9][26]                                                    ;
; w[3][9][26]                                                      ; Merged with w[10][9][26]                                                    ;
; w[4][9][26]                                                      ; Merged with w[10][9][26]                                                    ;
; w[5][9][26]                                                      ; Merged with w[10][9][26]                                                    ;
; w[6][9][26]                                                      ; Merged with w[10][9][26]                                                    ;
; w[7][9][26]                                                      ; Merged with w[10][9][26]                                                    ;
; w[8][9][26]                                                      ; Merged with w[10][9][26]                                                    ;
; w[9][9][26]                                                      ; Merged with w[10][9][26]                                                    ;
; w[11][8][26]                                                     ; Merged with w[10][8][26]                                                    ;
; w[12][8][26]                                                     ; Merged with w[10][8][26]                                                    ;
; w[13][8][26]                                                     ; Merged with w[10][8][26]                                                    ;
; w[14][8][26]                                                     ; Merged with w[10][8][26]                                                    ;
; w[15][8][26]                                                     ; Merged with w[10][8][26]                                                    ;
; w[1][8][26]                                                      ; Merged with w[10][8][26]                                                    ;
; w[2][8][26]                                                      ; Merged with w[10][8][26]                                                    ;
; w[3][8][26]                                                      ; Merged with w[10][8][26]                                                    ;
; w[4][8][26]                                                      ; Merged with w[10][8][26]                                                    ;
; w[5][8][26]                                                      ; Merged with w[10][8][26]                                                    ;
; w[6][8][26]                                                      ; Merged with w[10][8][26]                                                    ;
; w[7][8][26]                                                      ; Merged with w[10][8][26]                                                    ;
; w[8][8][26]                                                      ; Merged with w[10][8][26]                                                    ;
; w[9][8][26]                                                      ; Merged with w[10][8][26]                                                    ;
; w[11][15][25]                                                    ; Merged with w[10][15][25]                                                   ;
; w[12][15][25]                                                    ; Merged with w[10][15][25]                                                   ;
; w[13][15][25]                                                    ; Merged with w[10][15][25]                                                   ;
; w[14][15][25]                                                    ; Merged with w[10][15][25]                                                   ;
; w[15][15][25]                                                    ; Merged with w[10][15][25]                                                   ;
; w[1][15][25]                                                     ; Merged with w[10][15][25]                                                   ;
; w[2][15][25]                                                     ; Merged with w[10][15][25]                                                   ;
; w[3][15][25]                                                     ; Merged with w[10][15][25]                                                   ;
; w[4][15][25]                                                     ; Merged with w[10][15][25]                                                   ;
; w[5][15][25]                                                     ; Merged with w[10][15][25]                                                   ;
; w[6][15][25]                                                     ; Merged with w[10][15][25]                                                   ;
; w[7][15][25]                                                     ; Merged with w[10][15][25]                                                   ;
; w[8][15][25]                                                     ; Merged with w[10][15][25]                                                   ;
; w[9][15][25]                                                     ; Merged with w[10][15][25]                                                   ;
; w[11][14][25]                                                    ; Merged with w[10][14][25]                                                   ;
; w[12][14][25]                                                    ; Merged with w[10][14][25]                                                   ;
; w[13][14][25]                                                    ; Merged with w[10][14][25]                                                   ;
; w[14][14][25]                                                    ; Merged with w[10][14][25]                                                   ;
; w[15][14][25]                                                    ; Merged with w[10][14][25]                                                   ;
; w[1][14][25]                                                     ; Merged with w[10][14][25]                                                   ;
; w[2][14][25]                                                     ; Merged with w[10][14][25]                                                   ;
; w[3][14][25]                                                     ; Merged with w[10][14][25]                                                   ;
; w[4][14][25]                                                     ; Merged with w[10][14][25]                                                   ;
; w[5][14][25]                                                     ; Merged with w[10][14][25]                                                   ;
; w[6][14][25]                                                     ; Merged with w[10][14][25]                                                   ;
; w[7][14][25]                                                     ; Merged with w[10][14][25]                                                   ;
; w[8][14][25]                                                     ; Merged with w[10][14][25]                                                   ;
; w[9][14][25]                                                     ; Merged with w[10][14][25]                                                   ;
; w[11][13][25]                                                    ; Merged with w[10][13][25]                                                   ;
; w[12][13][25]                                                    ; Merged with w[10][13][25]                                                   ;
; w[13][13][25]                                                    ; Merged with w[10][13][25]                                                   ;
; w[14][13][25]                                                    ; Merged with w[10][13][25]                                                   ;
; w[15][13][25]                                                    ; Merged with w[10][13][25]                                                   ;
; w[1][13][25]                                                     ; Merged with w[10][13][25]                                                   ;
; w[2][13][25]                                                     ; Merged with w[10][13][25]                                                   ;
; w[3][13][25]                                                     ; Merged with w[10][13][25]                                                   ;
; w[4][13][25]                                                     ; Merged with w[10][13][25]                                                   ;
; w[5][13][25]                                                     ; Merged with w[10][13][25]                                                   ;
; w[6][13][25]                                                     ; Merged with w[10][13][25]                                                   ;
; w[7][13][25]                                                     ; Merged with w[10][13][25]                                                   ;
; w[8][13][25]                                                     ; Merged with w[10][13][25]                                                   ;
; w[9][13][25]                                                     ; Merged with w[10][13][25]                                                   ;
; w[11][12][25]                                                    ; Merged with w[10][12][25]                                                   ;
; w[12][12][25]                                                    ; Merged with w[10][12][25]                                                   ;
; w[13][12][25]                                                    ; Merged with w[10][12][25]                                                   ;
; w[14][12][25]                                                    ; Merged with w[10][12][25]                                                   ;
; w[15][12][25]                                                    ; Merged with w[10][12][25]                                                   ;
; w[1][12][25]                                                     ; Merged with w[10][12][25]                                                   ;
; w[2][12][25]                                                     ; Merged with w[10][12][25]                                                   ;
; w[3][12][25]                                                     ; Merged with w[10][12][25]                                                   ;
; w[4][12][25]                                                     ; Merged with w[10][12][25]                                                   ;
; w[5][12][25]                                                     ; Merged with w[10][12][25]                                                   ;
; w[6][12][25]                                                     ; Merged with w[10][12][25]                                                   ;
; w[7][12][25]                                                     ; Merged with w[10][12][25]                                                   ;
; w[8][12][25]                                                     ; Merged with w[10][12][25]                                                   ;
; w[9][12][25]                                                     ; Merged with w[10][12][25]                                                   ;
; w[11][11][25]                                                    ; Merged with w[10][11][25]                                                   ;
; w[12][11][25]                                                    ; Merged with w[10][11][25]                                                   ;
; w[13][11][25]                                                    ; Merged with w[10][11][25]                                                   ;
; w[14][11][25]                                                    ; Merged with w[10][11][25]                                                   ;
; w[15][11][25]                                                    ; Merged with w[10][11][25]                                                   ;
; w[1][11][25]                                                     ; Merged with w[10][11][25]                                                   ;
; w[2][11][25]                                                     ; Merged with w[10][11][25]                                                   ;
; w[3][11][25]                                                     ; Merged with w[10][11][25]                                                   ;
; w[4][11][25]                                                     ; Merged with w[10][11][25]                                                   ;
; w[5][11][25]                                                     ; Merged with w[10][11][25]                                                   ;
; w[6][11][25]                                                     ; Merged with w[10][11][25]                                                   ;
; w[7][11][25]                                                     ; Merged with w[10][11][25]                                                   ;
; w[8][11][25]                                                     ; Merged with w[10][11][25]                                                   ;
; w[9][11][25]                                                     ; Merged with w[10][11][25]                                                   ;
; w[11][10][25]                                                    ; Merged with w[10][10][25]                                                   ;
; w[12][10][25]                                                    ; Merged with w[10][10][25]                                                   ;
; w[13][10][25]                                                    ; Merged with w[10][10][25]                                                   ;
; w[14][10][25]                                                    ; Merged with w[10][10][25]                                                   ;
; w[15][10][25]                                                    ; Merged with w[10][10][25]                                                   ;
; w[1][10][25]                                                     ; Merged with w[10][10][25]                                                   ;
; w[2][10][25]                                                     ; Merged with w[10][10][25]                                                   ;
; w[3][10][25]                                                     ; Merged with w[10][10][25]                                                   ;
; w[4][10][25]                                                     ; Merged with w[10][10][25]                                                   ;
; w[5][10][25]                                                     ; Merged with w[10][10][25]                                                   ;
; w[6][10][25]                                                     ; Merged with w[10][10][25]                                                   ;
; w[7][10][25]                                                     ; Merged with w[10][10][25]                                                   ;
; w[8][10][25]                                                     ; Merged with w[10][10][25]                                                   ;
; w[9][10][25]                                                     ; Merged with w[10][10][25]                                                   ;
; w[11][9][25]                                                     ; Merged with w[10][9][25]                                                    ;
; w[12][9][25]                                                     ; Merged with w[10][9][25]                                                    ;
; w[13][9][25]                                                     ; Merged with w[10][9][25]                                                    ;
; w[14][9][25]                                                     ; Merged with w[10][9][25]                                                    ;
; w[15][9][25]                                                     ; Merged with w[10][9][25]                                                    ;
; w[1][9][25]                                                      ; Merged with w[10][9][25]                                                    ;
; w[2][9][25]                                                      ; Merged with w[10][9][25]                                                    ;
; w[3][9][25]                                                      ; Merged with w[10][9][25]                                                    ;
; w[4][9][25]                                                      ; Merged with w[10][9][25]                                                    ;
; w[5][9][25]                                                      ; Merged with w[10][9][25]                                                    ;
; w[6][9][25]                                                      ; Merged with w[10][9][25]                                                    ;
; w[7][9][25]                                                      ; Merged with w[10][9][25]                                                    ;
; w[8][9][25]                                                      ; Merged with w[10][9][25]                                                    ;
; w[9][9][25]                                                      ; Merged with w[10][9][25]                                                    ;
; w[11][8][25]                                                     ; Merged with w[10][8][25]                                                    ;
; w[12][8][25]                                                     ; Merged with w[10][8][25]                                                    ;
; w[13][8][25]                                                     ; Merged with w[10][8][25]                                                    ;
; w[14][8][25]                                                     ; Merged with w[10][8][25]                                                    ;
; w[15][8][25]                                                     ; Merged with w[10][8][25]                                                    ;
; w[1][8][25]                                                      ; Merged with w[10][8][25]                                                    ;
; w[2][8][25]                                                      ; Merged with w[10][8][25]                                                    ;
; w[3][8][25]                                                      ; Merged with w[10][8][25]                                                    ;
; w[4][8][25]                                                      ; Merged with w[10][8][25]                                                    ;
; w[5][8][25]                                                      ; Merged with w[10][8][25]                                                    ;
; w[6][8][25]                                                      ; Merged with w[10][8][25]                                                    ;
; w[7][8][25]                                                      ; Merged with w[10][8][25]                                                    ;
; w[8][8][25]                                                      ; Merged with w[10][8][25]                                                    ;
; w[9][8][25]                                                      ; Merged with w[10][8][25]                                                    ;
; w[11][15][24]                                                    ; Merged with w[10][15][24]                                                   ;
; w[12][15][24]                                                    ; Merged with w[10][15][24]                                                   ;
; w[13][15][24]                                                    ; Merged with w[10][15][24]                                                   ;
; w[14][15][24]                                                    ; Merged with w[10][15][24]                                                   ;
; w[15][15][24]                                                    ; Merged with w[10][15][24]                                                   ;
; w[1][15][24]                                                     ; Merged with w[10][15][24]                                                   ;
; w[2][15][24]                                                     ; Merged with w[10][15][24]                                                   ;
; w[3][15][24]                                                     ; Merged with w[10][15][24]                                                   ;
; w[4][15][24]                                                     ; Merged with w[10][15][24]                                                   ;
; w[5][15][24]                                                     ; Merged with w[10][15][24]                                                   ;
; w[6][15][24]                                                     ; Merged with w[10][15][24]                                                   ;
; w[7][15][24]                                                     ; Merged with w[10][15][24]                                                   ;
; w[8][15][24]                                                     ; Merged with w[10][15][24]                                                   ;
; w[9][15][24]                                                     ; Merged with w[10][15][24]                                                   ;
; w[11][14][24]                                                    ; Merged with w[10][14][24]                                                   ;
; w[12][14][24]                                                    ; Merged with w[10][14][24]                                                   ;
; w[13][14][24]                                                    ; Merged with w[10][14][24]                                                   ;
; w[14][14][24]                                                    ; Merged with w[10][14][24]                                                   ;
; w[15][14][24]                                                    ; Merged with w[10][14][24]                                                   ;
; w[1][14][24]                                                     ; Merged with w[10][14][24]                                                   ;
; w[2][14][24]                                                     ; Merged with w[10][14][24]                                                   ;
; w[3][14][24]                                                     ; Merged with w[10][14][24]                                                   ;
; w[4][14][24]                                                     ; Merged with w[10][14][24]                                                   ;
; w[5][14][24]                                                     ; Merged with w[10][14][24]                                                   ;
; w[6][14][24]                                                     ; Merged with w[10][14][24]                                                   ;
; w[7][14][24]                                                     ; Merged with w[10][14][24]                                                   ;
; w[8][14][24]                                                     ; Merged with w[10][14][24]                                                   ;
; w[9][14][24]                                                     ; Merged with w[10][14][24]                                                   ;
; w[11][13][24]                                                    ; Merged with w[10][13][24]                                                   ;
; w[12][13][24]                                                    ; Merged with w[10][13][24]                                                   ;
; w[13][13][24]                                                    ; Merged with w[10][13][24]                                                   ;
; w[14][13][24]                                                    ; Merged with w[10][13][24]                                                   ;
; w[15][13][24]                                                    ; Merged with w[10][13][24]                                                   ;
; w[1][13][24]                                                     ; Merged with w[10][13][24]                                                   ;
; w[2][13][24]                                                     ; Merged with w[10][13][24]                                                   ;
; w[3][13][24]                                                     ; Merged with w[10][13][24]                                                   ;
; w[4][13][24]                                                     ; Merged with w[10][13][24]                                                   ;
; w[5][13][24]                                                     ; Merged with w[10][13][24]                                                   ;
; w[6][13][24]                                                     ; Merged with w[10][13][24]                                                   ;
; w[7][13][24]                                                     ; Merged with w[10][13][24]                                                   ;
; w[8][13][24]                                                     ; Merged with w[10][13][24]                                                   ;
; w[9][13][24]                                                     ; Merged with w[10][13][24]                                                   ;
; w[11][12][24]                                                    ; Merged with w[10][12][24]                                                   ;
; w[12][12][24]                                                    ; Merged with w[10][12][24]                                                   ;
; w[13][12][24]                                                    ; Merged with w[10][12][24]                                                   ;
; w[14][12][24]                                                    ; Merged with w[10][12][24]                                                   ;
; w[15][12][24]                                                    ; Merged with w[10][12][24]                                                   ;
; w[1][12][24]                                                     ; Merged with w[10][12][24]                                                   ;
; w[2][12][24]                                                     ; Merged with w[10][12][24]                                                   ;
; w[3][12][24]                                                     ; Merged with w[10][12][24]                                                   ;
; w[4][12][24]                                                     ; Merged with w[10][12][24]                                                   ;
; w[5][12][24]                                                     ; Merged with w[10][12][24]                                                   ;
; w[6][12][24]                                                     ; Merged with w[10][12][24]                                                   ;
; w[7][12][24]                                                     ; Merged with w[10][12][24]                                                   ;
; w[8][12][24]                                                     ; Merged with w[10][12][24]                                                   ;
; w[9][12][24]                                                     ; Merged with w[10][12][24]                                                   ;
; w[11][11][24]                                                    ; Merged with w[10][11][24]                                                   ;
; w[12][11][24]                                                    ; Merged with w[10][11][24]                                                   ;
; w[13][11][24]                                                    ; Merged with w[10][11][24]                                                   ;
; w[14][11][24]                                                    ; Merged with w[10][11][24]                                                   ;
; w[15][11][24]                                                    ; Merged with w[10][11][24]                                                   ;
; w[1][11][24]                                                     ; Merged with w[10][11][24]                                                   ;
; w[2][11][24]                                                     ; Merged with w[10][11][24]                                                   ;
; w[3][11][24]                                                     ; Merged with w[10][11][24]                                                   ;
; w[4][11][24]                                                     ; Merged with w[10][11][24]                                                   ;
; w[5][11][24]                                                     ; Merged with w[10][11][24]                                                   ;
; w[6][11][24]                                                     ; Merged with w[10][11][24]                                                   ;
; w[7][11][24]                                                     ; Merged with w[10][11][24]                                                   ;
; w[8][11][24]                                                     ; Merged with w[10][11][24]                                                   ;
; w[9][11][24]                                                     ; Merged with w[10][11][24]                                                   ;
; w[11][10][24]                                                    ; Merged with w[10][10][24]                                                   ;
; w[12][10][24]                                                    ; Merged with w[10][10][24]                                                   ;
; w[13][10][24]                                                    ; Merged with w[10][10][24]                                                   ;
; w[14][10][24]                                                    ; Merged with w[10][10][24]                                                   ;
; w[15][10][24]                                                    ; Merged with w[10][10][24]                                                   ;
; w[1][10][24]                                                     ; Merged with w[10][10][24]                                                   ;
; w[2][10][24]                                                     ; Merged with w[10][10][24]                                                   ;
; w[3][10][24]                                                     ; Merged with w[10][10][24]                                                   ;
; w[4][10][24]                                                     ; Merged with w[10][10][24]                                                   ;
; w[5][10][24]                                                     ; Merged with w[10][10][24]                                                   ;
; w[6][10][24]                                                     ; Merged with w[10][10][24]                                                   ;
; w[7][10][24]                                                     ; Merged with w[10][10][24]                                                   ;
; w[8][10][24]                                                     ; Merged with w[10][10][24]                                                   ;
; w[9][10][24]                                                     ; Merged with w[10][10][24]                                                   ;
; w[11][9][24]                                                     ; Merged with w[10][9][24]                                                    ;
; w[12][9][24]                                                     ; Merged with w[10][9][24]                                                    ;
; w[13][9][24]                                                     ; Merged with w[10][9][24]                                                    ;
; w[14][9][24]                                                     ; Merged with w[10][9][24]                                                    ;
; w[15][9][24]                                                     ; Merged with w[10][9][24]                                                    ;
; w[1][9][24]                                                      ; Merged with w[10][9][24]                                                    ;
; w[2][9][24]                                                      ; Merged with w[10][9][24]                                                    ;
; w[3][9][24]                                                      ; Merged with w[10][9][24]                                                    ;
; w[4][9][24]                                                      ; Merged with w[10][9][24]                                                    ;
; w[5][9][24]                                                      ; Merged with w[10][9][24]                                                    ;
; w[6][9][24]                                                      ; Merged with w[10][9][24]                                                    ;
; w[7][9][24]                                                      ; Merged with w[10][9][24]                                                    ;
; w[8][9][24]                                                      ; Merged with w[10][9][24]                                                    ;
; w[9][9][24]                                                      ; Merged with w[10][9][24]                                                    ;
; w[11][8][24]                                                     ; Merged with w[10][8][24]                                                    ;
; w[12][8][24]                                                     ; Merged with w[10][8][24]                                                    ;
; w[13][8][24]                                                     ; Merged with w[10][8][24]                                                    ;
; w[14][8][24]                                                     ; Merged with w[10][8][24]                                                    ;
; w[15][8][24]                                                     ; Merged with w[10][8][24]                                                    ;
; w[1][8][24]                                                      ; Merged with w[10][8][24]                                                    ;
; w[2][8][24]                                                      ; Merged with w[10][8][24]                                                    ;
; w[3][8][24]                                                      ; Merged with w[10][8][24]                                                    ;
; w[4][8][24]                                                      ; Merged with w[10][8][24]                                                    ;
; w[5][8][24]                                                      ; Merged with w[10][8][24]                                                    ;
; w[6][8][24]                                                      ; Merged with w[10][8][24]                                                    ;
; w[7][8][24]                                                      ; Merged with w[10][8][24]                                                    ;
; w[8][8][24]                                                      ; Merged with w[10][8][24]                                                    ;
; w[9][8][24]                                                      ; Merged with w[10][8][24]                                                    ;
; w[11][15][23]                                                    ; Merged with w[10][15][23]                                                   ;
; w[12][15][23]                                                    ; Merged with w[10][15][23]                                                   ;
; w[13][15][23]                                                    ; Merged with w[10][15][23]                                                   ;
; w[14][15][23]                                                    ; Merged with w[10][15][23]                                                   ;
; w[15][15][23]                                                    ; Merged with w[10][15][23]                                                   ;
; w[1][15][23]                                                     ; Merged with w[10][15][23]                                                   ;
; w[2][15][23]                                                     ; Merged with w[10][15][23]                                                   ;
; w[3][15][23]                                                     ; Merged with w[10][15][23]                                                   ;
; w[4][15][23]                                                     ; Merged with w[10][15][23]                                                   ;
; w[5][15][23]                                                     ; Merged with w[10][15][23]                                                   ;
; w[6][15][23]                                                     ; Merged with w[10][15][23]                                                   ;
; w[7][15][23]                                                     ; Merged with w[10][15][23]                                                   ;
; w[8][15][23]                                                     ; Merged with w[10][15][23]                                                   ;
; w[9][15][23]                                                     ; Merged with w[10][15][23]                                                   ;
; w[11][14][23]                                                    ; Merged with w[10][14][23]                                                   ;
; w[12][14][23]                                                    ; Merged with w[10][14][23]                                                   ;
; w[13][14][23]                                                    ; Merged with w[10][14][23]                                                   ;
; w[14][14][23]                                                    ; Merged with w[10][14][23]                                                   ;
; w[15][14][23]                                                    ; Merged with w[10][14][23]                                                   ;
; w[1][14][23]                                                     ; Merged with w[10][14][23]                                                   ;
; w[2][14][23]                                                     ; Merged with w[10][14][23]                                                   ;
; w[3][14][23]                                                     ; Merged with w[10][14][23]                                                   ;
; w[4][14][23]                                                     ; Merged with w[10][14][23]                                                   ;
; w[5][14][23]                                                     ; Merged with w[10][14][23]                                                   ;
; w[6][14][23]                                                     ; Merged with w[10][14][23]                                                   ;
; w[7][14][23]                                                     ; Merged with w[10][14][23]                                                   ;
; w[8][14][23]                                                     ; Merged with w[10][14][23]                                                   ;
; w[9][14][23]                                                     ; Merged with w[10][14][23]                                                   ;
; w[11][13][23]                                                    ; Merged with w[10][13][23]                                                   ;
; w[12][13][23]                                                    ; Merged with w[10][13][23]                                                   ;
; w[13][13][23]                                                    ; Merged with w[10][13][23]                                                   ;
; w[14][13][23]                                                    ; Merged with w[10][13][23]                                                   ;
; w[15][13][23]                                                    ; Merged with w[10][13][23]                                                   ;
; w[1][13][23]                                                     ; Merged with w[10][13][23]                                                   ;
; w[2][13][23]                                                     ; Merged with w[10][13][23]                                                   ;
; w[3][13][23]                                                     ; Merged with w[10][13][23]                                                   ;
; w[4][13][23]                                                     ; Merged with w[10][13][23]                                                   ;
; w[5][13][23]                                                     ; Merged with w[10][13][23]                                                   ;
; w[6][13][23]                                                     ; Merged with w[10][13][23]                                                   ;
; w[7][13][23]                                                     ; Merged with w[10][13][23]                                                   ;
; w[8][13][23]                                                     ; Merged with w[10][13][23]                                                   ;
; w[9][13][23]                                                     ; Merged with w[10][13][23]                                                   ;
; w[11][12][23]                                                    ; Merged with w[10][12][23]                                                   ;
; w[12][12][23]                                                    ; Merged with w[10][12][23]                                                   ;
; w[13][12][23]                                                    ; Merged with w[10][12][23]                                                   ;
; w[14][12][23]                                                    ; Merged with w[10][12][23]                                                   ;
; w[15][12][23]                                                    ; Merged with w[10][12][23]                                                   ;
; w[1][12][23]                                                     ; Merged with w[10][12][23]                                                   ;
; w[2][12][23]                                                     ; Merged with w[10][12][23]                                                   ;
; w[3][12][23]                                                     ; Merged with w[10][12][23]                                                   ;
; w[4][12][23]                                                     ; Merged with w[10][12][23]                                                   ;
; w[5][12][23]                                                     ; Merged with w[10][12][23]                                                   ;
; w[6][12][23]                                                     ; Merged with w[10][12][23]                                                   ;
; w[7][12][23]                                                     ; Merged with w[10][12][23]                                                   ;
; w[8][12][23]                                                     ; Merged with w[10][12][23]                                                   ;
; w[9][12][23]                                                     ; Merged with w[10][12][23]                                                   ;
; w[11][11][23]                                                    ; Merged with w[10][11][23]                                                   ;
; w[12][11][23]                                                    ; Merged with w[10][11][23]                                                   ;
; w[13][11][23]                                                    ; Merged with w[10][11][23]                                                   ;
; w[14][11][23]                                                    ; Merged with w[10][11][23]                                                   ;
; w[15][11][23]                                                    ; Merged with w[10][11][23]                                                   ;
; w[1][11][23]                                                     ; Merged with w[10][11][23]                                                   ;
; w[2][11][23]                                                     ; Merged with w[10][11][23]                                                   ;
; w[3][11][23]                                                     ; Merged with w[10][11][23]                                                   ;
; w[4][11][23]                                                     ; Merged with w[10][11][23]                                                   ;
; w[5][11][23]                                                     ; Merged with w[10][11][23]                                                   ;
; w[6][11][23]                                                     ; Merged with w[10][11][23]                                                   ;
; w[7][11][23]                                                     ; Merged with w[10][11][23]                                                   ;
; w[8][11][23]                                                     ; Merged with w[10][11][23]                                                   ;
; w[9][11][23]                                                     ; Merged with w[10][11][23]                                                   ;
; w[11][10][23]                                                    ; Merged with w[10][10][23]                                                   ;
; w[12][10][23]                                                    ; Merged with w[10][10][23]                                                   ;
; w[13][10][23]                                                    ; Merged with w[10][10][23]                                                   ;
; w[14][10][23]                                                    ; Merged with w[10][10][23]                                                   ;
; w[15][10][23]                                                    ; Merged with w[10][10][23]                                                   ;
; w[1][10][23]                                                     ; Merged with w[10][10][23]                                                   ;
; w[2][10][23]                                                     ; Merged with w[10][10][23]                                                   ;
; w[3][10][23]                                                     ; Merged with w[10][10][23]                                                   ;
; w[4][10][23]                                                     ; Merged with w[10][10][23]                                                   ;
; w[5][10][23]                                                     ; Merged with w[10][10][23]                                                   ;
; w[6][10][23]                                                     ; Merged with w[10][10][23]                                                   ;
; w[7][10][23]                                                     ; Merged with w[10][10][23]                                                   ;
; w[8][10][23]                                                     ; Merged with w[10][10][23]                                                   ;
; w[9][10][23]                                                     ; Merged with w[10][10][23]                                                   ;
; w[11][9][23]                                                     ; Merged with w[10][9][23]                                                    ;
; w[12][9][23]                                                     ; Merged with w[10][9][23]                                                    ;
; w[13][9][23]                                                     ; Merged with w[10][9][23]                                                    ;
; w[14][9][23]                                                     ; Merged with w[10][9][23]                                                    ;
; w[15][9][23]                                                     ; Merged with w[10][9][23]                                                    ;
; w[1][9][23]                                                      ; Merged with w[10][9][23]                                                    ;
; w[2][9][23]                                                      ; Merged with w[10][9][23]                                                    ;
; w[3][9][23]                                                      ; Merged with w[10][9][23]                                                    ;
; w[4][9][23]                                                      ; Merged with w[10][9][23]                                                    ;
; w[5][9][23]                                                      ; Merged with w[10][9][23]                                                    ;
; w[6][9][23]                                                      ; Merged with w[10][9][23]                                                    ;
; w[7][9][23]                                                      ; Merged with w[10][9][23]                                                    ;
; w[8][9][23]                                                      ; Merged with w[10][9][23]                                                    ;
; w[9][9][23]                                                      ; Merged with w[10][9][23]                                                    ;
; w[11][8][23]                                                     ; Merged with w[10][8][23]                                                    ;
; w[12][8][23]                                                     ; Merged with w[10][8][23]                                                    ;
; w[13][8][23]                                                     ; Merged with w[10][8][23]                                                    ;
; w[14][8][23]                                                     ; Merged with w[10][8][23]                                                    ;
; w[15][8][23]                                                     ; Merged with w[10][8][23]                                                    ;
; w[1][8][23]                                                      ; Merged with w[10][8][23]                                                    ;
; w[2][8][23]                                                      ; Merged with w[10][8][23]                                                    ;
; w[3][8][23]                                                      ; Merged with w[10][8][23]                                                    ;
; w[4][8][23]                                                      ; Merged with w[10][8][23]                                                    ;
; w[5][8][23]                                                      ; Merged with w[10][8][23]                                                    ;
; w[6][8][23]                                                      ; Merged with w[10][8][23]                                                    ;
; w[7][8][23]                                                      ; Merged with w[10][8][23]                                                    ;
; w[8][8][23]                                                      ; Merged with w[10][8][23]                                                    ;
; w[9][8][23]                                                      ; Merged with w[10][8][23]                                                    ;
; w[11][15][22]                                                    ; Merged with w[10][15][22]                                                   ;
; w[12][15][22]                                                    ; Merged with w[10][15][22]                                                   ;
; w[13][15][22]                                                    ; Merged with w[10][15][22]                                                   ;
; w[14][15][22]                                                    ; Merged with w[10][15][22]                                                   ;
; w[15][15][22]                                                    ; Merged with w[10][15][22]                                                   ;
; w[1][15][22]                                                     ; Merged with w[10][15][22]                                                   ;
; w[2][15][22]                                                     ; Merged with w[10][15][22]                                                   ;
; w[3][15][22]                                                     ; Merged with w[10][15][22]                                                   ;
; w[4][15][22]                                                     ; Merged with w[10][15][22]                                                   ;
; w[5][15][22]                                                     ; Merged with w[10][15][22]                                                   ;
; w[6][15][22]                                                     ; Merged with w[10][15][22]                                                   ;
; w[7][15][22]                                                     ; Merged with w[10][15][22]                                                   ;
; w[8][15][22]                                                     ; Merged with w[10][15][22]                                                   ;
; w[9][15][22]                                                     ; Merged with w[10][15][22]                                                   ;
; w[11][14][22]                                                    ; Merged with w[10][14][22]                                                   ;
; w[12][14][22]                                                    ; Merged with w[10][14][22]                                                   ;
; w[13][14][22]                                                    ; Merged with w[10][14][22]                                                   ;
; w[14][14][22]                                                    ; Merged with w[10][14][22]                                                   ;
; w[15][14][22]                                                    ; Merged with w[10][14][22]                                                   ;
; w[1][14][22]                                                     ; Merged with w[10][14][22]                                                   ;
; w[2][14][22]                                                     ; Merged with w[10][14][22]                                                   ;
; w[3][14][22]                                                     ; Merged with w[10][14][22]                                                   ;
; w[4][14][22]                                                     ; Merged with w[10][14][22]                                                   ;
; w[5][14][22]                                                     ; Merged with w[10][14][22]                                                   ;
; w[6][14][22]                                                     ; Merged with w[10][14][22]                                                   ;
; w[7][14][22]                                                     ; Merged with w[10][14][22]                                                   ;
; w[8][14][22]                                                     ; Merged with w[10][14][22]                                                   ;
; w[9][14][22]                                                     ; Merged with w[10][14][22]                                                   ;
; w[11][13][22]                                                    ; Merged with w[10][13][22]                                                   ;
; w[12][13][22]                                                    ; Merged with w[10][13][22]                                                   ;
; w[13][13][22]                                                    ; Merged with w[10][13][22]                                                   ;
; w[14][13][22]                                                    ; Merged with w[10][13][22]                                                   ;
; w[15][13][22]                                                    ; Merged with w[10][13][22]                                                   ;
; w[1][13][22]                                                     ; Merged with w[10][13][22]                                                   ;
; w[2][13][22]                                                     ; Merged with w[10][13][22]                                                   ;
; w[3][13][22]                                                     ; Merged with w[10][13][22]                                                   ;
; w[4][13][22]                                                     ; Merged with w[10][13][22]                                                   ;
; w[5][13][22]                                                     ; Merged with w[10][13][22]                                                   ;
; w[6][13][22]                                                     ; Merged with w[10][13][22]                                                   ;
; w[7][13][22]                                                     ; Merged with w[10][13][22]                                                   ;
; w[8][13][22]                                                     ; Merged with w[10][13][22]                                                   ;
; w[9][13][22]                                                     ; Merged with w[10][13][22]                                                   ;
; w[11][12][22]                                                    ; Merged with w[10][12][22]                                                   ;
; w[12][12][22]                                                    ; Merged with w[10][12][22]                                                   ;
; w[13][12][22]                                                    ; Merged with w[10][12][22]                                                   ;
; w[14][12][22]                                                    ; Merged with w[10][12][22]                                                   ;
; w[15][12][22]                                                    ; Merged with w[10][12][22]                                                   ;
; w[1][12][22]                                                     ; Merged with w[10][12][22]                                                   ;
; w[2][12][22]                                                     ; Merged with w[10][12][22]                                                   ;
; w[3][12][22]                                                     ; Merged with w[10][12][22]                                                   ;
; w[4][12][22]                                                     ; Merged with w[10][12][22]                                                   ;
; w[5][12][22]                                                     ; Merged with w[10][12][22]                                                   ;
; w[6][12][22]                                                     ; Merged with w[10][12][22]                                                   ;
; w[7][12][22]                                                     ; Merged with w[10][12][22]                                                   ;
; w[8][12][22]                                                     ; Merged with w[10][12][22]                                                   ;
; w[9][12][22]                                                     ; Merged with w[10][12][22]                                                   ;
; w[11][11][22]                                                    ; Merged with w[10][11][22]                                                   ;
; w[12][11][22]                                                    ; Merged with w[10][11][22]                                                   ;
; w[13][11][22]                                                    ; Merged with w[10][11][22]                                                   ;
; w[14][11][22]                                                    ; Merged with w[10][11][22]                                                   ;
; w[15][11][22]                                                    ; Merged with w[10][11][22]                                                   ;
; w[1][11][22]                                                     ; Merged with w[10][11][22]                                                   ;
; w[2][11][22]                                                     ; Merged with w[10][11][22]                                                   ;
; w[3][11][22]                                                     ; Merged with w[10][11][22]                                                   ;
; w[4][11][22]                                                     ; Merged with w[10][11][22]                                                   ;
; w[5][11][22]                                                     ; Merged with w[10][11][22]                                                   ;
; w[6][11][22]                                                     ; Merged with w[10][11][22]                                                   ;
; w[7][11][22]                                                     ; Merged with w[10][11][22]                                                   ;
; w[8][11][22]                                                     ; Merged with w[10][11][22]                                                   ;
; w[9][11][22]                                                     ; Merged with w[10][11][22]                                                   ;
; w[11][10][22]                                                    ; Merged with w[10][10][22]                                                   ;
; w[12][10][22]                                                    ; Merged with w[10][10][22]                                                   ;
; w[13][10][22]                                                    ; Merged with w[10][10][22]                                                   ;
; w[14][10][22]                                                    ; Merged with w[10][10][22]                                                   ;
; w[15][10][22]                                                    ; Merged with w[10][10][22]                                                   ;
; w[1][10][22]                                                     ; Merged with w[10][10][22]                                                   ;
; w[2][10][22]                                                     ; Merged with w[10][10][22]                                                   ;
; w[3][10][22]                                                     ; Merged with w[10][10][22]                                                   ;
; w[4][10][22]                                                     ; Merged with w[10][10][22]                                                   ;
; w[5][10][22]                                                     ; Merged with w[10][10][22]                                                   ;
; w[6][10][22]                                                     ; Merged with w[10][10][22]                                                   ;
; w[7][10][22]                                                     ; Merged with w[10][10][22]                                                   ;
; w[8][10][22]                                                     ; Merged with w[10][10][22]                                                   ;
; w[9][10][22]                                                     ; Merged with w[10][10][22]                                                   ;
; w[11][9][22]                                                     ; Merged with w[10][9][22]                                                    ;
; w[12][9][22]                                                     ; Merged with w[10][9][22]                                                    ;
; w[13][9][22]                                                     ; Merged with w[10][9][22]                                                    ;
; w[14][9][22]                                                     ; Merged with w[10][9][22]                                                    ;
; w[15][9][22]                                                     ; Merged with w[10][9][22]                                                    ;
; w[1][9][22]                                                      ; Merged with w[10][9][22]                                                    ;
; w[2][9][22]                                                      ; Merged with w[10][9][22]                                                    ;
; w[3][9][22]                                                      ; Merged with w[10][9][22]                                                    ;
; w[4][9][22]                                                      ; Merged with w[10][9][22]                                                    ;
; w[5][9][22]                                                      ; Merged with w[10][9][22]                                                    ;
; w[6][9][22]                                                      ; Merged with w[10][9][22]                                                    ;
; w[7][9][22]                                                      ; Merged with w[10][9][22]                                                    ;
; w[8][9][22]                                                      ; Merged with w[10][9][22]                                                    ;
; w[9][9][22]                                                      ; Merged with w[10][9][22]                                                    ;
; w[11][8][22]                                                     ; Merged with w[10][8][22]                                                    ;
; w[12][8][22]                                                     ; Merged with w[10][8][22]                                                    ;
; w[13][8][22]                                                     ; Merged with w[10][8][22]                                                    ;
; w[14][8][22]                                                     ; Merged with w[10][8][22]                                                    ;
; w[15][8][22]                                                     ; Merged with w[10][8][22]                                                    ;
; w[1][8][22]                                                      ; Merged with w[10][8][22]                                                    ;
; w[2][8][22]                                                      ; Merged with w[10][8][22]                                                    ;
; w[3][8][22]                                                      ; Merged with w[10][8][22]                                                    ;
; w[4][8][22]                                                      ; Merged with w[10][8][22]                                                    ;
; w[5][8][22]                                                      ; Merged with w[10][8][22]                                                    ;
; w[6][8][22]                                                      ; Merged with w[10][8][22]                                                    ;
; w[7][8][22]                                                      ; Merged with w[10][8][22]                                                    ;
; w[8][8][22]                                                      ; Merged with w[10][8][22]                                                    ;
; w[9][8][22]                                                      ; Merged with w[10][8][22]                                                    ;
; w[11][15][21]                                                    ; Merged with w[10][15][21]                                                   ;
; w[12][15][21]                                                    ; Merged with w[10][15][21]                                                   ;
; w[13][15][21]                                                    ; Merged with w[10][15][21]                                                   ;
; w[14][15][21]                                                    ; Merged with w[10][15][21]                                                   ;
; w[15][15][21]                                                    ; Merged with w[10][15][21]                                                   ;
; w[1][15][21]                                                     ; Merged with w[10][15][21]                                                   ;
; w[2][15][21]                                                     ; Merged with w[10][15][21]                                                   ;
; w[3][15][21]                                                     ; Merged with w[10][15][21]                                                   ;
; w[4][15][21]                                                     ; Merged with w[10][15][21]                                                   ;
; w[5][15][21]                                                     ; Merged with w[10][15][21]                                                   ;
; w[6][15][21]                                                     ; Merged with w[10][15][21]                                                   ;
; w[7][15][21]                                                     ; Merged with w[10][15][21]                                                   ;
; w[8][15][21]                                                     ; Merged with w[10][15][21]                                                   ;
; w[9][15][21]                                                     ; Merged with w[10][15][21]                                                   ;
; w[11][14][21]                                                    ; Merged with w[10][14][21]                                                   ;
; w[12][14][21]                                                    ; Merged with w[10][14][21]                                                   ;
; w[13][14][21]                                                    ; Merged with w[10][14][21]                                                   ;
; w[14][14][21]                                                    ; Merged with w[10][14][21]                                                   ;
; w[15][14][21]                                                    ; Merged with w[10][14][21]                                                   ;
; w[1][14][21]                                                     ; Merged with w[10][14][21]                                                   ;
; w[2][14][21]                                                     ; Merged with w[10][14][21]                                                   ;
; w[3][14][21]                                                     ; Merged with w[10][14][21]                                                   ;
; w[4][14][21]                                                     ; Merged with w[10][14][21]                                                   ;
; w[5][14][21]                                                     ; Merged with w[10][14][21]                                                   ;
; w[6][14][21]                                                     ; Merged with w[10][14][21]                                                   ;
; w[7][14][21]                                                     ; Merged with w[10][14][21]                                                   ;
; w[8][14][21]                                                     ; Merged with w[10][14][21]                                                   ;
; w[9][14][21]                                                     ; Merged with w[10][14][21]                                                   ;
; w[11][13][21]                                                    ; Merged with w[10][13][21]                                                   ;
; w[12][13][21]                                                    ; Merged with w[10][13][21]                                                   ;
; w[13][13][21]                                                    ; Merged with w[10][13][21]                                                   ;
; w[14][13][21]                                                    ; Merged with w[10][13][21]                                                   ;
; w[15][13][21]                                                    ; Merged with w[10][13][21]                                                   ;
; w[1][13][21]                                                     ; Merged with w[10][13][21]                                                   ;
; w[2][13][21]                                                     ; Merged with w[10][13][21]                                                   ;
; w[3][13][21]                                                     ; Merged with w[10][13][21]                                                   ;
; w[4][13][21]                                                     ; Merged with w[10][13][21]                                                   ;
; w[5][13][21]                                                     ; Merged with w[10][13][21]                                                   ;
; w[6][13][21]                                                     ; Merged with w[10][13][21]                                                   ;
; w[7][13][21]                                                     ; Merged with w[10][13][21]                                                   ;
; w[8][13][21]                                                     ; Merged with w[10][13][21]                                                   ;
; w[9][13][21]                                                     ; Merged with w[10][13][21]                                                   ;
; w[11][12][21]                                                    ; Merged with w[10][12][21]                                                   ;
; w[12][12][21]                                                    ; Merged with w[10][12][21]                                                   ;
; w[13][12][21]                                                    ; Merged with w[10][12][21]                                                   ;
; w[14][12][21]                                                    ; Merged with w[10][12][21]                                                   ;
; w[15][12][21]                                                    ; Merged with w[10][12][21]                                                   ;
; w[1][12][21]                                                     ; Merged with w[10][12][21]                                                   ;
; w[2][12][21]                                                     ; Merged with w[10][12][21]                                                   ;
; w[3][12][21]                                                     ; Merged with w[10][12][21]                                                   ;
; w[4][12][21]                                                     ; Merged with w[10][12][21]                                                   ;
; w[5][12][21]                                                     ; Merged with w[10][12][21]                                                   ;
; w[6][12][21]                                                     ; Merged with w[10][12][21]                                                   ;
; w[7][12][21]                                                     ; Merged with w[10][12][21]                                                   ;
; w[8][12][21]                                                     ; Merged with w[10][12][21]                                                   ;
; w[9][12][21]                                                     ; Merged with w[10][12][21]                                                   ;
; w[11][11][21]                                                    ; Merged with w[10][11][21]                                                   ;
; w[12][11][21]                                                    ; Merged with w[10][11][21]                                                   ;
; w[13][11][21]                                                    ; Merged with w[10][11][21]                                                   ;
; w[14][11][21]                                                    ; Merged with w[10][11][21]                                                   ;
; w[15][11][21]                                                    ; Merged with w[10][11][21]                                                   ;
; w[1][11][21]                                                     ; Merged with w[10][11][21]                                                   ;
; w[2][11][21]                                                     ; Merged with w[10][11][21]                                                   ;
; w[3][11][21]                                                     ; Merged with w[10][11][21]                                                   ;
; w[4][11][21]                                                     ; Merged with w[10][11][21]                                                   ;
; w[5][11][21]                                                     ; Merged with w[10][11][21]                                                   ;
; w[6][11][21]                                                     ; Merged with w[10][11][21]                                                   ;
; w[7][11][21]                                                     ; Merged with w[10][11][21]                                                   ;
; w[8][11][21]                                                     ; Merged with w[10][11][21]                                                   ;
; w[9][11][21]                                                     ; Merged with w[10][11][21]                                                   ;
; w[11][10][21]                                                    ; Merged with w[10][10][21]                                                   ;
; w[12][10][21]                                                    ; Merged with w[10][10][21]                                                   ;
; w[13][10][21]                                                    ; Merged with w[10][10][21]                                                   ;
; w[14][10][21]                                                    ; Merged with w[10][10][21]                                                   ;
; w[15][10][21]                                                    ; Merged with w[10][10][21]                                                   ;
; w[1][10][21]                                                     ; Merged with w[10][10][21]                                                   ;
; w[2][10][21]                                                     ; Merged with w[10][10][21]                                                   ;
; w[3][10][21]                                                     ; Merged with w[10][10][21]                                                   ;
; w[4][10][21]                                                     ; Merged with w[10][10][21]                                                   ;
; w[5][10][21]                                                     ; Merged with w[10][10][21]                                                   ;
; w[6][10][21]                                                     ; Merged with w[10][10][21]                                                   ;
; w[7][10][21]                                                     ; Merged with w[10][10][21]                                                   ;
; w[8][10][21]                                                     ; Merged with w[10][10][21]                                                   ;
; w[9][10][21]                                                     ; Merged with w[10][10][21]                                                   ;
; w[11][9][21]                                                     ; Merged with w[10][9][21]                                                    ;
; w[12][9][21]                                                     ; Merged with w[10][9][21]                                                    ;
; w[13][9][21]                                                     ; Merged with w[10][9][21]                                                    ;
; w[14][9][21]                                                     ; Merged with w[10][9][21]                                                    ;
; w[15][9][21]                                                     ; Merged with w[10][9][21]                                                    ;
; w[1][9][21]                                                      ; Merged with w[10][9][21]                                                    ;
; w[2][9][21]                                                      ; Merged with w[10][9][21]                                                    ;
; w[3][9][21]                                                      ; Merged with w[10][9][21]                                                    ;
; w[4][9][21]                                                      ; Merged with w[10][9][21]                                                    ;
; w[5][9][21]                                                      ; Merged with w[10][9][21]                                                    ;
; w[6][9][21]                                                      ; Merged with w[10][9][21]                                                    ;
; w[7][9][21]                                                      ; Merged with w[10][9][21]                                                    ;
; w[8][9][21]                                                      ; Merged with w[10][9][21]                                                    ;
; w[9][9][21]                                                      ; Merged with w[10][9][21]                                                    ;
; w[11][8][21]                                                     ; Merged with w[10][8][21]                                                    ;
; w[12][8][21]                                                     ; Merged with w[10][8][21]                                                    ;
; w[13][8][21]                                                     ; Merged with w[10][8][21]                                                    ;
; w[14][8][21]                                                     ; Merged with w[10][8][21]                                                    ;
; w[15][8][21]                                                     ; Merged with w[10][8][21]                                                    ;
; w[1][8][21]                                                      ; Merged with w[10][8][21]                                                    ;
; w[2][8][21]                                                      ; Merged with w[10][8][21]                                                    ;
; w[3][8][21]                                                      ; Merged with w[10][8][21]                                                    ;
; w[4][8][21]                                                      ; Merged with w[10][8][21]                                                    ;
; w[5][8][21]                                                      ; Merged with w[10][8][21]                                                    ;
; w[6][8][21]                                                      ; Merged with w[10][8][21]                                                    ;
; w[7][8][21]                                                      ; Merged with w[10][8][21]                                                    ;
; w[8][8][21]                                                      ; Merged with w[10][8][21]                                                    ;
; w[9][8][21]                                                      ; Merged with w[10][8][21]                                                    ;
; w[11][15][20]                                                    ; Merged with w[10][15][20]                                                   ;
; w[12][15][20]                                                    ; Merged with w[10][15][20]                                                   ;
; w[13][15][20]                                                    ; Merged with w[10][15][20]                                                   ;
; w[14][15][20]                                                    ; Merged with w[10][15][20]                                                   ;
; w[15][15][20]                                                    ; Merged with w[10][15][20]                                                   ;
; w[1][15][20]                                                     ; Merged with w[10][15][20]                                                   ;
; w[2][15][20]                                                     ; Merged with w[10][15][20]                                                   ;
; w[3][15][20]                                                     ; Merged with w[10][15][20]                                                   ;
; w[4][15][20]                                                     ; Merged with w[10][15][20]                                                   ;
; w[5][15][20]                                                     ; Merged with w[10][15][20]                                                   ;
; w[6][15][20]                                                     ; Merged with w[10][15][20]                                                   ;
; w[7][15][20]                                                     ; Merged with w[10][15][20]                                                   ;
; w[8][15][20]                                                     ; Merged with w[10][15][20]                                                   ;
; w[9][15][20]                                                     ; Merged with w[10][15][20]                                                   ;
; w[11][14][20]                                                    ; Merged with w[10][14][20]                                                   ;
; w[12][14][20]                                                    ; Merged with w[10][14][20]                                                   ;
; w[13][14][20]                                                    ; Merged with w[10][14][20]                                                   ;
; w[14][14][20]                                                    ; Merged with w[10][14][20]                                                   ;
; w[15][14][20]                                                    ; Merged with w[10][14][20]                                                   ;
; w[1][14][20]                                                     ; Merged with w[10][14][20]                                                   ;
; w[2][14][20]                                                     ; Merged with w[10][14][20]                                                   ;
; w[3][14][20]                                                     ; Merged with w[10][14][20]                                                   ;
; w[4][14][20]                                                     ; Merged with w[10][14][20]                                                   ;
; w[5][14][20]                                                     ; Merged with w[10][14][20]                                                   ;
; w[6][14][20]                                                     ; Merged with w[10][14][20]                                                   ;
; w[7][14][20]                                                     ; Merged with w[10][14][20]                                                   ;
; w[8][14][20]                                                     ; Merged with w[10][14][20]                                                   ;
; w[9][14][20]                                                     ; Merged with w[10][14][20]                                                   ;
; w[11][13][20]                                                    ; Merged with w[10][13][20]                                                   ;
; w[12][13][20]                                                    ; Merged with w[10][13][20]                                                   ;
; w[13][13][20]                                                    ; Merged with w[10][13][20]                                                   ;
; w[14][13][20]                                                    ; Merged with w[10][13][20]                                                   ;
; w[15][13][20]                                                    ; Merged with w[10][13][20]                                                   ;
; w[1][13][20]                                                     ; Merged with w[10][13][20]                                                   ;
; w[2][13][20]                                                     ; Merged with w[10][13][20]                                                   ;
; w[3][13][20]                                                     ; Merged with w[10][13][20]                                                   ;
; w[4][13][20]                                                     ; Merged with w[10][13][20]                                                   ;
; w[5][13][20]                                                     ; Merged with w[10][13][20]                                                   ;
; w[6][13][20]                                                     ; Merged with w[10][13][20]                                                   ;
; w[7][13][20]                                                     ; Merged with w[10][13][20]                                                   ;
; w[8][13][20]                                                     ; Merged with w[10][13][20]                                                   ;
; w[9][13][20]                                                     ; Merged with w[10][13][20]                                                   ;
; w[11][12][20]                                                    ; Merged with w[10][12][20]                                                   ;
; w[12][12][20]                                                    ; Merged with w[10][12][20]                                                   ;
; w[13][12][20]                                                    ; Merged with w[10][12][20]                                                   ;
; w[14][12][20]                                                    ; Merged with w[10][12][20]                                                   ;
; w[15][12][20]                                                    ; Merged with w[10][12][20]                                                   ;
; w[1][12][20]                                                     ; Merged with w[10][12][20]                                                   ;
; w[2][12][20]                                                     ; Merged with w[10][12][20]                                                   ;
; w[3][12][20]                                                     ; Merged with w[10][12][20]                                                   ;
; w[4][12][20]                                                     ; Merged with w[10][12][20]                                                   ;
; w[5][12][20]                                                     ; Merged with w[10][12][20]                                                   ;
; w[6][12][20]                                                     ; Merged with w[10][12][20]                                                   ;
; w[7][12][20]                                                     ; Merged with w[10][12][20]                                                   ;
; w[8][12][20]                                                     ; Merged with w[10][12][20]                                                   ;
; w[9][12][20]                                                     ; Merged with w[10][12][20]                                                   ;
; w[11][11][20]                                                    ; Merged with w[10][11][20]                                                   ;
; w[12][11][20]                                                    ; Merged with w[10][11][20]                                                   ;
; w[13][11][20]                                                    ; Merged with w[10][11][20]                                                   ;
; w[14][11][20]                                                    ; Merged with w[10][11][20]                                                   ;
; w[15][11][20]                                                    ; Merged with w[10][11][20]                                                   ;
; w[1][11][20]                                                     ; Merged with w[10][11][20]                                                   ;
; w[2][11][20]                                                     ; Merged with w[10][11][20]                                                   ;
; w[3][11][20]                                                     ; Merged with w[10][11][20]                                                   ;
; w[4][11][20]                                                     ; Merged with w[10][11][20]                                                   ;
; w[5][11][20]                                                     ; Merged with w[10][11][20]                                                   ;
; w[6][11][20]                                                     ; Merged with w[10][11][20]                                                   ;
; w[7][11][20]                                                     ; Merged with w[10][11][20]                                                   ;
; w[8][11][20]                                                     ; Merged with w[10][11][20]                                                   ;
; w[9][11][20]                                                     ; Merged with w[10][11][20]                                                   ;
; w[11][10][20]                                                    ; Merged with w[10][10][20]                                                   ;
; w[12][10][20]                                                    ; Merged with w[10][10][20]                                                   ;
; w[13][10][20]                                                    ; Merged with w[10][10][20]                                                   ;
; w[14][10][20]                                                    ; Merged with w[10][10][20]                                                   ;
; w[15][10][20]                                                    ; Merged with w[10][10][20]                                                   ;
; w[1][10][20]                                                     ; Merged with w[10][10][20]                                                   ;
; w[2][10][20]                                                     ; Merged with w[10][10][20]                                                   ;
; w[3][10][20]                                                     ; Merged with w[10][10][20]                                                   ;
; w[4][10][20]                                                     ; Merged with w[10][10][20]                                                   ;
; w[5][10][20]                                                     ; Merged with w[10][10][20]                                                   ;
; w[6][10][20]                                                     ; Merged with w[10][10][20]                                                   ;
; w[7][10][20]                                                     ; Merged with w[10][10][20]                                                   ;
; w[8][10][20]                                                     ; Merged with w[10][10][20]                                                   ;
; w[9][10][20]                                                     ; Merged with w[10][10][20]                                                   ;
; w[11][9][20]                                                     ; Merged with w[10][9][20]                                                    ;
; w[12][9][20]                                                     ; Merged with w[10][9][20]                                                    ;
; w[13][9][20]                                                     ; Merged with w[10][9][20]                                                    ;
; w[14][9][20]                                                     ; Merged with w[10][9][20]                                                    ;
; w[15][9][20]                                                     ; Merged with w[10][9][20]                                                    ;
; w[1][9][20]                                                      ; Merged with w[10][9][20]                                                    ;
; w[2][9][20]                                                      ; Merged with w[10][9][20]                                                    ;
; w[3][9][20]                                                      ; Merged with w[10][9][20]                                                    ;
; w[4][9][20]                                                      ; Merged with w[10][9][20]                                                    ;
; w[5][9][20]                                                      ; Merged with w[10][9][20]                                                    ;
; w[6][9][20]                                                      ; Merged with w[10][9][20]                                                    ;
; w[7][9][20]                                                      ; Merged with w[10][9][20]                                                    ;
; w[8][9][20]                                                      ; Merged with w[10][9][20]                                                    ;
; w[9][9][20]                                                      ; Merged with w[10][9][20]                                                    ;
; w[11][8][20]                                                     ; Merged with w[10][8][20]                                                    ;
; w[12][8][20]                                                     ; Merged with w[10][8][20]                                                    ;
; w[13][8][20]                                                     ; Merged with w[10][8][20]                                                    ;
; w[14][8][20]                                                     ; Merged with w[10][8][20]                                                    ;
; w[15][8][20]                                                     ; Merged with w[10][8][20]                                                    ;
; w[1][8][20]                                                      ; Merged with w[10][8][20]                                                    ;
; w[2][8][20]                                                      ; Merged with w[10][8][20]                                                    ;
; w[3][8][20]                                                      ; Merged with w[10][8][20]                                                    ;
; w[4][8][20]                                                      ; Merged with w[10][8][20]                                                    ;
; w[5][8][20]                                                      ; Merged with w[10][8][20]                                                    ;
; w[6][8][20]                                                      ; Merged with w[10][8][20]                                                    ;
; w[7][8][20]                                                      ; Merged with w[10][8][20]                                                    ;
; w[8][8][20]                                                      ; Merged with w[10][8][20]                                                    ;
; w[9][8][20]                                                      ; Merged with w[10][8][20]                                                    ;
; w[11][15][19]                                                    ; Merged with w[10][15][19]                                                   ;
; w[12][15][19]                                                    ; Merged with w[10][15][19]                                                   ;
; w[13][15][19]                                                    ; Merged with w[10][15][19]                                                   ;
; w[14][15][19]                                                    ; Merged with w[10][15][19]                                                   ;
; w[15][15][19]                                                    ; Merged with w[10][15][19]                                                   ;
; w[1][15][19]                                                     ; Merged with w[10][15][19]                                                   ;
; w[2][15][19]                                                     ; Merged with w[10][15][19]                                                   ;
; w[3][15][19]                                                     ; Merged with w[10][15][19]                                                   ;
; w[4][15][19]                                                     ; Merged with w[10][15][19]                                                   ;
; w[5][15][19]                                                     ; Merged with w[10][15][19]                                                   ;
; w[6][15][19]                                                     ; Merged with w[10][15][19]                                                   ;
; w[7][15][19]                                                     ; Merged with w[10][15][19]                                                   ;
; w[8][15][19]                                                     ; Merged with w[10][15][19]                                                   ;
; w[9][15][19]                                                     ; Merged with w[10][15][19]                                                   ;
; w[11][14][19]                                                    ; Merged with w[10][14][19]                                                   ;
; w[12][14][19]                                                    ; Merged with w[10][14][19]                                                   ;
; w[13][14][19]                                                    ; Merged with w[10][14][19]                                                   ;
; w[14][14][19]                                                    ; Merged with w[10][14][19]                                                   ;
; w[15][14][19]                                                    ; Merged with w[10][14][19]                                                   ;
; w[1][14][19]                                                     ; Merged with w[10][14][19]                                                   ;
; w[2][14][19]                                                     ; Merged with w[10][14][19]                                                   ;
; w[3][14][19]                                                     ; Merged with w[10][14][19]                                                   ;
; w[4][14][19]                                                     ; Merged with w[10][14][19]                                                   ;
; w[5][14][19]                                                     ; Merged with w[10][14][19]                                                   ;
; w[6][14][19]                                                     ; Merged with w[10][14][19]                                                   ;
; w[7][14][19]                                                     ; Merged with w[10][14][19]                                                   ;
; w[8][14][19]                                                     ; Merged with w[10][14][19]                                                   ;
; w[9][14][19]                                                     ; Merged with w[10][14][19]                                                   ;
; w[11][13][19]                                                    ; Merged with w[10][13][19]                                                   ;
; w[12][13][19]                                                    ; Merged with w[10][13][19]                                                   ;
; w[13][13][19]                                                    ; Merged with w[10][13][19]                                                   ;
; w[14][13][19]                                                    ; Merged with w[10][13][19]                                                   ;
; w[15][13][19]                                                    ; Merged with w[10][13][19]                                                   ;
; w[1][13][19]                                                     ; Merged with w[10][13][19]                                                   ;
; w[2][13][19]                                                     ; Merged with w[10][13][19]                                                   ;
; w[3][13][19]                                                     ; Merged with w[10][13][19]                                                   ;
; w[4][13][19]                                                     ; Merged with w[10][13][19]                                                   ;
; w[5][13][19]                                                     ; Merged with w[10][13][19]                                                   ;
; w[6][13][19]                                                     ; Merged with w[10][13][19]                                                   ;
; w[7][13][19]                                                     ; Merged with w[10][13][19]                                                   ;
; w[8][13][19]                                                     ; Merged with w[10][13][19]                                                   ;
; w[9][13][19]                                                     ; Merged with w[10][13][19]                                                   ;
; w[11][12][19]                                                    ; Merged with w[10][12][19]                                                   ;
; w[12][12][19]                                                    ; Merged with w[10][12][19]                                                   ;
; w[13][12][19]                                                    ; Merged with w[10][12][19]                                                   ;
; w[14][12][19]                                                    ; Merged with w[10][12][19]                                                   ;
; w[15][12][19]                                                    ; Merged with w[10][12][19]                                                   ;
; w[1][12][19]                                                     ; Merged with w[10][12][19]                                                   ;
; w[2][12][19]                                                     ; Merged with w[10][12][19]                                                   ;
; w[3][12][19]                                                     ; Merged with w[10][12][19]                                                   ;
; w[4][12][19]                                                     ; Merged with w[10][12][19]                                                   ;
; w[5][12][19]                                                     ; Merged with w[10][12][19]                                                   ;
; w[6][12][19]                                                     ; Merged with w[10][12][19]                                                   ;
; w[7][12][19]                                                     ; Merged with w[10][12][19]                                                   ;
; w[8][12][19]                                                     ; Merged with w[10][12][19]                                                   ;
; w[9][12][19]                                                     ; Merged with w[10][12][19]                                                   ;
; w[11][11][19]                                                    ; Merged with w[10][11][19]                                                   ;
; w[12][11][19]                                                    ; Merged with w[10][11][19]                                                   ;
; w[13][11][19]                                                    ; Merged with w[10][11][19]                                                   ;
; w[14][11][19]                                                    ; Merged with w[10][11][19]                                                   ;
; w[15][11][19]                                                    ; Merged with w[10][11][19]                                                   ;
; w[1][11][19]                                                     ; Merged with w[10][11][19]                                                   ;
; w[2][11][19]                                                     ; Merged with w[10][11][19]                                                   ;
; w[3][11][19]                                                     ; Merged with w[10][11][19]                                                   ;
; w[4][11][19]                                                     ; Merged with w[10][11][19]                                                   ;
; w[5][11][19]                                                     ; Merged with w[10][11][19]                                                   ;
; w[6][11][19]                                                     ; Merged with w[10][11][19]                                                   ;
; w[7][11][19]                                                     ; Merged with w[10][11][19]                                                   ;
; w[8][11][19]                                                     ; Merged with w[10][11][19]                                                   ;
; w[9][11][19]                                                     ; Merged with w[10][11][19]                                                   ;
; w[11][10][19]                                                    ; Merged with w[10][10][19]                                                   ;
; w[12][10][19]                                                    ; Merged with w[10][10][19]                                                   ;
; w[13][10][19]                                                    ; Merged with w[10][10][19]                                                   ;
; w[14][10][19]                                                    ; Merged with w[10][10][19]                                                   ;
; w[15][10][19]                                                    ; Merged with w[10][10][19]                                                   ;
; w[1][10][19]                                                     ; Merged with w[10][10][19]                                                   ;
; w[2][10][19]                                                     ; Merged with w[10][10][19]                                                   ;
; w[3][10][19]                                                     ; Merged with w[10][10][19]                                                   ;
; w[4][10][19]                                                     ; Merged with w[10][10][19]                                                   ;
; w[5][10][19]                                                     ; Merged with w[10][10][19]                                                   ;
; w[6][10][19]                                                     ; Merged with w[10][10][19]                                                   ;
; w[7][10][19]                                                     ; Merged with w[10][10][19]                                                   ;
; w[8][10][19]                                                     ; Merged with w[10][10][19]                                                   ;
; w[9][10][19]                                                     ; Merged with w[10][10][19]                                                   ;
; w[11][9][19]                                                     ; Merged with w[10][9][19]                                                    ;
; w[12][9][19]                                                     ; Merged with w[10][9][19]                                                    ;
; w[13][9][19]                                                     ; Merged with w[10][9][19]                                                    ;
; w[14][9][19]                                                     ; Merged with w[10][9][19]                                                    ;
; w[15][9][19]                                                     ; Merged with w[10][9][19]                                                    ;
; w[1][9][19]                                                      ; Merged with w[10][9][19]                                                    ;
; w[2][9][19]                                                      ; Merged with w[10][9][19]                                                    ;
; w[3][9][19]                                                      ; Merged with w[10][9][19]                                                    ;
; w[4][9][19]                                                      ; Merged with w[10][9][19]                                                    ;
; w[5][9][19]                                                      ; Merged with w[10][9][19]                                                    ;
; w[6][9][19]                                                      ; Merged with w[10][9][19]                                                    ;
; w[7][9][19]                                                      ; Merged with w[10][9][19]                                                    ;
; w[8][9][19]                                                      ; Merged with w[10][9][19]                                                    ;
; w[9][9][19]                                                      ; Merged with w[10][9][19]                                                    ;
; w[11][8][19]                                                     ; Merged with w[10][8][19]                                                    ;
; w[12][8][19]                                                     ; Merged with w[10][8][19]                                                    ;
; w[13][8][19]                                                     ; Merged with w[10][8][19]                                                    ;
; w[14][8][19]                                                     ; Merged with w[10][8][19]                                                    ;
; w[15][8][19]                                                     ; Merged with w[10][8][19]                                                    ;
; w[1][8][19]                                                      ; Merged with w[10][8][19]                                                    ;
; w[2][8][19]                                                      ; Merged with w[10][8][19]                                                    ;
; w[3][8][19]                                                      ; Merged with w[10][8][19]                                                    ;
; w[4][8][19]                                                      ; Merged with w[10][8][19]                                                    ;
; w[5][8][19]                                                      ; Merged with w[10][8][19]                                                    ;
; w[6][8][19]                                                      ; Merged with w[10][8][19]                                                    ;
; w[7][8][19]                                                      ; Merged with w[10][8][19]                                                    ;
; w[8][8][19]                                                      ; Merged with w[10][8][19]                                                    ;
; w[9][8][19]                                                      ; Merged with w[10][8][19]                                                    ;
; w[11][15][18]                                                    ; Merged with w[10][15][18]                                                   ;
; w[12][15][18]                                                    ; Merged with w[10][15][18]                                                   ;
; w[13][15][18]                                                    ; Merged with w[10][15][18]                                                   ;
; w[14][15][18]                                                    ; Merged with w[10][15][18]                                                   ;
; w[15][15][18]                                                    ; Merged with w[10][15][18]                                                   ;
; w[1][15][18]                                                     ; Merged with w[10][15][18]                                                   ;
; w[2][15][18]                                                     ; Merged with w[10][15][18]                                                   ;
; w[3][15][18]                                                     ; Merged with w[10][15][18]                                                   ;
; w[4][15][18]                                                     ; Merged with w[10][15][18]                                                   ;
; w[5][15][18]                                                     ; Merged with w[10][15][18]                                                   ;
; w[6][15][18]                                                     ; Merged with w[10][15][18]                                                   ;
; w[7][15][18]                                                     ; Merged with w[10][15][18]                                                   ;
; w[8][15][18]                                                     ; Merged with w[10][15][18]                                                   ;
; w[9][15][18]                                                     ; Merged with w[10][15][18]                                                   ;
; w[11][14][18]                                                    ; Merged with w[10][14][18]                                                   ;
; w[12][14][18]                                                    ; Merged with w[10][14][18]                                                   ;
; w[13][14][18]                                                    ; Merged with w[10][14][18]                                                   ;
; w[14][14][18]                                                    ; Merged with w[10][14][18]                                                   ;
; w[15][14][18]                                                    ; Merged with w[10][14][18]                                                   ;
; w[1][14][18]                                                     ; Merged with w[10][14][18]                                                   ;
; w[2][14][18]                                                     ; Merged with w[10][14][18]                                                   ;
; w[3][14][18]                                                     ; Merged with w[10][14][18]                                                   ;
; w[4][14][18]                                                     ; Merged with w[10][14][18]                                                   ;
; w[5][14][18]                                                     ; Merged with w[10][14][18]                                                   ;
; w[6][14][18]                                                     ; Merged with w[10][14][18]                                                   ;
; w[7][14][18]                                                     ; Merged with w[10][14][18]                                                   ;
; w[8][14][18]                                                     ; Merged with w[10][14][18]                                                   ;
; w[9][14][18]                                                     ; Merged with w[10][14][18]                                                   ;
; w[11][13][18]                                                    ; Merged with w[10][13][18]                                                   ;
; w[12][13][18]                                                    ; Merged with w[10][13][18]                                                   ;
; w[13][13][18]                                                    ; Merged with w[10][13][18]                                                   ;
; w[14][13][18]                                                    ; Merged with w[10][13][18]                                                   ;
; w[15][13][18]                                                    ; Merged with w[10][13][18]                                                   ;
; w[1][13][18]                                                     ; Merged with w[10][13][18]                                                   ;
; w[2][13][18]                                                     ; Merged with w[10][13][18]                                                   ;
; w[3][13][18]                                                     ; Merged with w[10][13][18]                                                   ;
; w[4][13][18]                                                     ; Merged with w[10][13][18]                                                   ;
; w[5][13][18]                                                     ; Merged with w[10][13][18]                                                   ;
; w[6][13][18]                                                     ; Merged with w[10][13][18]                                                   ;
; w[7][13][18]                                                     ; Merged with w[10][13][18]                                                   ;
; w[8][13][18]                                                     ; Merged with w[10][13][18]                                                   ;
; w[9][13][18]                                                     ; Merged with w[10][13][18]                                                   ;
; w[11][12][18]                                                    ; Merged with w[10][12][18]                                                   ;
; w[12][12][18]                                                    ; Merged with w[10][12][18]                                                   ;
; w[13][12][18]                                                    ; Merged with w[10][12][18]                                                   ;
; w[14][12][18]                                                    ; Merged with w[10][12][18]                                                   ;
; w[15][12][18]                                                    ; Merged with w[10][12][18]                                                   ;
; w[1][12][18]                                                     ; Merged with w[10][12][18]                                                   ;
; w[2][12][18]                                                     ; Merged with w[10][12][18]                                                   ;
; w[3][12][18]                                                     ; Merged with w[10][12][18]                                                   ;
; w[4][12][18]                                                     ; Merged with w[10][12][18]                                                   ;
; w[5][12][18]                                                     ; Merged with w[10][12][18]                                                   ;
; w[6][12][18]                                                     ; Merged with w[10][12][18]                                                   ;
; w[7][12][18]                                                     ; Merged with w[10][12][18]                                                   ;
; w[8][12][18]                                                     ; Merged with w[10][12][18]                                                   ;
; w[9][12][18]                                                     ; Merged with w[10][12][18]                                                   ;
; w[11][11][18]                                                    ; Merged with w[10][11][18]                                                   ;
; w[12][11][18]                                                    ; Merged with w[10][11][18]                                                   ;
; w[13][11][18]                                                    ; Merged with w[10][11][18]                                                   ;
; w[14][11][18]                                                    ; Merged with w[10][11][18]                                                   ;
; w[15][11][18]                                                    ; Merged with w[10][11][18]                                                   ;
; w[1][11][18]                                                     ; Merged with w[10][11][18]                                                   ;
; w[2][11][18]                                                     ; Merged with w[10][11][18]                                                   ;
; w[3][11][18]                                                     ; Merged with w[10][11][18]                                                   ;
; w[4][11][18]                                                     ; Merged with w[10][11][18]                                                   ;
; w[5][11][18]                                                     ; Merged with w[10][11][18]                                                   ;
; w[6][11][18]                                                     ; Merged with w[10][11][18]                                                   ;
; w[7][11][18]                                                     ; Merged with w[10][11][18]                                                   ;
; w[8][11][18]                                                     ; Merged with w[10][11][18]                                                   ;
; w[9][11][18]                                                     ; Merged with w[10][11][18]                                                   ;
; w[11][10][18]                                                    ; Merged with w[10][10][18]                                                   ;
; w[12][10][18]                                                    ; Merged with w[10][10][18]                                                   ;
; w[13][10][18]                                                    ; Merged with w[10][10][18]                                                   ;
; w[14][10][18]                                                    ; Merged with w[10][10][18]                                                   ;
; w[15][10][18]                                                    ; Merged with w[10][10][18]                                                   ;
; w[1][10][18]                                                     ; Merged with w[10][10][18]                                                   ;
; w[2][10][18]                                                     ; Merged with w[10][10][18]                                                   ;
; w[3][10][18]                                                     ; Merged with w[10][10][18]                                                   ;
; w[4][10][18]                                                     ; Merged with w[10][10][18]                                                   ;
; w[5][10][18]                                                     ; Merged with w[10][10][18]                                                   ;
; w[6][10][18]                                                     ; Merged with w[10][10][18]                                                   ;
; w[7][10][18]                                                     ; Merged with w[10][10][18]                                                   ;
; w[8][10][18]                                                     ; Merged with w[10][10][18]                                                   ;
; w[9][10][18]                                                     ; Merged with w[10][10][18]                                                   ;
; w[11][9][18]                                                     ; Merged with w[10][9][18]                                                    ;
; w[12][9][18]                                                     ; Merged with w[10][9][18]                                                    ;
; w[13][9][18]                                                     ; Merged with w[10][9][18]                                                    ;
; w[14][9][18]                                                     ; Merged with w[10][9][18]                                                    ;
; w[15][9][18]                                                     ; Merged with w[10][9][18]                                                    ;
; w[1][9][18]                                                      ; Merged with w[10][9][18]                                                    ;
; w[2][9][18]                                                      ; Merged with w[10][9][18]                                                    ;
; w[3][9][18]                                                      ; Merged with w[10][9][18]                                                    ;
; w[4][9][18]                                                      ; Merged with w[10][9][18]                                                    ;
; w[5][9][18]                                                      ; Merged with w[10][9][18]                                                    ;
; w[6][9][18]                                                      ; Merged with w[10][9][18]                                                    ;
; w[7][9][18]                                                      ; Merged with w[10][9][18]                                                    ;
; w[8][9][18]                                                      ; Merged with w[10][9][18]                                                    ;
; w[9][9][18]                                                      ; Merged with w[10][9][18]                                                    ;
; w[11][8][18]                                                     ; Merged with w[10][8][18]                                                    ;
; w[12][8][18]                                                     ; Merged with w[10][8][18]                                                    ;
; w[13][8][18]                                                     ; Merged with w[10][8][18]                                                    ;
; w[14][8][18]                                                     ; Merged with w[10][8][18]                                                    ;
; w[15][8][18]                                                     ; Merged with w[10][8][18]                                                    ;
; w[1][8][18]                                                      ; Merged with w[10][8][18]                                                    ;
; w[2][8][18]                                                      ; Merged with w[10][8][18]                                                    ;
; w[3][8][18]                                                      ; Merged with w[10][8][18]                                                    ;
; w[4][8][18]                                                      ; Merged with w[10][8][18]                                                    ;
; w[5][8][18]                                                      ; Merged with w[10][8][18]                                                    ;
; w[6][8][18]                                                      ; Merged with w[10][8][18]                                                    ;
; w[7][8][18]                                                      ; Merged with w[10][8][18]                                                    ;
; w[8][8][18]                                                      ; Merged with w[10][8][18]                                                    ;
; w[9][8][18]                                                      ; Merged with w[10][8][18]                                                    ;
; w[11][15][17]                                                    ; Merged with w[10][15][17]                                                   ;
; w[12][15][17]                                                    ; Merged with w[10][15][17]                                                   ;
; w[13][15][17]                                                    ; Merged with w[10][15][17]                                                   ;
; w[14][15][17]                                                    ; Merged with w[10][15][17]                                                   ;
; w[15][15][17]                                                    ; Merged with w[10][15][17]                                                   ;
; w[1][15][17]                                                     ; Merged with w[10][15][17]                                                   ;
; w[2][15][17]                                                     ; Merged with w[10][15][17]                                                   ;
; w[3][15][17]                                                     ; Merged with w[10][15][17]                                                   ;
; w[4][15][17]                                                     ; Merged with w[10][15][17]                                                   ;
; w[5][15][17]                                                     ; Merged with w[10][15][17]                                                   ;
; w[6][15][17]                                                     ; Merged with w[10][15][17]                                                   ;
; w[7][15][17]                                                     ; Merged with w[10][15][17]                                                   ;
; w[8][15][17]                                                     ; Merged with w[10][15][17]                                                   ;
; w[9][15][17]                                                     ; Merged with w[10][15][17]                                                   ;
; w[11][14][17]                                                    ; Merged with w[10][14][17]                                                   ;
; w[12][14][17]                                                    ; Merged with w[10][14][17]                                                   ;
; w[13][14][17]                                                    ; Merged with w[10][14][17]                                                   ;
; w[14][14][17]                                                    ; Merged with w[10][14][17]                                                   ;
; w[15][14][17]                                                    ; Merged with w[10][14][17]                                                   ;
; w[1][14][17]                                                     ; Merged with w[10][14][17]                                                   ;
; w[2][14][17]                                                     ; Merged with w[10][14][17]                                                   ;
; w[3][14][17]                                                     ; Merged with w[10][14][17]                                                   ;
; w[4][14][17]                                                     ; Merged with w[10][14][17]                                                   ;
; w[5][14][17]                                                     ; Merged with w[10][14][17]                                                   ;
; w[6][14][17]                                                     ; Merged with w[10][14][17]                                                   ;
; w[7][14][17]                                                     ; Merged with w[10][14][17]                                                   ;
; w[8][14][17]                                                     ; Merged with w[10][14][17]                                                   ;
; w[9][14][17]                                                     ; Merged with w[10][14][17]                                                   ;
; w[11][13][17]                                                    ; Merged with w[10][13][17]                                                   ;
; w[12][13][17]                                                    ; Merged with w[10][13][17]                                                   ;
; w[13][13][17]                                                    ; Merged with w[10][13][17]                                                   ;
; w[14][13][17]                                                    ; Merged with w[10][13][17]                                                   ;
; w[15][13][17]                                                    ; Merged with w[10][13][17]                                                   ;
; w[1][13][17]                                                     ; Merged with w[10][13][17]                                                   ;
; w[2][13][17]                                                     ; Merged with w[10][13][17]                                                   ;
; w[3][13][17]                                                     ; Merged with w[10][13][17]                                                   ;
; w[4][13][17]                                                     ; Merged with w[10][13][17]                                                   ;
; w[5][13][17]                                                     ; Merged with w[10][13][17]                                                   ;
; w[6][13][17]                                                     ; Merged with w[10][13][17]                                                   ;
; w[7][13][17]                                                     ; Merged with w[10][13][17]                                                   ;
; w[8][13][17]                                                     ; Merged with w[10][13][17]                                                   ;
; w[9][13][17]                                                     ; Merged with w[10][13][17]                                                   ;
; w[11][12][17]                                                    ; Merged with w[10][12][17]                                                   ;
; w[12][12][17]                                                    ; Merged with w[10][12][17]                                                   ;
; w[13][12][17]                                                    ; Merged with w[10][12][17]                                                   ;
; w[14][12][17]                                                    ; Merged with w[10][12][17]                                                   ;
; w[15][12][17]                                                    ; Merged with w[10][12][17]                                                   ;
; w[1][12][17]                                                     ; Merged with w[10][12][17]                                                   ;
; w[2][12][17]                                                     ; Merged with w[10][12][17]                                                   ;
; w[3][12][17]                                                     ; Merged with w[10][12][17]                                                   ;
; w[4][12][17]                                                     ; Merged with w[10][12][17]                                                   ;
; w[5][12][17]                                                     ; Merged with w[10][12][17]                                                   ;
; w[6][12][17]                                                     ; Merged with w[10][12][17]                                                   ;
; w[7][12][17]                                                     ; Merged with w[10][12][17]                                                   ;
; w[8][12][17]                                                     ; Merged with w[10][12][17]                                                   ;
; w[9][12][17]                                                     ; Merged with w[10][12][17]                                                   ;
; w[11][11][17]                                                    ; Merged with w[10][11][17]                                                   ;
; w[12][11][17]                                                    ; Merged with w[10][11][17]                                                   ;
; w[13][11][17]                                                    ; Merged with w[10][11][17]                                                   ;
; w[14][11][17]                                                    ; Merged with w[10][11][17]                                                   ;
; w[15][11][17]                                                    ; Merged with w[10][11][17]                                                   ;
; w[1][11][17]                                                     ; Merged with w[10][11][17]                                                   ;
; w[2][11][17]                                                     ; Merged with w[10][11][17]                                                   ;
; w[3][11][17]                                                     ; Merged with w[10][11][17]                                                   ;
; w[4][11][17]                                                     ; Merged with w[10][11][17]                                                   ;
; w[5][11][17]                                                     ; Merged with w[10][11][17]                                                   ;
; w[6][11][17]                                                     ; Merged with w[10][11][17]                                                   ;
; w[7][11][17]                                                     ; Merged with w[10][11][17]                                                   ;
; w[8][11][17]                                                     ; Merged with w[10][11][17]                                                   ;
; w[9][11][17]                                                     ; Merged with w[10][11][17]                                                   ;
; w[11][10][17]                                                    ; Merged with w[10][10][17]                                                   ;
; w[12][10][17]                                                    ; Merged with w[10][10][17]                                                   ;
; w[13][10][17]                                                    ; Merged with w[10][10][17]                                                   ;
; w[14][10][17]                                                    ; Merged with w[10][10][17]                                                   ;
; w[15][10][17]                                                    ; Merged with w[10][10][17]                                                   ;
; w[1][10][17]                                                     ; Merged with w[10][10][17]                                                   ;
; w[2][10][17]                                                     ; Merged with w[10][10][17]                                                   ;
; w[3][10][17]                                                     ; Merged with w[10][10][17]                                                   ;
; w[4][10][17]                                                     ; Merged with w[10][10][17]                                                   ;
; w[5][10][17]                                                     ; Merged with w[10][10][17]                                                   ;
; w[6][10][17]                                                     ; Merged with w[10][10][17]                                                   ;
; w[7][10][17]                                                     ; Merged with w[10][10][17]                                                   ;
; w[8][10][17]                                                     ; Merged with w[10][10][17]                                                   ;
; w[9][10][17]                                                     ; Merged with w[10][10][17]                                                   ;
; w[11][9][17]                                                     ; Merged with w[10][9][17]                                                    ;
; w[12][9][17]                                                     ; Merged with w[10][9][17]                                                    ;
; w[13][9][17]                                                     ; Merged with w[10][9][17]                                                    ;
; w[14][9][17]                                                     ; Merged with w[10][9][17]                                                    ;
; w[15][9][17]                                                     ; Merged with w[10][9][17]                                                    ;
; w[1][9][17]                                                      ; Merged with w[10][9][17]                                                    ;
; w[2][9][17]                                                      ; Merged with w[10][9][17]                                                    ;
; w[3][9][17]                                                      ; Merged with w[10][9][17]                                                    ;
; w[4][9][17]                                                      ; Merged with w[10][9][17]                                                    ;
; w[5][9][17]                                                      ; Merged with w[10][9][17]                                                    ;
; w[6][9][17]                                                      ; Merged with w[10][9][17]                                                    ;
; w[7][9][17]                                                      ; Merged with w[10][9][17]                                                    ;
; w[8][9][17]                                                      ; Merged with w[10][9][17]                                                    ;
; w[9][9][17]                                                      ; Merged with w[10][9][17]                                                    ;
; w[11][8][17]                                                     ; Merged with w[10][8][17]                                                    ;
; w[12][8][17]                                                     ; Merged with w[10][8][17]                                                    ;
; w[13][8][17]                                                     ; Merged with w[10][8][17]                                                    ;
; w[14][8][17]                                                     ; Merged with w[10][8][17]                                                    ;
; w[15][8][17]                                                     ; Merged with w[10][8][17]                                                    ;
; w[1][8][17]                                                      ; Merged with w[10][8][17]                                                    ;
; w[2][8][17]                                                      ; Merged with w[10][8][17]                                                    ;
; w[3][8][17]                                                      ; Merged with w[10][8][17]                                                    ;
; w[4][8][17]                                                      ; Merged with w[10][8][17]                                                    ;
; w[5][8][17]                                                      ; Merged with w[10][8][17]                                                    ;
; w[6][8][17]                                                      ; Merged with w[10][8][17]                                                    ;
; w[7][8][17]                                                      ; Merged with w[10][8][17]                                                    ;
; w[8][8][17]                                                      ; Merged with w[10][8][17]                                                    ;
; w[9][8][17]                                                      ; Merged with w[10][8][17]                                                    ;
; w[11][15][16]                                                    ; Merged with w[10][15][16]                                                   ;
; w[12][15][16]                                                    ; Merged with w[10][15][16]                                                   ;
; w[13][15][16]                                                    ; Merged with w[10][15][16]                                                   ;
; w[14][15][16]                                                    ; Merged with w[10][15][16]                                                   ;
; w[15][15][16]                                                    ; Merged with w[10][15][16]                                                   ;
; w[1][15][16]                                                     ; Merged with w[10][15][16]                                                   ;
; w[2][15][16]                                                     ; Merged with w[10][15][16]                                                   ;
; w[3][15][16]                                                     ; Merged with w[10][15][16]                                                   ;
; w[4][15][16]                                                     ; Merged with w[10][15][16]                                                   ;
; w[5][15][16]                                                     ; Merged with w[10][15][16]                                                   ;
; w[6][15][16]                                                     ; Merged with w[10][15][16]                                                   ;
; w[7][15][16]                                                     ; Merged with w[10][15][16]                                                   ;
; w[8][15][16]                                                     ; Merged with w[10][15][16]                                                   ;
; w[9][15][16]                                                     ; Merged with w[10][15][16]                                                   ;
; w[11][14][16]                                                    ; Merged with w[10][14][16]                                                   ;
; w[12][14][16]                                                    ; Merged with w[10][14][16]                                                   ;
; w[13][14][16]                                                    ; Merged with w[10][14][16]                                                   ;
; w[14][14][16]                                                    ; Merged with w[10][14][16]                                                   ;
; w[15][14][16]                                                    ; Merged with w[10][14][16]                                                   ;
; w[1][14][16]                                                     ; Merged with w[10][14][16]                                                   ;
; w[2][14][16]                                                     ; Merged with w[10][14][16]                                                   ;
; w[3][14][16]                                                     ; Merged with w[10][14][16]                                                   ;
; w[4][14][16]                                                     ; Merged with w[10][14][16]                                                   ;
; w[5][14][16]                                                     ; Merged with w[10][14][16]                                                   ;
; w[6][14][16]                                                     ; Merged with w[10][14][16]                                                   ;
; w[7][14][16]                                                     ; Merged with w[10][14][16]                                                   ;
; w[8][14][16]                                                     ; Merged with w[10][14][16]                                                   ;
; w[9][14][16]                                                     ; Merged with w[10][14][16]                                                   ;
; w[11][13][16]                                                    ; Merged with w[10][13][16]                                                   ;
; w[12][13][16]                                                    ; Merged with w[10][13][16]                                                   ;
; w[13][13][16]                                                    ; Merged with w[10][13][16]                                                   ;
; w[14][13][16]                                                    ; Merged with w[10][13][16]                                                   ;
; w[15][13][16]                                                    ; Merged with w[10][13][16]                                                   ;
; w[1][13][16]                                                     ; Merged with w[10][13][16]                                                   ;
; w[2][13][16]                                                     ; Merged with w[10][13][16]                                                   ;
; w[3][13][16]                                                     ; Merged with w[10][13][16]                                                   ;
; w[4][13][16]                                                     ; Merged with w[10][13][16]                                                   ;
; w[5][13][16]                                                     ; Merged with w[10][13][16]                                                   ;
; w[6][13][16]                                                     ; Merged with w[10][13][16]                                                   ;
; w[7][13][16]                                                     ; Merged with w[10][13][16]                                                   ;
; w[8][13][16]                                                     ; Merged with w[10][13][16]                                                   ;
; w[9][13][16]                                                     ; Merged with w[10][13][16]                                                   ;
; w[11][12][16]                                                    ; Merged with w[10][12][16]                                                   ;
; w[12][12][16]                                                    ; Merged with w[10][12][16]                                                   ;
; w[13][12][16]                                                    ; Merged with w[10][12][16]                                                   ;
; w[14][12][16]                                                    ; Merged with w[10][12][16]                                                   ;
; w[15][12][16]                                                    ; Merged with w[10][12][16]                                                   ;
; w[1][12][16]                                                     ; Merged with w[10][12][16]                                                   ;
; w[2][12][16]                                                     ; Merged with w[10][12][16]                                                   ;
; w[3][12][16]                                                     ; Merged with w[10][12][16]                                                   ;
; w[4][12][16]                                                     ; Merged with w[10][12][16]                                                   ;
; w[5][12][16]                                                     ; Merged with w[10][12][16]                                                   ;
; w[6][12][16]                                                     ; Merged with w[10][12][16]                                                   ;
; w[7][12][16]                                                     ; Merged with w[10][12][16]                                                   ;
; w[8][12][16]                                                     ; Merged with w[10][12][16]                                                   ;
; w[9][12][16]                                                     ; Merged with w[10][12][16]                                                   ;
; w[11][11][16]                                                    ; Merged with w[10][11][16]                                                   ;
; w[12][11][16]                                                    ; Merged with w[10][11][16]                                                   ;
; w[13][11][16]                                                    ; Merged with w[10][11][16]                                                   ;
; w[14][11][16]                                                    ; Merged with w[10][11][16]                                                   ;
; w[15][11][16]                                                    ; Merged with w[10][11][16]                                                   ;
; w[1][11][16]                                                     ; Merged with w[10][11][16]                                                   ;
; w[2][11][16]                                                     ; Merged with w[10][11][16]                                                   ;
; w[3][11][16]                                                     ; Merged with w[10][11][16]                                                   ;
; w[4][11][16]                                                     ; Merged with w[10][11][16]                                                   ;
; w[5][11][16]                                                     ; Merged with w[10][11][16]                                                   ;
; w[6][11][16]                                                     ; Merged with w[10][11][16]                                                   ;
; w[7][11][16]                                                     ; Merged with w[10][11][16]                                                   ;
; w[8][11][16]                                                     ; Merged with w[10][11][16]                                                   ;
; w[9][11][16]                                                     ; Merged with w[10][11][16]                                                   ;
; w[11][10][16]                                                    ; Merged with w[10][10][16]                                                   ;
; w[12][10][16]                                                    ; Merged with w[10][10][16]                                                   ;
; w[13][10][16]                                                    ; Merged with w[10][10][16]                                                   ;
; w[14][10][16]                                                    ; Merged with w[10][10][16]                                                   ;
; w[15][10][16]                                                    ; Merged with w[10][10][16]                                                   ;
; w[1][10][16]                                                     ; Merged with w[10][10][16]                                                   ;
; w[2][10][16]                                                     ; Merged with w[10][10][16]                                                   ;
; w[3][10][16]                                                     ; Merged with w[10][10][16]                                                   ;
; w[4][10][16]                                                     ; Merged with w[10][10][16]                                                   ;
; w[5][10][16]                                                     ; Merged with w[10][10][16]                                                   ;
; w[6][10][16]                                                     ; Merged with w[10][10][16]                                                   ;
; w[7][10][16]                                                     ; Merged with w[10][10][16]                                                   ;
; w[8][10][16]                                                     ; Merged with w[10][10][16]                                                   ;
; w[9][10][16]                                                     ; Merged with w[10][10][16]                                                   ;
; w[11][9][16]                                                     ; Merged with w[10][9][16]                                                    ;
; w[12][9][16]                                                     ; Merged with w[10][9][16]                                                    ;
; w[13][9][16]                                                     ; Merged with w[10][9][16]                                                    ;
; w[14][9][16]                                                     ; Merged with w[10][9][16]                                                    ;
; w[15][9][16]                                                     ; Merged with w[10][9][16]                                                    ;
; w[1][9][16]                                                      ; Merged with w[10][9][16]                                                    ;
; w[2][9][16]                                                      ; Merged with w[10][9][16]                                                    ;
; w[3][9][16]                                                      ; Merged with w[10][9][16]                                                    ;
; w[4][9][16]                                                      ; Merged with w[10][9][16]                                                    ;
; w[5][9][16]                                                      ; Merged with w[10][9][16]                                                    ;
; w[6][9][16]                                                      ; Merged with w[10][9][16]                                                    ;
; w[7][9][16]                                                      ; Merged with w[10][9][16]                                                    ;
; w[8][9][16]                                                      ; Merged with w[10][9][16]                                                    ;
; w[9][9][16]                                                      ; Merged with w[10][9][16]                                                    ;
; w[11][8][16]                                                     ; Merged with w[10][8][16]                                                    ;
; w[12][8][16]                                                     ; Merged with w[10][8][16]                                                    ;
; w[13][8][16]                                                     ; Merged with w[10][8][16]                                                    ;
; w[14][8][16]                                                     ; Merged with w[10][8][16]                                                    ;
; w[15][8][16]                                                     ; Merged with w[10][8][16]                                                    ;
; w[1][8][16]                                                      ; Merged with w[10][8][16]                                                    ;
; w[2][8][16]                                                      ; Merged with w[10][8][16]                                                    ;
; w[3][8][16]                                                      ; Merged with w[10][8][16]                                                    ;
; w[4][8][16]                                                      ; Merged with w[10][8][16]                                                    ;
; w[5][8][16]                                                      ; Merged with w[10][8][16]                                                    ;
; w[6][8][16]                                                      ; Merged with w[10][8][16]                                                    ;
; w[7][8][16]                                                      ; Merged with w[10][8][16]                                                    ;
; w[8][8][16]                                                      ; Merged with w[10][8][16]                                                    ;
; w[9][8][16]                                                      ; Merged with w[10][8][16]                                                    ;
; w[11][15][15]                                                    ; Merged with w[10][15][15]                                                   ;
; w[12][15][15]                                                    ; Merged with w[10][15][15]                                                   ;
; w[13][15][15]                                                    ; Merged with w[10][15][15]                                                   ;
; w[14][15][15]                                                    ; Merged with w[10][15][15]                                                   ;
; w[15][15][15]                                                    ; Merged with w[10][15][15]                                                   ;
; w[1][15][15]                                                     ; Merged with w[10][15][15]                                                   ;
; w[2][15][15]                                                     ; Merged with w[10][15][15]                                                   ;
; w[3][15][15]                                                     ; Merged with w[10][15][15]                                                   ;
; w[4][15][15]                                                     ; Merged with w[10][15][15]                                                   ;
; w[5][15][15]                                                     ; Merged with w[10][15][15]                                                   ;
; w[6][15][15]                                                     ; Merged with w[10][15][15]                                                   ;
; w[7][15][15]                                                     ; Merged with w[10][15][15]                                                   ;
; w[8][15][15]                                                     ; Merged with w[10][15][15]                                                   ;
; w[9][15][15]                                                     ; Merged with w[10][15][15]                                                   ;
; w[11][14][15]                                                    ; Merged with w[10][14][15]                                                   ;
; w[12][14][15]                                                    ; Merged with w[10][14][15]                                                   ;
; w[13][14][15]                                                    ; Merged with w[10][14][15]                                                   ;
; w[14][14][15]                                                    ; Merged with w[10][14][15]                                                   ;
; w[15][14][15]                                                    ; Merged with w[10][14][15]                                                   ;
; w[1][14][15]                                                     ; Merged with w[10][14][15]                                                   ;
; w[2][14][15]                                                     ; Merged with w[10][14][15]                                                   ;
; w[3][14][15]                                                     ; Merged with w[10][14][15]                                                   ;
; w[4][14][15]                                                     ; Merged with w[10][14][15]                                                   ;
; w[5][14][15]                                                     ; Merged with w[10][14][15]                                                   ;
; w[6][14][15]                                                     ; Merged with w[10][14][15]                                                   ;
; w[7][14][15]                                                     ; Merged with w[10][14][15]                                                   ;
; w[8][14][15]                                                     ; Merged with w[10][14][15]                                                   ;
; w[9][14][15]                                                     ; Merged with w[10][14][15]                                                   ;
; w[11][13][15]                                                    ; Merged with w[10][13][15]                                                   ;
; w[12][13][15]                                                    ; Merged with w[10][13][15]                                                   ;
; w[13][13][15]                                                    ; Merged with w[10][13][15]                                                   ;
; w[14][13][15]                                                    ; Merged with w[10][13][15]                                                   ;
; w[15][13][15]                                                    ; Merged with w[10][13][15]                                                   ;
; w[1][13][15]                                                     ; Merged with w[10][13][15]                                                   ;
; w[2][13][15]                                                     ; Merged with w[10][13][15]                                                   ;
; w[3][13][15]                                                     ; Merged with w[10][13][15]                                                   ;
; w[4][13][15]                                                     ; Merged with w[10][13][15]                                                   ;
; w[5][13][15]                                                     ; Merged with w[10][13][15]                                                   ;
; w[6][13][15]                                                     ; Merged with w[10][13][15]                                                   ;
; w[7][13][15]                                                     ; Merged with w[10][13][15]                                                   ;
; w[8][13][15]                                                     ; Merged with w[10][13][15]                                                   ;
; w[9][13][15]                                                     ; Merged with w[10][13][15]                                                   ;
; w[11][12][15]                                                    ; Merged with w[10][12][15]                                                   ;
; w[12][12][15]                                                    ; Merged with w[10][12][15]                                                   ;
; w[13][12][15]                                                    ; Merged with w[10][12][15]                                                   ;
; w[14][12][15]                                                    ; Merged with w[10][12][15]                                                   ;
; w[15][12][15]                                                    ; Merged with w[10][12][15]                                                   ;
; w[1][12][15]                                                     ; Merged with w[10][12][15]                                                   ;
; w[2][12][15]                                                     ; Merged with w[10][12][15]                                                   ;
; w[3][12][15]                                                     ; Merged with w[10][12][15]                                                   ;
; w[4][12][15]                                                     ; Merged with w[10][12][15]                                                   ;
; w[5][12][15]                                                     ; Merged with w[10][12][15]                                                   ;
; w[6][12][15]                                                     ; Merged with w[10][12][15]                                                   ;
; w[7][12][15]                                                     ; Merged with w[10][12][15]                                                   ;
; w[8][12][15]                                                     ; Merged with w[10][12][15]                                                   ;
; w[9][12][15]                                                     ; Merged with w[10][12][15]                                                   ;
; w[11][11][15]                                                    ; Merged with w[10][11][15]                                                   ;
; w[12][11][15]                                                    ; Merged with w[10][11][15]                                                   ;
; w[13][11][15]                                                    ; Merged with w[10][11][15]                                                   ;
; w[14][11][15]                                                    ; Merged with w[10][11][15]                                                   ;
; w[15][11][15]                                                    ; Merged with w[10][11][15]                                                   ;
; w[1][11][15]                                                     ; Merged with w[10][11][15]                                                   ;
; w[2][11][15]                                                     ; Merged with w[10][11][15]                                                   ;
; w[3][11][15]                                                     ; Merged with w[10][11][15]                                                   ;
; w[4][11][15]                                                     ; Merged with w[10][11][15]                                                   ;
; w[5][11][15]                                                     ; Merged with w[10][11][15]                                                   ;
; w[6][11][15]                                                     ; Merged with w[10][11][15]                                                   ;
; w[7][11][15]                                                     ; Merged with w[10][11][15]                                                   ;
; w[8][11][15]                                                     ; Merged with w[10][11][15]                                                   ;
; w[9][11][15]                                                     ; Merged with w[10][11][15]                                                   ;
; w[11][10][15]                                                    ; Merged with w[10][10][15]                                                   ;
; w[12][10][15]                                                    ; Merged with w[10][10][15]                                                   ;
; w[13][10][15]                                                    ; Merged with w[10][10][15]                                                   ;
; w[14][10][15]                                                    ; Merged with w[10][10][15]                                                   ;
; w[15][10][15]                                                    ; Merged with w[10][10][15]                                                   ;
; w[1][10][15]                                                     ; Merged with w[10][10][15]                                                   ;
; w[2][10][15]                                                     ; Merged with w[10][10][15]                                                   ;
; w[3][10][15]                                                     ; Merged with w[10][10][15]                                                   ;
; w[4][10][15]                                                     ; Merged with w[10][10][15]                                                   ;
; w[5][10][15]                                                     ; Merged with w[10][10][15]                                                   ;
; w[6][10][15]                                                     ; Merged with w[10][10][15]                                                   ;
; w[7][10][15]                                                     ; Merged with w[10][10][15]                                                   ;
; w[8][10][15]                                                     ; Merged with w[10][10][15]                                                   ;
; w[9][10][15]                                                     ; Merged with w[10][10][15]                                                   ;
; w[11][9][15]                                                     ; Merged with w[10][9][15]                                                    ;
; w[12][9][15]                                                     ; Merged with w[10][9][15]                                                    ;
; w[13][9][15]                                                     ; Merged with w[10][9][15]                                                    ;
; w[14][9][15]                                                     ; Merged with w[10][9][15]                                                    ;
; w[15][9][15]                                                     ; Merged with w[10][9][15]                                                    ;
; w[1][9][15]                                                      ; Merged with w[10][9][15]                                                    ;
; w[2][9][15]                                                      ; Merged with w[10][9][15]                                                    ;
; w[3][9][15]                                                      ; Merged with w[10][9][15]                                                    ;
; w[4][9][15]                                                      ; Merged with w[10][9][15]                                                    ;
; w[5][9][15]                                                      ; Merged with w[10][9][15]                                                    ;
; w[6][9][15]                                                      ; Merged with w[10][9][15]                                                    ;
; w[7][9][15]                                                      ; Merged with w[10][9][15]                                                    ;
; w[8][9][15]                                                      ; Merged with w[10][9][15]                                                    ;
; w[9][9][15]                                                      ; Merged with w[10][9][15]                                                    ;
; w[11][8][15]                                                     ; Merged with w[10][8][15]                                                    ;
; w[12][8][15]                                                     ; Merged with w[10][8][15]                                                    ;
; w[13][8][15]                                                     ; Merged with w[10][8][15]                                                    ;
; w[14][8][15]                                                     ; Merged with w[10][8][15]                                                    ;
; w[15][8][15]                                                     ; Merged with w[10][8][15]                                                    ;
; w[1][8][15]                                                      ; Merged with w[10][8][15]                                                    ;
; w[2][8][15]                                                      ; Merged with w[10][8][15]                                                    ;
; w[3][8][15]                                                      ; Merged with w[10][8][15]                                                    ;
; w[4][8][15]                                                      ; Merged with w[10][8][15]                                                    ;
; w[5][8][15]                                                      ; Merged with w[10][8][15]                                                    ;
; w[6][8][15]                                                      ; Merged with w[10][8][15]                                                    ;
; w[7][8][15]                                                      ; Merged with w[10][8][15]                                                    ;
; w[8][8][15]                                                      ; Merged with w[10][8][15]                                                    ;
; w[9][8][15]                                                      ; Merged with w[10][8][15]                                                    ;
; w[11][15][14]                                                    ; Merged with w[10][15][14]                                                   ;
; w[12][15][14]                                                    ; Merged with w[10][15][14]                                                   ;
; w[13][15][14]                                                    ; Merged with w[10][15][14]                                                   ;
; w[14][15][14]                                                    ; Merged with w[10][15][14]                                                   ;
; w[15][15][14]                                                    ; Merged with w[10][15][14]                                                   ;
; w[1][15][14]                                                     ; Merged with w[10][15][14]                                                   ;
; w[2][15][14]                                                     ; Merged with w[10][15][14]                                                   ;
; w[3][15][14]                                                     ; Merged with w[10][15][14]                                                   ;
; w[4][15][14]                                                     ; Merged with w[10][15][14]                                                   ;
; w[5][15][14]                                                     ; Merged with w[10][15][14]                                                   ;
; w[6][15][14]                                                     ; Merged with w[10][15][14]                                                   ;
; w[7][15][14]                                                     ; Merged with w[10][15][14]                                                   ;
; w[8][15][14]                                                     ; Merged with w[10][15][14]                                                   ;
; w[9][15][14]                                                     ; Merged with w[10][15][14]                                                   ;
; w[11][14][14]                                                    ; Merged with w[10][14][14]                                                   ;
; w[12][14][14]                                                    ; Merged with w[10][14][14]                                                   ;
; w[13][14][14]                                                    ; Merged with w[10][14][14]                                                   ;
; w[14][14][14]                                                    ; Merged with w[10][14][14]                                                   ;
; w[15][14][14]                                                    ; Merged with w[10][14][14]                                                   ;
; w[1][14][14]                                                     ; Merged with w[10][14][14]                                                   ;
; w[2][14][14]                                                     ; Merged with w[10][14][14]                                                   ;
; w[3][14][14]                                                     ; Merged with w[10][14][14]                                                   ;
; w[4][14][14]                                                     ; Merged with w[10][14][14]                                                   ;
; w[5][14][14]                                                     ; Merged with w[10][14][14]                                                   ;
; w[6][14][14]                                                     ; Merged with w[10][14][14]                                                   ;
; w[7][14][14]                                                     ; Merged with w[10][14][14]                                                   ;
; w[8][14][14]                                                     ; Merged with w[10][14][14]                                                   ;
; w[9][14][14]                                                     ; Merged with w[10][14][14]                                                   ;
; w[11][13][14]                                                    ; Merged with w[10][13][14]                                                   ;
; w[12][13][14]                                                    ; Merged with w[10][13][14]                                                   ;
; w[13][13][14]                                                    ; Merged with w[10][13][14]                                                   ;
; w[14][13][14]                                                    ; Merged with w[10][13][14]                                                   ;
; w[15][13][14]                                                    ; Merged with w[10][13][14]                                                   ;
; w[1][13][14]                                                     ; Merged with w[10][13][14]                                                   ;
; w[2][13][14]                                                     ; Merged with w[10][13][14]                                                   ;
; w[3][13][14]                                                     ; Merged with w[10][13][14]                                                   ;
; w[4][13][14]                                                     ; Merged with w[10][13][14]                                                   ;
; w[5][13][14]                                                     ; Merged with w[10][13][14]                                                   ;
; w[6][13][14]                                                     ; Merged with w[10][13][14]                                                   ;
; w[7][13][14]                                                     ; Merged with w[10][13][14]                                                   ;
; w[8][13][14]                                                     ; Merged with w[10][13][14]                                                   ;
; w[9][13][14]                                                     ; Merged with w[10][13][14]                                                   ;
; w[11][12][14]                                                    ; Merged with w[10][12][14]                                                   ;
; w[12][12][14]                                                    ; Merged with w[10][12][14]                                                   ;
; w[13][12][14]                                                    ; Merged with w[10][12][14]                                                   ;
; w[14][12][14]                                                    ; Merged with w[10][12][14]                                                   ;
; w[15][12][14]                                                    ; Merged with w[10][12][14]                                                   ;
; w[1][12][14]                                                     ; Merged with w[10][12][14]                                                   ;
; w[2][12][14]                                                     ; Merged with w[10][12][14]                                                   ;
; w[3][12][14]                                                     ; Merged with w[10][12][14]                                                   ;
; w[4][12][14]                                                     ; Merged with w[10][12][14]                                                   ;
; w[5][12][14]                                                     ; Merged with w[10][12][14]                                                   ;
; w[6][12][14]                                                     ; Merged with w[10][12][14]                                                   ;
; w[7][12][14]                                                     ; Merged with w[10][12][14]                                                   ;
; w[8][12][14]                                                     ; Merged with w[10][12][14]                                                   ;
; w[9][12][14]                                                     ; Merged with w[10][12][14]                                                   ;
; w[11][11][14]                                                    ; Merged with w[10][11][14]                                                   ;
; w[12][11][14]                                                    ; Merged with w[10][11][14]                                                   ;
; w[13][11][14]                                                    ; Merged with w[10][11][14]                                                   ;
; w[14][11][14]                                                    ; Merged with w[10][11][14]                                                   ;
; w[15][11][14]                                                    ; Merged with w[10][11][14]                                                   ;
; w[1][11][14]                                                     ; Merged with w[10][11][14]                                                   ;
; w[2][11][14]                                                     ; Merged with w[10][11][14]                                                   ;
; w[3][11][14]                                                     ; Merged with w[10][11][14]                                                   ;
; w[4][11][14]                                                     ; Merged with w[10][11][14]                                                   ;
; w[5][11][14]                                                     ; Merged with w[10][11][14]                                                   ;
; w[6][11][14]                                                     ; Merged with w[10][11][14]                                                   ;
; w[7][11][14]                                                     ; Merged with w[10][11][14]                                                   ;
; w[8][11][14]                                                     ; Merged with w[10][11][14]                                                   ;
; w[9][11][14]                                                     ; Merged with w[10][11][14]                                                   ;
; w[11][10][14]                                                    ; Merged with w[10][10][14]                                                   ;
; w[12][10][14]                                                    ; Merged with w[10][10][14]                                                   ;
; w[13][10][14]                                                    ; Merged with w[10][10][14]                                                   ;
; w[14][10][14]                                                    ; Merged with w[10][10][14]                                                   ;
; w[15][10][14]                                                    ; Merged with w[10][10][14]                                                   ;
; w[1][10][14]                                                     ; Merged with w[10][10][14]                                                   ;
; w[2][10][14]                                                     ; Merged with w[10][10][14]                                                   ;
; w[3][10][14]                                                     ; Merged with w[10][10][14]                                                   ;
; w[4][10][14]                                                     ; Merged with w[10][10][14]                                                   ;
; w[5][10][14]                                                     ; Merged with w[10][10][14]                                                   ;
; w[6][10][14]                                                     ; Merged with w[10][10][14]                                                   ;
; w[7][10][14]                                                     ; Merged with w[10][10][14]                                                   ;
; w[8][10][14]                                                     ; Merged with w[10][10][14]                                                   ;
; w[9][10][14]                                                     ; Merged with w[10][10][14]                                                   ;
; w[11][9][14]                                                     ; Merged with w[10][9][14]                                                    ;
; w[12][9][14]                                                     ; Merged with w[10][9][14]                                                    ;
; w[13][9][14]                                                     ; Merged with w[10][9][14]                                                    ;
; w[14][9][14]                                                     ; Merged with w[10][9][14]                                                    ;
; w[15][9][14]                                                     ; Merged with w[10][9][14]                                                    ;
; w[1][9][14]                                                      ; Merged with w[10][9][14]                                                    ;
; w[2][9][14]                                                      ; Merged with w[10][9][14]                                                    ;
; w[3][9][14]                                                      ; Merged with w[10][9][14]                                                    ;
; w[4][9][14]                                                      ; Merged with w[10][9][14]                                                    ;
; w[5][9][14]                                                      ; Merged with w[10][9][14]                                                    ;
; w[6][9][14]                                                      ; Merged with w[10][9][14]                                                    ;
; w[7][9][14]                                                      ; Merged with w[10][9][14]                                                    ;
; w[8][9][14]                                                      ; Merged with w[10][9][14]                                                    ;
; w[9][9][14]                                                      ; Merged with w[10][9][14]                                                    ;
; w[11][8][14]                                                     ; Merged with w[10][8][14]                                                    ;
; w[12][8][14]                                                     ; Merged with w[10][8][14]                                                    ;
; w[13][8][14]                                                     ; Merged with w[10][8][14]                                                    ;
; w[14][8][14]                                                     ; Merged with w[10][8][14]                                                    ;
; w[15][8][14]                                                     ; Merged with w[10][8][14]                                                    ;
; w[1][8][14]                                                      ; Merged with w[10][8][14]                                                    ;
; w[2][8][14]                                                      ; Merged with w[10][8][14]                                                    ;
; w[3][8][14]                                                      ; Merged with w[10][8][14]                                                    ;
; w[4][8][14]                                                      ; Merged with w[10][8][14]                                                    ;
; w[5][8][14]                                                      ; Merged with w[10][8][14]                                                    ;
; w[6][8][14]                                                      ; Merged with w[10][8][14]                                                    ;
; w[7][8][14]                                                      ; Merged with w[10][8][14]                                                    ;
; w[8][8][14]                                                      ; Merged with w[10][8][14]                                                    ;
; w[9][8][14]                                                      ; Merged with w[10][8][14]                                                    ;
; w[11][15][13]                                                    ; Merged with w[10][15][13]                                                   ;
; w[12][15][13]                                                    ; Merged with w[10][15][13]                                                   ;
; w[13][15][13]                                                    ; Merged with w[10][15][13]                                                   ;
; w[14][15][13]                                                    ; Merged with w[10][15][13]                                                   ;
; w[15][15][13]                                                    ; Merged with w[10][15][13]                                                   ;
; w[1][15][13]                                                     ; Merged with w[10][15][13]                                                   ;
; w[2][15][13]                                                     ; Merged with w[10][15][13]                                                   ;
; w[3][15][13]                                                     ; Merged with w[10][15][13]                                                   ;
; w[4][15][13]                                                     ; Merged with w[10][15][13]                                                   ;
; w[5][15][13]                                                     ; Merged with w[10][15][13]                                                   ;
; w[6][15][13]                                                     ; Merged with w[10][15][13]                                                   ;
; w[7][15][13]                                                     ; Merged with w[10][15][13]                                                   ;
; w[8][15][13]                                                     ; Merged with w[10][15][13]                                                   ;
; w[9][15][13]                                                     ; Merged with w[10][15][13]                                                   ;
; w[11][14][13]                                                    ; Merged with w[10][14][13]                                                   ;
; w[12][14][13]                                                    ; Merged with w[10][14][13]                                                   ;
; w[13][14][13]                                                    ; Merged with w[10][14][13]                                                   ;
; w[14][14][13]                                                    ; Merged with w[10][14][13]                                                   ;
; w[15][14][13]                                                    ; Merged with w[10][14][13]                                                   ;
; w[1][14][13]                                                     ; Merged with w[10][14][13]                                                   ;
; w[2][14][13]                                                     ; Merged with w[10][14][13]                                                   ;
; w[3][14][13]                                                     ; Merged with w[10][14][13]                                                   ;
; w[4][14][13]                                                     ; Merged with w[10][14][13]                                                   ;
; w[5][14][13]                                                     ; Merged with w[10][14][13]                                                   ;
; w[6][14][13]                                                     ; Merged with w[10][14][13]                                                   ;
; w[7][14][13]                                                     ; Merged with w[10][14][13]                                                   ;
; w[8][14][13]                                                     ; Merged with w[10][14][13]                                                   ;
; w[9][14][13]                                                     ; Merged with w[10][14][13]                                                   ;
; w[11][13][13]                                                    ; Merged with w[10][13][13]                                                   ;
; w[12][13][13]                                                    ; Merged with w[10][13][13]                                                   ;
; w[13][13][13]                                                    ; Merged with w[10][13][13]                                                   ;
; w[14][13][13]                                                    ; Merged with w[10][13][13]                                                   ;
; w[15][13][13]                                                    ; Merged with w[10][13][13]                                                   ;
; w[1][13][13]                                                     ; Merged with w[10][13][13]                                                   ;
; w[2][13][13]                                                     ; Merged with w[10][13][13]                                                   ;
; w[3][13][13]                                                     ; Merged with w[10][13][13]                                                   ;
; w[4][13][13]                                                     ; Merged with w[10][13][13]                                                   ;
; w[5][13][13]                                                     ; Merged with w[10][13][13]                                                   ;
; w[6][13][13]                                                     ; Merged with w[10][13][13]                                                   ;
; w[7][13][13]                                                     ; Merged with w[10][13][13]                                                   ;
; w[8][13][13]                                                     ; Merged with w[10][13][13]                                                   ;
; w[9][13][13]                                                     ; Merged with w[10][13][13]                                                   ;
; w[11][12][13]                                                    ; Merged with w[10][12][13]                                                   ;
; w[12][12][13]                                                    ; Merged with w[10][12][13]                                                   ;
; w[13][12][13]                                                    ; Merged with w[10][12][13]                                                   ;
; w[14][12][13]                                                    ; Merged with w[10][12][13]                                                   ;
; w[15][12][13]                                                    ; Merged with w[10][12][13]                                                   ;
; w[1][12][13]                                                     ; Merged with w[10][12][13]                                                   ;
; w[2][12][13]                                                     ; Merged with w[10][12][13]                                                   ;
; w[3][12][13]                                                     ; Merged with w[10][12][13]                                                   ;
; w[4][12][13]                                                     ; Merged with w[10][12][13]                                                   ;
; w[5][12][13]                                                     ; Merged with w[10][12][13]                                                   ;
; w[6][12][13]                                                     ; Merged with w[10][12][13]                                                   ;
; w[7][12][13]                                                     ; Merged with w[10][12][13]                                                   ;
; w[8][12][13]                                                     ; Merged with w[10][12][13]                                                   ;
; w[9][12][13]                                                     ; Merged with w[10][12][13]                                                   ;
; w[11][11][13]                                                    ; Merged with w[10][11][13]                                                   ;
; w[12][11][13]                                                    ; Merged with w[10][11][13]                                                   ;
; w[13][11][13]                                                    ; Merged with w[10][11][13]                                                   ;
; w[14][11][13]                                                    ; Merged with w[10][11][13]                                                   ;
; w[15][11][13]                                                    ; Merged with w[10][11][13]                                                   ;
; w[1][11][13]                                                     ; Merged with w[10][11][13]                                                   ;
; w[2][11][13]                                                     ; Merged with w[10][11][13]                                                   ;
; w[3][11][13]                                                     ; Merged with w[10][11][13]                                                   ;
; w[4][11][13]                                                     ; Merged with w[10][11][13]                                                   ;
; w[5][11][13]                                                     ; Merged with w[10][11][13]                                                   ;
; w[6][11][13]                                                     ; Merged with w[10][11][13]                                                   ;
; w[7][11][13]                                                     ; Merged with w[10][11][13]                                                   ;
; w[8][11][13]                                                     ; Merged with w[10][11][13]                                                   ;
; w[9][11][13]                                                     ; Merged with w[10][11][13]                                                   ;
; w[11][10][13]                                                    ; Merged with w[10][10][13]                                                   ;
; w[12][10][13]                                                    ; Merged with w[10][10][13]                                                   ;
; w[13][10][13]                                                    ; Merged with w[10][10][13]                                                   ;
; w[14][10][13]                                                    ; Merged with w[10][10][13]                                                   ;
; w[15][10][13]                                                    ; Merged with w[10][10][13]                                                   ;
; w[1][10][13]                                                     ; Merged with w[10][10][13]                                                   ;
; w[2][10][13]                                                     ; Merged with w[10][10][13]                                                   ;
; w[3][10][13]                                                     ; Merged with w[10][10][13]                                                   ;
; w[4][10][13]                                                     ; Merged with w[10][10][13]                                                   ;
; w[5][10][13]                                                     ; Merged with w[10][10][13]                                                   ;
; w[6][10][13]                                                     ; Merged with w[10][10][13]                                                   ;
; w[7][10][13]                                                     ; Merged with w[10][10][13]                                                   ;
; w[8][10][13]                                                     ; Merged with w[10][10][13]                                                   ;
; w[9][10][13]                                                     ; Merged with w[10][10][13]                                                   ;
; w[11][9][13]                                                     ; Merged with w[10][9][13]                                                    ;
; w[12][9][13]                                                     ; Merged with w[10][9][13]                                                    ;
; w[13][9][13]                                                     ; Merged with w[10][9][13]                                                    ;
; w[14][9][13]                                                     ; Merged with w[10][9][13]                                                    ;
; w[15][9][13]                                                     ; Merged with w[10][9][13]                                                    ;
; w[1][9][13]                                                      ; Merged with w[10][9][13]                                                    ;
; w[2][9][13]                                                      ; Merged with w[10][9][13]                                                    ;
; w[3][9][13]                                                      ; Merged with w[10][9][13]                                                    ;
; w[4][9][13]                                                      ; Merged with w[10][9][13]                                                    ;
; w[5][9][13]                                                      ; Merged with w[10][9][13]                                                    ;
; w[6][9][13]                                                      ; Merged with w[10][9][13]                                                    ;
; w[7][9][13]                                                      ; Merged with w[10][9][13]                                                    ;
; w[8][9][13]                                                      ; Merged with w[10][9][13]                                                    ;
; w[9][9][13]                                                      ; Merged with w[10][9][13]                                                    ;
; w[11][8][13]                                                     ; Merged with w[10][8][13]                                                    ;
; w[12][8][13]                                                     ; Merged with w[10][8][13]                                                    ;
; w[13][8][13]                                                     ; Merged with w[10][8][13]                                                    ;
; w[14][8][13]                                                     ; Merged with w[10][8][13]                                                    ;
; w[15][8][13]                                                     ; Merged with w[10][8][13]                                                    ;
; w[1][8][13]                                                      ; Merged with w[10][8][13]                                                    ;
; w[2][8][13]                                                      ; Merged with w[10][8][13]                                                    ;
; w[3][8][13]                                                      ; Merged with w[10][8][13]                                                    ;
; w[4][8][13]                                                      ; Merged with w[10][8][13]                                                    ;
; w[5][8][13]                                                      ; Merged with w[10][8][13]                                                    ;
; w[6][8][13]                                                      ; Merged with w[10][8][13]                                                    ;
; w[7][8][13]                                                      ; Merged with w[10][8][13]                                                    ;
; w[8][8][13]                                                      ; Merged with w[10][8][13]                                                    ;
; w[9][8][13]                                                      ; Merged with w[10][8][13]                                                    ;
; w[11][15][12]                                                    ; Merged with w[10][15][12]                                                   ;
; w[12][15][12]                                                    ; Merged with w[10][15][12]                                                   ;
; w[13][15][12]                                                    ; Merged with w[10][15][12]                                                   ;
; w[14][15][12]                                                    ; Merged with w[10][15][12]                                                   ;
; w[15][15][12]                                                    ; Merged with w[10][15][12]                                                   ;
; w[1][15][12]                                                     ; Merged with w[10][15][12]                                                   ;
; w[2][15][12]                                                     ; Merged with w[10][15][12]                                                   ;
; w[3][15][12]                                                     ; Merged with w[10][15][12]                                                   ;
; w[4][15][12]                                                     ; Merged with w[10][15][12]                                                   ;
; w[5][15][12]                                                     ; Merged with w[10][15][12]                                                   ;
; w[6][15][12]                                                     ; Merged with w[10][15][12]                                                   ;
; w[7][15][12]                                                     ; Merged with w[10][15][12]                                                   ;
; w[8][15][12]                                                     ; Merged with w[10][15][12]                                                   ;
; w[9][15][12]                                                     ; Merged with w[10][15][12]                                                   ;
; w[11][14][12]                                                    ; Merged with w[10][14][12]                                                   ;
; w[12][14][12]                                                    ; Merged with w[10][14][12]                                                   ;
; w[13][14][12]                                                    ; Merged with w[10][14][12]                                                   ;
; w[14][14][12]                                                    ; Merged with w[10][14][12]                                                   ;
; w[15][14][12]                                                    ; Merged with w[10][14][12]                                                   ;
; w[1][14][12]                                                     ; Merged with w[10][14][12]                                                   ;
; w[2][14][12]                                                     ; Merged with w[10][14][12]                                                   ;
; w[3][14][12]                                                     ; Merged with w[10][14][12]                                                   ;
; w[4][14][12]                                                     ; Merged with w[10][14][12]                                                   ;
; w[5][14][12]                                                     ; Merged with w[10][14][12]                                                   ;
; w[6][14][12]                                                     ; Merged with w[10][14][12]                                                   ;
; w[7][14][12]                                                     ; Merged with w[10][14][12]                                                   ;
; w[8][14][12]                                                     ; Merged with w[10][14][12]                                                   ;
; w[9][14][12]                                                     ; Merged with w[10][14][12]                                                   ;
; w[11][13][12]                                                    ; Merged with w[10][13][12]                                                   ;
; w[12][13][12]                                                    ; Merged with w[10][13][12]                                                   ;
; w[13][13][12]                                                    ; Merged with w[10][13][12]                                                   ;
; w[14][13][12]                                                    ; Merged with w[10][13][12]                                                   ;
; w[15][13][12]                                                    ; Merged with w[10][13][12]                                                   ;
; w[1][13][12]                                                     ; Merged with w[10][13][12]                                                   ;
; w[2][13][12]                                                     ; Merged with w[10][13][12]                                                   ;
; w[3][13][12]                                                     ; Merged with w[10][13][12]                                                   ;
; w[4][13][12]                                                     ; Merged with w[10][13][12]                                                   ;
; w[5][13][12]                                                     ; Merged with w[10][13][12]                                                   ;
; w[6][13][12]                                                     ; Merged with w[10][13][12]                                                   ;
; w[7][13][12]                                                     ; Merged with w[10][13][12]                                                   ;
; w[8][13][12]                                                     ; Merged with w[10][13][12]                                                   ;
; w[9][13][12]                                                     ; Merged with w[10][13][12]                                                   ;
; w[11][12][12]                                                    ; Merged with w[10][12][12]                                                   ;
; w[12][12][12]                                                    ; Merged with w[10][12][12]                                                   ;
; w[13][12][12]                                                    ; Merged with w[10][12][12]                                                   ;
; w[14][12][12]                                                    ; Merged with w[10][12][12]                                                   ;
; w[15][12][12]                                                    ; Merged with w[10][12][12]                                                   ;
; w[1][12][12]                                                     ; Merged with w[10][12][12]                                                   ;
; w[2][12][12]                                                     ; Merged with w[10][12][12]                                                   ;
; w[3][12][12]                                                     ; Merged with w[10][12][12]                                                   ;
; w[4][12][12]                                                     ; Merged with w[10][12][12]                                                   ;
; w[5][12][12]                                                     ; Merged with w[10][12][12]                                                   ;
; w[6][12][12]                                                     ; Merged with w[10][12][12]                                                   ;
; w[7][12][12]                                                     ; Merged with w[10][12][12]                                                   ;
; w[8][12][12]                                                     ; Merged with w[10][12][12]                                                   ;
; w[9][12][12]                                                     ; Merged with w[10][12][12]                                                   ;
; w[11][11][12]                                                    ; Merged with w[10][11][12]                                                   ;
; w[12][11][12]                                                    ; Merged with w[10][11][12]                                                   ;
; w[13][11][12]                                                    ; Merged with w[10][11][12]                                                   ;
; w[14][11][12]                                                    ; Merged with w[10][11][12]                                                   ;
; w[15][11][12]                                                    ; Merged with w[10][11][12]                                                   ;
; w[1][11][12]                                                     ; Merged with w[10][11][12]                                                   ;
; w[2][11][12]                                                     ; Merged with w[10][11][12]                                                   ;
; w[3][11][12]                                                     ; Merged with w[10][11][12]                                                   ;
; w[4][11][12]                                                     ; Merged with w[10][11][12]                                                   ;
; w[5][11][12]                                                     ; Merged with w[10][11][12]                                                   ;
; w[6][11][12]                                                     ; Merged with w[10][11][12]                                                   ;
; w[7][11][12]                                                     ; Merged with w[10][11][12]                                                   ;
; w[8][11][12]                                                     ; Merged with w[10][11][12]                                                   ;
; w[9][11][12]                                                     ; Merged with w[10][11][12]                                                   ;
; w[11][10][12]                                                    ; Merged with w[10][10][12]                                                   ;
; w[12][10][12]                                                    ; Merged with w[10][10][12]                                                   ;
; w[13][10][12]                                                    ; Merged with w[10][10][12]                                                   ;
; w[14][10][12]                                                    ; Merged with w[10][10][12]                                                   ;
; w[15][10][12]                                                    ; Merged with w[10][10][12]                                                   ;
; w[1][10][12]                                                     ; Merged with w[10][10][12]                                                   ;
; w[2][10][12]                                                     ; Merged with w[10][10][12]                                                   ;
; w[3][10][12]                                                     ; Merged with w[10][10][12]                                                   ;
; w[4][10][12]                                                     ; Merged with w[10][10][12]                                                   ;
; w[5][10][12]                                                     ; Merged with w[10][10][12]                                                   ;
; w[6][10][12]                                                     ; Merged with w[10][10][12]                                                   ;
; w[7][10][12]                                                     ; Merged with w[10][10][12]                                                   ;
; w[8][10][12]                                                     ; Merged with w[10][10][12]                                                   ;
; w[9][10][12]                                                     ; Merged with w[10][10][12]                                                   ;
; w[11][9][12]                                                     ; Merged with w[10][9][12]                                                    ;
; w[12][9][12]                                                     ; Merged with w[10][9][12]                                                    ;
; w[13][9][12]                                                     ; Merged with w[10][9][12]                                                    ;
; w[14][9][12]                                                     ; Merged with w[10][9][12]                                                    ;
; w[15][9][12]                                                     ; Merged with w[10][9][12]                                                    ;
; w[1][9][12]                                                      ; Merged with w[10][9][12]                                                    ;
; w[2][9][12]                                                      ; Merged with w[10][9][12]                                                    ;
; w[3][9][12]                                                      ; Merged with w[10][9][12]                                                    ;
; w[4][9][12]                                                      ; Merged with w[10][9][12]                                                    ;
; w[5][9][12]                                                      ; Merged with w[10][9][12]                                                    ;
; w[6][9][12]                                                      ; Merged with w[10][9][12]                                                    ;
; w[7][9][12]                                                      ; Merged with w[10][9][12]                                                    ;
; w[8][9][12]                                                      ; Merged with w[10][9][12]                                                    ;
; w[9][9][12]                                                      ; Merged with w[10][9][12]                                                    ;
; w[11][8][12]                                                     ; Merged with w[10][8][12]                                                    ;
; w[12][8][12]                                                     ; Merged with w[10][8][12]                                                    ;
; w[13][8][12]                                                     ; Merged with w[10][8][12]                                                    ;
; w[14][8][12]                                                     ; Merged with w[10][8][12]                                                    ;
; w[15][8][12]                                                     ; Merged with w[10][8][12]                                                    ;
; w[1][8][12]                                                      ; Merged with w[10][8][12]                                                    ;
; w[2][8][12]                                                      ; Merged with w[10][8][12]                                                    ;
; w[3][8][12]                                                      ; Merged with w[10][8][12]                                                    ;
; w[4][8][12]                                                      ; Merged with w[10][8][12]                                                    ;
; w[5][8][12]                                                      ; Merged with w[10][8][12]                                                    ;
; w[6][8][12]                                                      ; Merged with w[10][8][12]                                                    ;
; w[7][8][12]                                                      ; Merged with w[10][8][12]                                                    ;
; w[8][8][12]                                                      ; Merged with w[10][8][12]                                                    ;
; w[9][8][12]                                                      ; Merged with w[10][8][12]                                                    ;
; w[11][15][11]                                                    ; Merged with w[10][15][11]                                                   ;
; w[12][15][11]                                                    ; Merged with w[10][15][11]                                                   ;
; w[13][15][11]                                                    ; Merged with w[10][15][11]                                                   ;
; w[14][15][11]                                                    ; Merged with w[10][15][11]                                                   ;
; w[15][15][11]                                                    ; Merged with w[10][15][11]                                                   ;
; w[1][15][11]                                                     ; Merged with w[10][15][11]                                                   ;
; w[2][15][11]                                                     ; Merged with w[10][15][11]                                                   ;
; w[3][15][11]                                                     ; Merged with w[10][15][11]                                                   ;
; w[4][15][11]                                                     ; Merged with w[10][15][11]                                                   ;
; w[5][15][11]                                                     ; Merged with w[10][15][11]                                                   ;
; w[6][15][11]                                                     ; Merged with w[10][15][11]                                                   ;
; w[7][15][11]                                                     ; Merged with w[10][15][11]                                                   ;
; w[8][15][11]                                                     ; Merged with w[10][15][11]                                                   ;
; w[9][15][11]                                                     ; Merged with w[10][15][11]                                                   ;
; w[11][14][11]                                                    ; Merged with w[10][14][11]                                                   ;
; w[12][14][11]                                                    ; Merged with w[10][14][11]                                                   ;
; w[13][14][11]                                                    ; Merged with w[10][14][11]                                                   ;
; w[14][14][11]                                                    ; Merged with w[10][14][11]                                                   ;
; w[15][14][11]                                                    ; Merged with w[10][14][11]                                                   ;
; w[1][14][11]                                                     ; Merged with w[10][14][11]                                                   ;
; w[2][14][11]                                                     ; Merged with w[10][14][11]                                                   ;
; w[3][14][11]                                                     ; Merged with w[10][14][11]                                                   ;
; w[4][14][11]                                                     ; Merged with w[10][14][11]                                                   ;
; w[5][14][11]                                                     ; Merged with w[10][14][11]                                                   ;
; w[6][14][11]                                                     ; Merged with w[10][14][11]                                                   ;
; w[7][14][11]                                                     ; Merged with w[10][14][11]                                                   ;
; w[8][14][11]                                                     ; Merged with w[10][14][11]                                                   ;
; w[9][14][11]                                                     ; Merged with w[10][14][11]                                                   ;
; w[11][13][11]                                                    ; Merged with w[10][13][11]                                                   ;
; w[12][13][11]                                                    ; Merged with w[10][13][11]                                                   ;
; w[13][13][11]                                                    ; Merged with w[10][13][11]                                                   ;
; w[14][13][11]                                                    ; Merged with w[10][13][11]                                                   ;
; w[15][13][11]                                                    ; Merged with w[10][13][11]                                                   ;
; w[1][13][11]                                                     ; Merged with w[10][13][11]                                                   ;
; w[2][13][11]                                                     ; Merged with w[10][13][11]                                                   ;
; w[3][13][11]                                                     ; Merged with w[10][13][11]                                                   ;
; w[4][13][11]                                                     ; Merged with w[10][13][11]                                                   ;
; w[5][13][11]                                                     ; Merged with w[10][13][11]                                                   ;
; w[6][13][11]                                                     ; Merged with w[10][13][11]                                                   ;
; w[7][13][11]                                                     ; Merged with w[10][13][11]                                                   ;
; w[8][13][11]                                                     ; Merged with w[10][13][11]                                                   ;
; w[9][13][11]                                                     ; Merged with w[10][13][11]                                                   ;
; w[11][12][11]                                                    ; Merged with w[10][12][11]                                                   ;
; w[12][12][11]                                                    ; Merged with w[10][12][11]                                                   ;
; w[13][12][11]                                                    ; Merged with w[10][12][11]                                                   ;
; w[14][12][11]                                                    ; Merged with w[10][12][11]                                                   ;
; w[15][12][11]                                                    ; Merged with w[10][12][11]                                                   ;
; w[1][12][11]                                                     ; Merged with w[10][12][11]                                                   ;
; w[2][12][11]                                                     ; Merged with w[10][12][11]                                                   ;
; w[3][12][11]                                                     ; Merged with w[10][12][11]                                                   ;
; w[4][12][11]                                                     ; Merged with w[10][12][11]                                                   ;
; w[5][12][11]                                                     ; Merged with w[10][12][11]                                                   ;
; w[6][12][11]                                                     ; Merged with w[10][12][11]                                                   ;
; w[7][12][11]                                                     ; Merged with w[10][12][11]                                                   ;
; w[8][12][11]                                                     ; Merged with w[10][12][11]                                                   ;
; w[9][12][11]                                                     ; Merged with w[10][12][11]                                                   ;
; w[11][11][11]                                                    ; Merged with w[10][11][11]                                                   ;
; w[12][11][11]                                                    ; Merged with w[10][11][11]                                                   ;
; w[13][11][11]                                                    ; Merged with w[10][11][11]                                                   ;
; w[14][11][11]                                                    ; Merged with w[10][11][11]                                                   ;
; w[15][11][11]                                                    ; Merged with w[10][11][11]                                                   ;
; w[1][11][11]                                                     ; Merged with w[10][11][11]                                                   ;
; w[2][11][11]                                                     ; Merged with w[10][11][11]                                                   ;
; w[3][11][11]                                                     ; Merged with w[10][11][11]                                                   ;
; w[4][11][11]                                                     ; Merged with w[10][11][11]                                                   ;
; w[5][11][11]                                                     ; Merged with w[10][11][11]                                                   ;
; w[6][11][11]                                                     ; Merged with w[10][11][11]                                                   ;
; w[7][11][11]                                                     ; Merged with w[10][11][11]                                                   ;
; w[8][11][11]                                                     ; Merged with w[10][11][11]                                                   ;
; w[9][11][11]                                                     ; Merged with w[10][11][11]                                                   ;
; w[11][10][11]                                                    ; Merged with w[10][10][11]                                                   ;
; w[12][10][11]                                                    ; Merged with w[10][10][11]                                                   ;
; w[13][10][11]                                                    ; Merged with w[10][10][11]                                                   ;
; w[14][10][11]                                                    ; Merged with w[10][10][11]                                                   ;
; w[15][10][11]                                                    ; Merged with w[10][10][11]                                                   ;
; w[1][10][11]                                                     ; Merged with w[10][10][11]                                                   ;
; w[2][10][11]                                                     ; Merged with w[10][10][11]                                                   ;
; w[3][10][11]                                                     ; Merged with w[10][10][11]                                                   ;
; w[4][10][11]                                                     ; Merged with w[10][10][11]                                                   ;
; w[5][10][11]                                                     ; Merged with w[10][10][11]                                                   ;
; w[6][10][11]                                                     ; Merged with w[10][10][11]                                                   ;
; w[7][10][11]                                                     ; Merged with w[10][10][11]                                                   ;
; w[8][10][11]                                                     ; Merged with w[10][10][11]                                                   ;
; w[9][10][11]                                                     ; Merged with w[10][10][11]                                                   ;
; w[11][9][11]                                                     ; Merged with w[10][9][11]                                                    ;
; w[12][9][11]                                                     ; Merged with w[10][9][11]                                                    ;
; w[13][9][11]                                                     ; Merged with w[10][9][11]                                                    ;
; w[14][9][11]                                                     ; Merged with w[10][9][11]                                                    ;
; w[15][9][11]                                                     ; Merged with w[10][9][11]                                                    ;
; w[1][9][11]                                                      ; Merged with w[10][9][11]                                                    ;
; w[2][9][11]                                                      ; Merged with w[10][9][11]                                                    ;
; w[3][9][11]                                                      ; Merged with w[10][9][11]                                                    ;
; w[4][9][11]                                                      ; Merged with w[10][9][11]                                                    ;
; w[5][9][11]                                                      ; Merged with w[10][9][11]                                                    ;
; w[6][9][11]                                                      ; Merged with w[10][9][11]                                                    ;
; w[7][9][11]                                                      ; Merged with w[10][9][11]                                                    ;
; w[8][9][11]                                                      ; Merged with w[10][9][11]                                                    ;
; w[9][9][11]                                                      ; Merged with w[10][9][11]                                                    ;
; w[11][8][11]                                                     ; Merged with w[10][8][11]                                                    ;
; w[12][8][11]                                                     ; Merged with w[10][8][11]                                                    ;
; w[13][8][11]                                                     ; Merged with w[10][8][11]                                                    ;
; w[14][8][11]                                                     ; Merged with w[10][8][11]                                                    ;
; w[15][8][11]                                                     ; Merged with w[10][8][11]                                                    ;
; w[1][8][11]                                                      ; Merged with w[10][8][11]                                                    ;
; w[2][8][11]                                                      ; Merged with w[10][8][11]                                                    ;
; w[3][8][11]                                                      ; Merged with w[10][8][11]                                                    ;
; w[4][8][11]                                                      ; Merged with w[10][8][11]                                                    ;
; w[5][8][11]                                                      ; Merged with w[10][8][11]                                                    ;
; w[6][8][11]                                                      ; Merged with w[10][8][11]                                                    ;
; w[7][8][11]                                                      ; Merged with w[10][8][11]                                                    ;
; w[8][8][11]                                                      ; Merged with w[10][8][11]                                                    ;
; w[9][8][11]                                                      ; Merged with w[10][8][11]                                                    ;
; w[11][15][10]                                                    ; Merged with w[10][15][10]                                                   ;
; w[12][15][10]                                                    ; Merged with w[10][15][10]                                                   ;
; w[13][15][10]                                                    ; Merged with w[10][15][10]                                                   ;
; w[14][15][10]                                                    ; Merged with w[10][15][10]                                                   ;
; w[15][15][10]                                                    ; Merged with w[10][15][10]                                                   ;
; w[1][15][10]                                                     ; Merged with w[10][15][10]                                                   ;
; w[2][15][10]                                                     ; Merged with w[10][15][10]                                                   ;
; w[3][15][10]                                                     ; Merged with w[10][15][10]                                                   ;
; w[4][15][10]                                                     ; Merged with w[10][15][10]                                                   ;
; w[5][15][10]                                                     ; Merged with w[10][15][10]                                                   ;
; w[6][15][10]                                                     ; Merged with w[10][15][10]                                                   ;
; w[7][15][10]                                                     ; Merged with w[10][15][10]                                                   ;
; w[8][15][10]                                                     ; Merged with w[10][15][10]                                                   ;
; w[9][15][10]                                                     ; Merged with w[10][15][10]                                                   ;
; w[11][14][10]                                                    ; Merged with w[10][14][10]                                                   ;
; w[12][14][10]                                                    ; Merged with w[10][14][10]                                                   ;
; w[13][14][10]                                                    ; Merged with w[10][14][10]                                                   ;
; w[14][14][10]                                                    ; Merged with w[10][14][10]                                                   ;
; w[15][14][10]                                                    ; Merged with w[10][14][10]                                                   ;
; w[1][14][10]                                                     ; Merged with w[10][14][10]                                                   ;
; w[2][14][10]                                                     ; Merged with w[10][14][10]                                                   ;
; w[3][14][10]                                                     ; Merged with w[10][14][10]                                                   ;
; w[4][14][10]                                                     ; Merged with w[10][14][10]                                                   ;
; w[5][14][10]                                                     ; Merged with w[10][14][10]                                                   ;
; w[6][14][10]                                                     ; Merged with w[10][14][10]                                                   ;
; w[7][14][10]                                                     ; Merged with w[10][14][10]                                                   ;
; w[8][14][10]                                                     ; Merged with w[10][14][10]                                                   ;
; w[9][14][10]                                                     ; Merged with w[10][14][10]                                                   ;
; w[11][13][10]                                                    ; Merged with w[10][13][10]                                                   ;
; w[12][13][10]                                                    ; Merged with w[10][13][10]                                                   ;
; w[13][13][10]                                                    ; Merged with w[10][13][10]                                                   ;
; w[14][13][10]                                                    ; Merged with w[10][13][10]                                                   ;
; w[15][13][10]                                                    ; Merged with w[10][13][10]                                                   ;
; w[1][13][10]                                                     ; Merged with w[10][13][10]                                                   ;
; w[2][13][10]                                                     ; Merged with w[10][13][10]                                                   ;
; w[3][13][10]                                                     ; Merged with w[10][13][10]                                                   ;
; w[4][13][10]                                                     ; Merged with w[10][13][10]                                                   ;
; w[5][13][10]                                                     ; Merged with w[10][13][10]                                                   ;
; w[6][13][10]                                                     ; Merged with w[10][13][10]                                                   ;
; w[7][13][10]                                                     ; Merged with w[10][13][10]                                                   ;
; w[8][13][10]                                                     ; Merged with w[10][13][10]                                                   ;
; w[9][13][10]                                                     ; Merged with w[10][13][10]                                                   ;
; w[11][12][10]                                                    ; Merged with w[10][12][10]                                                   ;
; w[12][12][10]                                                    ; Merged with w[10][12][10]                                                   ;
; w[13][12][10]                                                    ; Merged with w[10][12][10]                                                   ;
; w[14][12][10]                                                    ; Merged with w[10][12][10]                                                   ;
; w[15][12][10]                                                    ; Merged with w[10][12][10]                                                   ;
; w[1][12][10]                                                     ; Merged with w[10][12][10]                                                   ;
; w[2][12][10]                                                     ; Merged with w[10][12][10]                                                   ;
; w[3][12][10]                                                     ; Merged with w[10][12][10]                                                   ;
; w[4][12][10]                                                     ; Merged with w[10][12][10]                                                   ;
; w[5][12][10]                                                     ; Merged with w[10][12][10]                                                   ;
; w[6][12][10]                                                     ; Merged with w[10][12][10]                                                   ;
; w[7][12][10]                                                     ; Merged with w[10][12][10]                                                   ;
; w[8][12][10]                                                     ; Merged with w[10][12][10]                                                   ;
; w[9][12][10]                                                     ; Merged with w[10][12][10]                                                   ;
; w[11][11][10]                                                    ; Merged with w[10][11][10]                                                   ;
; w[12][11][10]                                                    ; Merged with w[10][11][10]                                                   ;
; w[13][11][10]                                                    ; Merged with w[10][11][10]                                                   ;
; w[14][11][10]                                                    ; Merged with w[10][11][10]                                                   ;
; w[15][11][10]                                                    ; Merged with w[10][11][10]                                                   ;
; w[1][11][10]                                                     ; Merged with w[10][11][10]                                                   ;
; w[2][11][10]                                                     ; Merged with w[10][11][10]                                                   ;
; w[3][11][10]                                                     ; Merged with w[10][11][10]                                                   ;
; w[4][11][10]                                                     ; Merged with w[10][11][10]                                                   ;
; w[5][11][10]                                                     ; Merged with w[10][11][10]                                                   ;
; w[6][11][10]                                                     ; Merged with w[10][11][10]                                                   ;
; w[7][11][10]                                                     ; Merged with w[10][11][10]                                                   ;
; w[8][11][10]                                                     ; Merged with w[10][11][10]                                                   ;
; w[9][11][10]                                                     ; Merged with w[10][11][10]                                                   ;
; w[11][10][10]                                                    ; Merged with w[10][10][10]                                                   ;
; w[12][10][10]                                                    ; Merged with w[10][10][10]                                                   ;
; w[13][10][10]                                                    ; Merged with w[10][10][10]                                                   ;
; w[14][10][10]                                                    ; Merged with w[10][10][10]                                                   ;
; w[15][10][10]                                                    ; Merged with w[10][10][10]                                                   ;
; w[1][10][10]                                                     ; Merged with w[10][10][10]                                                   ;
; w[2][10][10]                                                     ; Merged with w[10][10][10]                                                   ;
; w[3][10][10]                                                     ; Merged with w[10][10][10]                                                   ;
; w[4][10][10]                                                     ; Merged with w[10][10][10]                                                   ;
; w[5][10][10]                                                     ; Merged with w[10][10][10]                                                   ;
; w[6][10][10]                                                     ; Merged with w[10][10][10]                                                   ;
; w[7][10][10]                                                     ; Merged with w[10][10][10]                                                   ;
; w[8][10][10]                                                     ; Merged with w[10][10][10]                                                   ;
; w[9][10][10]                                                     ; Merged with w[10][10][10]                                                   ;
; w[11][9][10]                                                     ; Merged with w[10][9][10]                                                    ;
; w[12][9][10]                                                     ; Merged with w[10][9][10]                                                    ;
; w[13][9][10]                                                     ; Merged with w[10][9][10]                                                    ;
; w[14][9][10]                                                     ; Merged with w[10][9][10]                                                    ;
; w[15][9][10]                                                     ; Merged with w[10][9][10]                                                    ;
; w[1][9][10]                                                      ; Merged with w[10][9][10]                                                    ;
; w[2][9][10]                                                      ; Merged with w[10][9][10]                                                    ;
; w[3][9][10]                                                      ; Merged with w[10][9][10]                                                    ;
; w[4][9][10]                                                      ; Merged with w[10][9][10]                                                    ;
; w[5][9][10]                                                      ; Merged with w[10][9][10]                                                    ;
; w[6][9][10]                                                      ; Merged with w[10][9][10]                                                    ;
; w[7][9][10]                                                      ; Merged with w[10][9][10]                                                    ;
; w[8][9][10]                                                      ; Merged with w[10][9][10]                                                    ;
; w[9][9][10]                                                      ; Merged with w[10][9][10]                                                    ;
; w[11][8][10]                                                     ; Merged with w[10][8][10]                                                    ;
; w[12][8][10]                                                     ; Merged with w[10][8][10]                                                    ;
; w[13][8][10]                                                     ; Merged with w[10][8][10]                                                    ;
; w[14][8][10]                                                     ; Merged with w[10][8][10]                                                    ;
; w[15][8][10]                                                     ; Merged with w[10][8][10]                                                    ;
; w[1][8][10]                                                      ; Merged with w[10][8][10]                                                    ;
; w[2][8][10]                                                      ; Merged with w[10][8][10]                                                    ;
; w[3][8][10]                                                      ; Merged with w[10][8][10]                                                    ;
; w[4][8][10]                                                      ; Merged with w[10][8][10]                                                    ;
; w[5][8][10]                                                      ; Merged with w[10][8][10]                                                    ;
; w[6][8][10]                                                      ; Merged with w[10][8][10]                                                    ;
; w[7][8][10]                                                      ; Merged with w[10][8][10]                                                    ;
; w[8][8][10]                                                      ; Merged with w[10][8][10]                                                    ;
; w[9][8][10]                                                      ; Merged with w[10][8][10]                                                    ;
; w[11][15][9]                                                     ; Merged with w[10][15][9]                                                    ;
; w[12][15][9]                                                     ; Merged with w[10][15][9]                                                    ;
; w[13][15][9]                                                     ; Merged with w[10][15][9]                                                    ;
; w[14][15][9]                                                     ; Merged with w[10][15][9]                                                    ;
; w[15][15][9]                                                     ; Merged with w[10][15][9]                                                    ;
; w[1][15][9]                                                      ; Merged with w[10][15][9]                                                    ;
; w[2][15][9]                                                      ; Merged with w[10][15][9]                                                    ;
; w[3][15][9]                                                      ; Merged with w[10][15][9]                                                    ;
; w[4][15][9]                                                      ; Merged with w[10][15][9]                                                    ;
; w[5][15][9]                                                      ; Merged with w[10][15][9]                                                    ;
; w[6][15][9]                                                      ; Merged with w[10][15][9]                                                    ;
; w[7][15][9]                                                      ; Merged with w[10][15][9]                                                    ;
; w[8][15][9]                                                      ; Merged with w[10][15][9]                                                    ;
; w[9][15][9]                                                      ; Merged with w[10][15][9]                                                    ;
; w[11][14][9]                                                     ; Merged with w[10][14][9]                                                    ;
; w[12][14][9]                                                     ; Merged with w[10][14][9]                                                    ;
; w[13][14][9]                                                     ; Merged with w[10][14][9]                                                    ;
; w[14][14][9]                                                     ; Merged with w[10][14][9]                                                    ;
; w[15][14][9]                                                     ; Merged with w[10][14][9]                                                    ;
; w[1][14][9]                                                      ; Merged with w[10][14][9]                                                    ;
; w[2][14][9]                                                      ; Merged with w[10][14][9]                                                    ;
; w[3][14][9]                                                      ; Merged with w[10][14][9]                                                    ;
; w[4][14][9]                                                      ; Merged with w[10][14][9]                                                    ;
; w[5][14][9]                                                      ; Merged with w[10][14][9]                                                    ;
; w[6][14][9]                                                      ; Merged with w[10][14][9]                                                    ;
; w[7][14][9]                                                      ; Merged with w[10][14][9]                                                    ;
; w[8][14][9]                                                      ; Merged with w[10][14][9]                                                    ;
; w[9][14][9]                                                      ; Merged with w[10][14][9]                                                    ;
; w[11][13][9]                                                     ; Merged with w[10][13][9]                                                    ;
; w[12][13][9]                                                     ; Merged with w[10][13][9]                                                    ;
; w[13][13][9]                                                     ; Merged with w[10][13][9]                                                    ;
; w[14][13][9]                                                     ; Merged with w[10][13][9]                                                    ;
; w[15][13][9]                                                     ; Merged with w[10][13][9]                                                    ;
; w[1][13][9]                                                      ; Merged with w[10][13][9]                                                    ;
; w[2][13][9]                                                      ; Merged with w[10][13][9]                                                    ;
; w[3][13][9]                                                      ; Merged with w[10][13][9]                                                    ;
; w[4][13][9]                                                      ; Merged with w[10][13][9]                                                    ;
; w[5][13][9]                                                      ; Merged with w[10][13][9]                                                    ;
; w[6][13][9]                                                      ; Merged with w[10][13][9]                                                    ;
; w[7][13][9]                                                      ; Merged with w[10][13][9]                                                    ;
; w[8][13][9]                                                      ; Merged with w[10][13][9]                                                    ;
; w[9][13][9]                                                      ; Merged with w[10][13][9]                                                    ;
; w[11][12][9]                                                     ; Merged with w[10][12][9]                                                    ;
; w[12][12][9]                                                     ; Merged with w[10][12][9]                                                    ;
; w[13][12][9]                                                     ; Merged with w[10][12][9]                                                    ;
; w[14][12][9]                                                     ; Merged with w[10][12][9]                                                    ;
; w[15][12][9]                                                     ; Merged with w[10][12][9]                                                    ;
; w[1][12][9]                                                      ; Merged with w[10][12][9]                                                    ;
; w[2][12][9]                                                      ; Merged with w[10][12][9]                                                    ;
; w[3][12][9]                                                      ; Merged with w[10][12][9]                                                    ;
; w[4][12][9]                                                      ; Merged with w[10][12][9]                                                    ;
; w[5][12][9]                                                      ; Merged with w[10][12][9]                                                    ;
; w[6][12][9]                                                      ; Merged with w[10][12][9]                                                    ;
; w[7][12][9]                                                      ; Merged with w[10][12][9]                                                    ;
; w[8][12][9]                                                      ; Merged with w[10][12][9]                                                    ;
; w[9][12][9]                                                      ; Merged with w[10][12][9]                                                    ;
; w[11][11][9]                                                     ; Merged with w[10][11][9]                                                    ;
; w[12][11][9]                                                     ; Merged with w[10][11][9]                                                    ;
; w[13][11][9]                                                     ; Merged with w[10][11][9]                                                    ;
; w[14][11][9]                                                     ; Merged with w[10][11][9]                                                    ;
; w[15][11][9]                                                     ; Merged with w[10][11][9]                                                    ;
; w[1][11][9]                                                      ; Merged with w[10][11][9]                                                    ;
; w[2][11][9]                                                      ; Merged with w[10][11][9]                                                    ;
; w[3][11][9]                                                      ; Merged with w[10][11][9]                                                    ;
; w[4][11][9]                                                      ; Merged with w[10][11][9]                                                    ;
; w[5][11][9]                                                      ; Merged with w[10][11][9]                                                    ;
; w[6][11][9]                                                      ; Merged with w[10][11][9]                                                    ;
; w[7][11][9]                                                      ; Merged with w[10][11][9]                                                    ;
; w[8][11][9]                                                      ; Merged with w[10][11][9]                                                    ;
; w[9][11][9]                                                      ; Merged with w[10][11][9]                                                    ;
; w[11][10][9]                                                     ; Merged with w[10][10][9]                                                    ;
; w[12][10][9]                                                     ; Merged with w[10][10][9]                                                    ;
; w[13][10][9]                                                     ; Merged with w[10][10][9]                                                    ;
; w[14][10][9]                                                     ; Merged with w[10][10][9]                                                    ;
; w[15][10][9]                                                     ; Merged with w[10][10][9]                                                    ;
; w[1][10][9]                                                      ; Merged with w[10][10][9]                                                    ;
; w[2][10][9]                                                      ; Merged with w[10][10][9]                                                    ;
; w[3][10][9]                                                      ; Merged with w[10][10][9]                                                    ;
; w[4][10][9]                                                      ; Merged with w[10][10][9]                                                    ;
; w[5][10][9]                                                      ; Merged with w[10][10][9]                                                    ;
; w[6][10][9]                                                      ; Merged with w[10][10][9]                                                    ;
; w[7][10][9]                                                      ; Merged with w[10][10][9]                                                    ;
; w[8][10][9]                                                      ; Merged with w[10][10][9]                                                    ;
; w[9][10][9]                                                      ; Merged with w[10][10][9]                                                    ;
; w[11][9][9]                                                      ; Merged with w[10][9][9]                                                     ;
; w[12][9][9]                                                      ; Merged with w[10][9][9]                                                     ;
; w[13][9][9]                                                      ; Merged with w[10][9][9]                                                     ;
; w[14][9][9]                                                      ; Merged with w[10][9][9]                                                     ;
; w[15][9][9]                                                      ; Merged with w[10][9][9]                                                     ;
; w[1][9][9]                                                       ; Merged with w[10][9][9]                                                     ;
; w[2][9][9]                                                       ; Merged with w[10][9][9]                                                     ;
; w[3][9][9]                                                       ; Merged with w[10][9][9]                                                     ;
; w[4][9][9]                                                       ; Merged with w[10][9][9]                                                     ;
; w[5][9][9]                                                       ; Merged with w[10][9][9]                                                     ;
; w[6][9][9]                                                       ; Merged with w[10][9][9]                                                     ;
; w[7][9][9]                                                       ; Merged with w[10][9][9]                                                     ;
; w[8][9][9]                                                       ; Merged with w[10][9][9]                                                     ;
; w[9][9][9]                                                       ; Merged with w[10][9][9]                                                     ;
; w[11][8][9]                                                      ; Merged with w[10][8][9]                                                     ;
; w[12][8][9]                                                      ; Merged with w[10][8][9]                                                     ;
; w[13][8][9]                                                      ; Merged with w[10][8][9]                                                     ;
; w[14][8][9]                                                      ; Merged with w[10][8][9]                                                     ;
; w[15][8][9]                                                      ; Merged with w[10][8][9]                                                     ;
; w[1][8][9]                                                       ; Merged with w[10][8][9]                                                     ;
; w[2][8][9]                                                       ; Merged with w[10][8][9]                                                     ;
; w[3][8][9]                                                       ; Merged with w[10][8][9]                                                     ;
; w[4][8][9]                                                       ; Merged with w[10][8][9]                                                     ;
; w[5][8][9]                                                       ; Merged with w[10][8][9]                                                     ;
; w[6][8][9]                                                       ; Merged with w[10][8][9]                                                     ;
; w[7][8][9]                                                       ; Merged with w[10][8][9]                                                     ;
; w[8][8][9]                                                       ; Merged with w[10][8][9]                                                     ;
; w[9][8][9]                                                       ; Merged with w[10][8][9]                                                     ;
; w[11][15][8]                                                     ; Merged with w[10][15][8]                                                    ;
; w[12][15][8]                                                     ; Merged with w[10][15][8]                                                    ;
; w[13][15][8]                                                     ; Merged with w[10][15][8]                                                    ;
; w[14][15][8]                                                     ; Merged with w[10][15][8]                                                    ;
; w[15][15][8]                                                     ; Merged with w[10][15][8]                                                    ;
; w[1][15][8]                                                      ; Merged with w[10][15][8]                                                    ;
; w[2][15][8]                                                      ; Merged with w[10][15][8]                                                    ;
; w[3][15][8]                                                      ; Merged with w[10][15][8]                                                    ;
; w[4][15][8]                                                      ; Merged with w[10][15][8]                                                    ;
; w[5][15][8]                                                      ; Merged with w[10][15][8]                                                    ;
; w[6][15][8]                                                      ; Merged with w[10][15][8]                                                    ;
; w[7][15][8]                                                      ; Merged with w[10][15][8]                                                    ;
; w[8][15][8]                                                      ; Merged with w[10][15][8]                                                    ;
; w[9][15][8]                                                      ; Merged with w[10][15][8]                                                    ;
; w[11][14][8]                                                     ; Merged with w[10][14][8]                                                    ;
; w[12][14][8]                                                     ; Merged with w[10][14][8]                                                    ;
; w[13][14][8]                                                     ; Merged with w[10][14][8]                                                    ;
; w[14][14][8]                                                     ; Merged with w[10][14][8]                                                    ;
; w[15][14][8]                                                     ; Merged with w[10][14][8]                                                    ;
; w[1][14][8]                                                      ; Merged with w[10][14][8]                                                    ;
; w[2][14][8]                                                      ; Merged with w[10][14][8]                                                    ;
; w[3][14][8]                                                      ; Merged with w[10][14][8]                                                    ;
; w[4][14][8]                                                      ; Merged with w[10][14][8]                                                    ;
; w[5][14][8]                                                      ; Merged with w[10][14][8]                                                    ;
; w[6][14][8]                                                      ; Merged with w[10][14][8]                                                    ;
; w[7][14][8]                                                      ; Merged with w[10][14][8]                                                    ;
; w[8][14][8]                                                      ; Merged with w[10][14][8]                                                    ;
; w[9][14][8]                                                      ; Merged with w[10][14][8]                                                    ;
; w[11][13][8]                                                     ; Merged with w[10][13][8]                                                    ;
; w[12][13][8]                                                     ; Merged with w[10][13][8]                                                    ;
; w[13][13][8]                                                     ; Merged with w[10][13][8]                                                    ;
; w[14][13][8]                                                     ; Merged with w[10][13][8]                                                    ;
; w[15][13][8]                                                     ; Merged with w[10][13][8]                                                    ;
; w[1][13][8]                                                      ; Merged with w[10][13][8]                                                    ;
; w[2][13][8]                                                      ; Merged with w[10][13][8]                                                    ;
; w[3][13][8]                                                      ; Merged with w[10][13][8]                                                    ;
; w[4][13][8]                                                      ; Merged with w[10][13][8]                                                    ;
; w[5][13][8]                                                      ; Merged with w[10][13][8]                                                    ;
; w[6][13][8]                                                      ; Merged with w[10][13][8]                                                    ;
; w[7][13][8]                                                      ; Merged with w[10][13][8]                                                    ;
; w[8][13][8]                                                      ; Merged with w[10][13][8]                                                    ;
; w[9][13][8]                                                      ; Merged with w[10][13][8]                                                    ;
; w[11][12][8]                                                     ; Merged with w[10][12][8]                                                    ;
; w[12][12][8]                                                     ; Merged with w[10][12][8]                                                    ;
; w[13][12][8]                                                     ; Merged with w[10][12][8]                                                    ;
; w[14][12][8]                                                     ; Merged with w[10][12][8]                                                    ;
; w[15][12][8]                                                     ; Merged with w[10][12][8]                                                    ;
; w[1][12][8]                                                      ; Merged with w[10][12][8]                                                    ;
; w[2][12][8]                                                      ; Merged with w[10][12][8]                                                    ;
; w[3][12][8]                                                      ; Merged with w[10][12][8]                                                    ;
; w[4][12][8]                                                      ; Merged with w[10][12][8]                                                    ;
; w[5][12][8]                                                      ; Merged with w[10][12][8]                                                    ;
; w[6][12][8]                                                      ; Merged with w[10][12][8]                                                    ;
; w[7][12][8]                                                      ; Merged with w[10][12][8]                                                    ;
; w[8][12][8]                                                      ; Merged with w[10][12][8]                                                    ;
; w[9][12][8]                                                      ; Merged with w[10][12][8]                                                    ;
; w[11][11][8]                                                     ; Merged with w[10][11][8]                                                    ;
; w[12][11][8]                                                     ; Merged with w[10][11][8]                                                    ;
; w[13][11][8]                                                     ; Merged with w[10][11][8]                                                    ;
; w[14][11][8]                                                     ; Merged with w[10][11][8]                                                    ;
; w[15][11][8]                                                     ; Merged with w[10][11][8]                                                    ;
; w[1][11][8]                                                      ; Merged with w[10][11][8]                                                    ;
; w[2][11][8]                                                      ; Merged with w[10][11][8]                                                    ;
; w[3][11][8]                                                      ; Merged with w[10][11][8]                                                    ;
; w[4][11][8]                                                      ; Merged with w[10][11][8]                                                    ;
; w[5][11][8]                                                      ; Merged with w[10][11][8]                                                    ;
; w[6][11][8]                                                      ; Merged with w[10][11][8]                                                    ;
; w[7][11][8]                                                      ; Merged with w[10][11][8]                                                    ;
; w[8][11][8]                                                      ; Merged with w[10][11][8]                                                    ;
; w[9][11][8]                                                      ; Merged with w[10][11][8]                                                    ;
; w[11][10][8]                                                     ; Merged with w[10][10][8]                                                    ;
; w[12][10][8]                                                     ; Merged with w[10][10][8]                                                    ;
; w[13][10][8]                                                     ; Merged with w[10][10][8]                                                    ;
; w[14][10][8]                                                     ; Merged with w[10][10][8]                                                    ;
; w[15][10][8]                                                     ; Merged with w[10][10][8]                                                    ;
; w[1][10][8]                                                      ; Merged with w[10][10][8]                                                    ;
; w[2][10][8]                                                      ; Merged with w[10][10][8]                                                    ;
; w[3][10][8]                                                      ; Merged with w[10][10][8]                                                    ;
; w[4][10][8]                                                      ; Merged with w[10][10][8]                                                    ;
; w[5][10][8]                                                      ; Merged with w[10][10][8]                                                    ;
; w[6][10][8]                                                      ; Merged with w[10][10][8]                                                    ;
; w[7][10][8]                                                      ; Merged with w[10][10][8]                                                    ;
; w[8][10][8]                                                      ; Merged with w[10][10][8]                                                    ;
; w[9][10][8]                                                      ; Merged with w[10][10][8]                                                    ;
; w[11][9][8]                                                      ; Merged with w[10][9][8]                                                     ;
; w[12][9][8]                                                      ; Merged with w[10][9][8]                                                     ;
; w[13][9][8]                                                      ; Merged with w[10][9][8]                                                     ;
; w[14][9][8]                                                      ; Merged with w[10][9][8]                                                     ;
; w[15][9][8]                                                      ; Merged with w[10][9][8]                                                     ;
; w[1][9][8]                                                       ; Merged with w[10][9][8]                                                     ;
; w[2][9][8]                                                       ; Merged with w[10][9][8]                                                     ;
; w[3][9][8]                                                       ; Merged with w[10][9][8]                                                     ;
; w[4][9][8]                                                       ; Merged with w[10][9][8]                                                     ;
; w[5][9][8]                                                       ; Merged with w[10][9][8]                                                     ;
; w[6][9][8]                                                       ; Merged with w[10][9][8]                                                     ;
; w[7][9][8]                                                       ; Merged with w[10][9][8]                                                     ;
; w[8][9][8]                                                       ; Merged with w[10][9][8]                                                     ;
; w[9][9][8]                                                       ; Merged with w[10][9][8]                                                     ;
; w[11][8][8]                                                      ; Merged with w[10][8][8]                                                     ;
; w[12][8][8]                                                      ; Merged with w[10][8][8]                                                     ;
; w[13][8][8]                                                      ; Merged with w[10][8][8]                                                     ;
; w[14][8][8]                                                      ; Merged with w[10][8][8]                                                     ;
; w[15][8][8]                                                      ; Merged with w[10][8][8]                                                     ;
; w[1][8][8]                                                       ; Merged with w[10][8][8]                                                     ;
; w[2][8][8]                                                       ; Merged with w[10][8][8]                                                     ;
; w[3][8][8]                                                       ; Merged with w[10][8][8]                                                     ;
; w[4][8][8]                                                       ; Merged with w[10][8][8]                                                     ;
; w[5][8][8]                                                       ; Merged with w[10][8][8]                                                     ;
; w[6][8][8]                                                       ; Merged with w[10][8][8]                                                     ;
; w[7][8][8]                                                       ; Merged with w[10][8][8]                                                     ;
; w[8][8][8]                                                       ; Merged with w[10][8][8]                                                     ;
; w[9][8][8]                                                       ; Merged with w[10][8][8]                                                     ;
; w[11][15][7]                                                     ; Merged with w[10][15][7]                                                    ;
; w[12][15][7]                                                     ; Merged with w[10][15][7]                                                    ;
; w[13][15][7]                                                     ; Merged with w[10][15][7]                                                    ;
; w[14][15][7]                                                     ; Merged with w[10][15][7]                                                    ;
; w[15][15][7]                                                     ; Merged with w[10][15][7]                                                    ;
; w[1][15][7]                                                      ; Merged with w[10][15][7]                                                    ;
; w[2][15][7]                                                      ; Merged with w[10][15][7]                                                    ;
; w[3][15][7]                                                      ; Merged with w[10][15][7]                                                    ;
; w[4][15][7]                                                      ; Merged with w[10][15][7]                                                    ;
; w[5][15][7]                                                      ; Merged with w[10][15][7]                                                    ;
; w[6][15][7]                                                      ; Merged with w[10][15][7]                                                    ;
; w[7][15][7]                                                      ; Merged with w[10][15][7]                                                    ;
; w[8][15][7]                                                      ; Merged with w[10][15][7]                                                    ;
; w[9][15][7]                                                      ; Merged with w[10][15][7]                                                    ;
; w[11][14][7]                                                     ; Merged with w[10][14][7]                                                    ;
; w[12][14][7]                                                     ; Merged with w[10][14][7]                                                    ;
; w[13][14][7]                                                     ; Merged with w[10][14][7]                                                    ;
; w[14][14][7]                                                     ; Merged with w[10][14][7]                                                    ;
; w[15][14][7]                                                     ; Merged with w[10][14][7]                                                    ;
; w[1][14][7]                                                      ; Merged with w[10][14][7]                                                    ;
; w[2][14][7]                                                      ; Merged with w[10][14][7]                                                    ;
; w[3][14][7]                                                      ; Merged with w[10][14][7]                                                    ;
; w[4][14][7]                                                      ; Merged with w[10][14][7]                                                    ;
; w[5][14][7]                                                      ; Merged with w[10][14][7]                                                    ;
; w[6][14][7]                                                      ; Merged with w[10][14][7]                                                    ;
; w[7][14][7]                                                      ; Merged with w[10][14][7]                                                    ;
; w[8][14][7]                                                      ; Merged with w[10][14][7]                                                    ;
; w[9][14][7]                                                      ; Merged with w[10][14][7]                                                    ;
; w[11][13][7]                                                     ; Merged with w[10][13][7]                                                    ;
; w[12][13][7]                                                     ; Merged with w[10][13][7]                                                    ;
; w[13][13][7]                                                     ; Merged with w[10][13][7]                                                    ;
; w[14][13][7]                                                     ; Merged with w[10][13][7]                                                    ;
; w[15][13][7]                                                     ; Merged with w[10][13][7]                                                    ;
; w[1][13][7]                                                      ; Merged with w[10][13][7]                                                    ;
; w[2][13][7]                                                      ; Merged with w[10][13][7]                                                    ;
; w[3][13][7]                                                      ; Merged with w[10][13][7]                                                    ;
; w[4][13][7]                                                      ; Merged with w[10][13][7]                                                    ;
; w[5][13][7]                                                      ; Merged with w[10][13][7]                                                    ;
; w[6][13][7]                                                      ; Merged with w[10][13][7]                                                    ;
; w[7][13][7]                                                      ; Merged with w[10][13][7]                                                    ;
; w[8][13][7]                                                      ; Merged with w[10][13][7]                                                    ;
; w[9][13][7]                                                      ; Merged with w[10][13][7]                                                    ;
; w[11][12][7]                                                     ; Merged with w[10][12][7]                                                    ;
; w[12][12][7]                                                     ; Merged with w[10][12][7]                                                    ;
; w[13][12][7]                                                     ; Merged with w[10][12][7]                                                    ;
; w[14][12][7]                                                     ; Merged with w[10][12][7]                                                    ;
; w[15][12][7]                                                     ; Merged with w[10][12][7]                                                    ;
; w[1][12][7]                                                      ; Merged with w[10][12][7]                                                    ;
; w[2][12][7]                                                      ; Merged with w[10][12][7]                                                    ;
; w[3][12][7]                                                      ; Merged with w[10][12][7]                                                    ;
; w[4][12][7]                                                      ; Merged with w[10][12][7]                                                    ;
; w[5][12][7]                                                      ; Merged with w[10][12][7]                                                    ;
; w[6][12][7]                                                      ; Merged with w[10][12][7]                                                    ;
; w[7][12][7]                                                      ; Merged with w[10][12][7]                                                    ;
; w[8][12][7]                                                      ; Merged with w[10][12][7]                                                    ;
; w[9][12][7]                                                      ; Merged with w[10][12][7]                                                    ;
; w[11][11][7]                                                     ; Merged with w[10][11][7]                                                    ;
; w[12][11][7]                                                     ; Merged with w[10][11][7]                                                    ;
; w[13][11][7]                                                     ; Merged with w[10][11][7]                                                    ;
; w[14][11][7]                                                     ; Merged with w[10][11][7]                                                    ;
; w[15][11][7]                                                     ; Merged with w[10][11][7]                                                    ;
; w[1][11][7]                                                      ; Merged with w[10][11][7]                                                    ;
; w[2][11][7]                                                      ; Merged with w[10][11][7]                                                    ;
; w[3][11][7]                                                      ; Merged with w[10][11][7]                                                    ;
; w[4][11][7]                                                      ; Merged with w[10][11][7]                                                    ;
; w[5][11][7]                                                      ; Merged with w[10][11][7]                                                    ;
; w[6][11][7]                                                      ; Merged with w[10][11][7]                                                    ;
; w[7][11][7]                                                      ; Merged with w[10][11][7]                                                    ;
; w[8][11][7]                                                      ; Merged with w[10][11][7]                                                    ;
; w[9][11][7]                                                      ; Merged with w[10][11][7]                                                    ;
; w[11][10][7]                                                     ; Merged with w[10][10][7]                                                    ;
; w[12][10][7]                                                     ; Merged with w[10][10][7]                                                    ;
; w[13][10][7]                                                     ; Merged with w[10][10][7]                                                    ;
; w[14][10][7]                                                     ; Merged with w[10][10][7]                                                    ;
; w[15][10][7]                                                     ; Merged with w[10][10][7]                                                    ;
; w[1][10][7]                                                      ; Merged with w[10][10][7]                                                    ;
; w[2][10][7]                                                      ; Merged with w[10][10][7]                                                    ;
; w[3][10][7]                                                      ; Merged with w[10][10][7]                                                    ;
; w[4][10][7]                                                      ; Merged with w[10][10][7]                                                    ;
; w[5][10][7]                                                      ; Merged with w[10][10][7]                                                    ;
; w[6][10][7]                                                      ; Merged with w[10][10][7]                                                    ;
; w[7][10][7]                                                      ; Merged with w[10][10][7]                                                    ;
; w[8][10][7]                                                      ; Merged with w[10][10][7]                                                    ;
; w[9][10][7]                                                      ; Merged with w[10][10][7]                                                    ;
; w[11][9][7]                                                      ; Merged with w[10][9][7]                                                     ;
; w[12][9][7]                                                      ; Merged with w[10][9][7]                                                     ;
; w[13][9][7]                                                      ; Merged with w[10][9][7]                                                     ;
; w[14][9][7]                                                      ; Merged with w[10][9][7]                                                     ;
; w[15][9][7]                                                      ; Merged with w[10][9][7]                                                     ;
; w[1][9][7]                                                       ; Merged with w[10][9][7]                                                     ;
; w[2][9][7]                                                       ; Merged with w[10][9][7]                                                     ;
; w[3][9][7]                                                       ; Merged with w[10][9][7]                                                     ;
; w[4][9][7]                                                       ; Merged with w[10][9][7]                                                     ;
; w[5][9][7]                                                       ; Merged with w[10][9][7]                                                     ;
; w[6][9][7]                                                       ; Merged with w[10][9][7]                                                     ;
; w[7][9][7]                                                       ; Merged with w[10][9][7]                                                     ;
; w[8][9][7]                                                       ; Merged with w[10][9][7]                                                     ;
; w[9][9][7]                                                       ; Merged with w[10][9][7]                                                     ;
; w[11][8][7]                                                      ; Merged with w[10][8][7]                                                     ;
; w[12][8][7]                                                      ; Merged with w[10][8][7]                                                     ;
; w[13][8][7]                                                      ; Merged with w[10][8][7]                                                     ;
; w[14][8][7]                                                      ; Merged with w[10][8][7]                                                     ;
; w[15][8][7]                                                      ; Merged with w[10][8][7]                                                     ;
; w[1][8][7]                                                       ; Merged with w[10][8][7]                                                     ;
; w[2][8][7]                                                       ; Merged with w[10][8][7]                                                     ;
; w[3][8][7]                                                       ; Merged with w[10][8][7]                                                     ;
; w[4][8][7]                                                       ; Merged with w[10][8][7]                                                     ;
; w[5][8][7]                                                       ; Merged with w[10][8][7]                                                     ;
; w[6][8][7]                                                       ; Merged with w[10][8][7]                                                     ;
; w[7][8][7]                                                       ; Merged with w[10][8][7]                                                     ;
; w[8][8][7]                                                       ; Merged with w[10][8][7]                                                     ;
; w[9][8][7]                                                       ; Merged with w[10][8][7]                                                     ;
; w[11][15][6]                                                     ; Merged with w[10][15][6]                                                    ;
; w[12][15][6]                                                     ; Merged with w[10][15][6]                                                    ;
; w[13][15][6]                                                     ; Merged with w[10][15][6]                                                    ;
; w[14][15][6]                                                     ; Merged with w[10][15][6]                                                    ;
; w[15][15][6]                                                     ; Merged with w[10][15][6]                                                    ;
; w[1][15][6]                                                      ; Merged with w[10][15][6]                                                    ;
; w[2][15][6]                                                      ; Merged with w[10][15][6]                                                    ;
; w[3][15][6]                                                      ; Merged with w[10][15][6]                                                    ;
; w[4][15][6]                                                      ; Merged with w[10][15][6]                                                    ;
; w[5][15][6]                                                      ; Merged with w[10][15][6]                                                    ;
; w[6][15][6]                                                      ; Merged with w[10][15][6]                                                    ;
; w[7][15][6]                                                      ; Merged with w[10][15][6]                                                    ;
; w[8][15][6]                                                      ; Merged with w[10][15][6]                                                    ;
; w[9][15][6]                                                      ; Merged with w[10][15][6]                                                    ;
; w[11][14][6]                                                     ; Merged with w[10][14][6]                                                    ;
; w[12][14][6]                                                     ; Merged with w[10][14][6]                                                    ;
; w[13][14][6]                                                     ; Merged with w[10][14][6]                                                    ;
; w[14][14][6]                                                     ; Merged with w[10][14][6]                                                    ;
; w[15][14][6]                                                     ; Merged with w[10][14][6]                                                    ;
; w[1][14][6]                                                      ; Merged with w[10][14][6]                                                    ;
; w[2][14][6]                                                      ; Merged with w[10][14][6]                                                    ;
; w[3][14][6]                                                      ; Merged with w[10][14][6]                                                    ;
; w[4][14][6]                                                      ; Merged with w[10][14][6]                                                    ;
; w[5][14][6]                                                      ; Merged with w[10][14][6]                                                    ;
; w[6][14][6]                                                      ; Merged with w[10][14][6]                                                    ;
; w[7][14][6]                                                      ; Merged with w[10][14][6]                                                    ;
; w[8][14][6]                                                      ; Merged with w[10][14][6]                                                    ;
; w[9][14][6]                                                      ; Merged with w[10][14][6]                                                    ;
; w[11][13][6]                                                     ; Merged with w[10][13][6]                                                    ;
; w[12][13][6]                                                     ; Merged with w[10][13][6]                                                    ;
; w[13][13][6]                                                     ; Merged with w[10][13][6]                                                    ;
; w[14][13][6]                                                     ; Merged with w[10][13][6]                                                    ;
; w[15][13][6]                                                     ; Merged with w[10][13][6]                                                    ;
; w[1][13][6]                                                      ; Merged with w[10][13][6]                                                    ;
; w[2][13][6]                                                      ; Merged with w[10][13][6]                                                    ;
; w[3][13][6]                                                      ; Merged with w[10][13][6]                                                    ;
; w[4][13][6]                                                      ; Merged with w[10][13][6]                                                    ;
; w[5][13][6]                                                      ; Merged with w[10][13][6]                                                    ;
; w[6][13][6]                                                      ; Merged with w[10][13][6]                                                    ;
; w[7][13][6]                                                      ; Merged with w[10][13][6]                                                    ;
; w[8][13][6]                                                      ; Merged with w[10][13][6]                                                    ;
; w[9][13][6]                                                      ; Merged with w[10][13][6]                                                    ;
; w[11][12][6]                                                     ; Merged with w[10][12][6]                                                    ;
; w[12][12][6]                                                     ; Merged with w[10][12][6]                                                    ;
; w[13][12][6]                                                     ; Merged with w[10][12][6]                                                    ;
; w[14][12][6]                                                     ; Merged with w[10][12][6]                                                    ;
; w[15][12][6]                                                     ; Merged with w[10][12][6]                                                    ;
; w[1][12][6]                                                      ; Merged with w[10][12][6]                                                    ;
; w[2][12][6]                                                      ; Merged with w[10][12][6]                                                    ;
; w[3][12][6]                                                      ; Merged with w[10][12][6]                                                    ;
; w[4][12][6]                                                      ; Merged with w[10][12][6]                                                    ;
; w[5][12][6]                                                      ; Merged with w[10][12][6]                                                    ;
; w[6][12][6]                                                      ; Merged with w[10][12][6]                                                    ;
; w[7][12][6]                                                      ; Merged with w[10][12][6]                                                    ;
; w[8][12][6]                                                      ; Merged with w[10][12][6]                                                    ;
; w[9][12][6]                                                      ; Merged with w[10][12][6]                                                    ;
; w[11][11][6]                                                     ; Merged with w[10][11][6]                                                    ;
; w[12][11][6]                                                     ; Merged with w[10][11][6]                                                    ;
; w[13][11][6]                                                     ; Merged with w[10][11][6]                                                    ;
; w[14][11][6]                                                     ; Merged with w[10][11][6]                                                    ;
; w[15][11][6]                                                     ; Merged with w[10][11][6]                                                    ;
; w[1][11][6]                                                      ; Merged with w[10][11][6]                                                    ;
; w[2][11][6]                                                      ; Merged with w[10][11][6]                                                    ;
; w[3][11][6]                                                      ; Merged with w[10][11][6]                                                    ;
; w[4][11][6]                                                      ; Merged with w[10][11][6]                                                    ;
; w[5][11][6]                                                      ; Merged with w[10][11][6]                                                    ;
; w[6][11][6]                                                      ; Merged with w[10][11][6]                                                    ;
; w[7][11][6]                                                      ; Merged with w[10][11][6]                                                    ;
; w[8][11][6]                                                      ; Merged with w[10][11][6]                                                    ;
; w[9][11][6]                                                      ; Merged with w[10][11][6]                                                    ;
; w[11][10][6]                                                     ; Merged with w[10][10][6]                                                    ;
; w[12][10][6]                                                     ; Merged with w[10][10][6]                                                    ;
; w[13][10][6]                                                     ; Merged with w[10][10][6]                                                    ;
; w[14][10][6]                                                     ; Merged with w[10][10][6]                                                    ;
; w[15][10][6]                                                     ; Merged with w[10][10][6]                                                    ;
; w[1][10][6]                                                      ; Merged with w[10][10][6]                                                    ;
; w[2][10][6]                                                      ; Merged with w[10][10][6]                                                    ;
; w[3][10][6]                                                      ; Merged with w[10][10][6]                                                    ;
; w[4][10][6]                                                      ; Merged with w[10][10][6]                                                    ;
; w[5][10][6]                                                      ; Merged with w[10][10][6]                                                    ;
; w[6][10][6]                                                      ; Merged with w[10][10][6]                                                    ;
; w[7][10][6]                                                      ; Merged with w[10][10][6]                                                    ;
; w[8][10][6]                                                      ; Merged with w[10][10][6]                                                    ;
; w[9][10][6]                                                      ; Merged with w[10][10][6]                                                    ;
; w[11][9][6]                                                      ; Merged with w[10][9][6]                                                     ;
; w[12][9][6]                                                      ; Merged with w[10][9][6]                                                     ;
; w[13][9][6]                                                      ; Merged with w[10][9][6]                                                     ;
; w[14][9][6]                                                      ; Merged with w[10][9][6]                                                     ;
; w[15][9][6]                                                      ; Merged with w[10][9][6]                                                     ;
; w[1][9][6]                                                       ; Merged with w[10][9][6]                                                     ;
; w[2][9][6]                                                       ; Merged with w[10][9][6]                                                     ;
; w[3][9][6]                                                       ; Merged with w[10][9][6]                                                     ;
; w[4][9][6]                                                       ; Merged with w[10][9][6]                                                     ;
; w[5][9][6]                                                       ; Merged with w[10][9][6]                                                     ;
; w[6][9][6]                                                       ; Merged with w[10][9][6]                                                     ;
; w[7][9][6]                                                       ; Merged with w[10][9][6]                                                     ;
; w[8][9][6]                                                       ; Merged with w[10][9][6]                                                     ;
; w[9][9][6]                                                       ; Merged with w[10][9][6]                                                     ;
; w[11][8][6]                                                      ; Merged with w[10][8][6]                                                     ;
; w[12][8][6]                                                      ; Merged with w[10][8][6]                                                     ;
; w[13][8][6]                                                      ; Merged with w[10][8][6]                                                     ;
; w[14][8][6]                                                      ; Merged with w[10][8][6]                                                     ;
; w[15][8][6]                                                      ; Merged with w[10][8][6]                                                     ;
; w[1][8][6]                                                       ; Merged with w[10][8][6]                                                     ;
; w[2][8][6]                                                       ; Merged with w[10][8][6]                                                     ;
; w[3][8][6]                                                       ; Merged with w[10][8][6]                                                     ;
; w[4][8][6]                                                       ; Merged with w[10][8][6]                                                     ;
; w[5][8][6]                                                       ; Merged with w[10][8][6]                                                     ;
; w[6][8][6]                                                       ; Merged with w[10][8][6]                                                     ;
; w[7][8][6]                                                       ; Merged with w[10][8][6]                                                     ;
; w[8][8][6]                                                       ; Merged with w[10][8][6]                                                     ;
; w[9][8][6]                                                       ; Merged with w[10][8][6]                                                     ;
; w[11][15][5]                                                     ; Merged with w[10][15][5]                                                    ;
; w[12][15][5]                                                     ; Merged with w[10][15][5]                                                    ;
; w[13][15][5]                                                     ; Merged with w[10][15][5]                                                    ;
; w[14][15][5]                                                     ; Merged with w[10][15][5]                                                    ;
; w[15][15][5]                                                     ; Merged with w[10][15][5]                                                    ;
; w[1][15][5]                                                      ; Merged with w[10][15][5]                                                    ;
; w[2][15][5]                                                      ; Merged with w[10][15][5]                                                    ;
; w[3][15][5]                                                      ; Merged with w[10][15][5]                                                    ;
; w[4][15][5]                                                      ; Merged with w[10][15][5]                                                    ;
; w[5][15][5]                                                      ; Merged with w[10][15][5]                                                    ;
; w[6][15][5]                                                      ; Merged with w[10][15][5]                                                    ;
; w[7][15][5]                                                      ; Merged with w[10][15][5]                                                    ;
; w[8][15][5]                                                      ; Merged with w[10][15][5]                                                    ;
; w[9][15][5]                                                      ; Merged with w[10][15][5]                                                    ;
; w[11][14][5]                                                     ; Merged with w[10][14][5]                                                    ;
; w[12][14][5]                                                     ; Merged with w[10][14][5]                                                    ;
; w[13][14][5]                                                     ; Merged with w[10][14][5]                                                    ;
; w[14][14][5]                                                     ; Merged with w[10][14][5]                                                    ;
; w[15][14][5]                                                     ; Merged with w[10][14][5]                                                    ;
; w[1][14][5]                                                      ; Merged with w[10][14][5]                                                    ;
; w[2][14][5]                                                      ; Merged with w[10][14][5]                                                    ;
; w[3][14][5]                                                      ; Merged with w[10][14][5]                                                    ;
; w[4][14][5]                                                      ; Merged with w[10][14][5]                                                    ;
; w[5][14][5]                                                      ; Merged with w[10][14][5]                                                    ;
; w[6][14][5]                                                      ; Merged with w[10][14][5]                                                    ;
; w[7][14][5]                                                      ; Merged with w[10][14][5]                                                    ;
; w[8][14][5]                                                      ; Merged with w[10][14][5]                                                    ;
; w[9][14][5]                                                      ; Merged with w[10][14][5]                                                    ;
; w[11][13][5]                                                     ; Merged with w[10][13][5]                                                    ;
; w[12][13][5]                                                     ; Merged with w[10][13][5]                                                    ;
; w[13][13][5]                                                     ; Merged with w[10][13][5]                                                    ;
; w[14][13][5]                                                     ; Merged with w[10][13][5]                                                    ;
; w[15][13][5]                                                     ; Merged with w[10][13][5]                                                    ;
; w[1][13][5]                                                      ; Merged with w[10][13][5]                                                    ;
; w[2][13][5]                                                      ; Merged with w[10][13][5]                                                    ;
; w[3][13][5]                                                      ; Merged with w[10][13][5]                                                    ;
; w[4][13][5]                                                      ; Merged with w[10][13][5]                                                    ;
; w[5][13][5]                                                      ; Merged with w[10][13][5]                                                    ;
; w[6][13][5]                                                      ; Merged with w[10][13][5]                                                    ;
; w[7][13][5]                                                      ; Merged with w[10][13][5]                                                    ;
; w[8][13][5]                                                      ; Merged with w[10][13][5]                                                    ;
; w[9][13][5]                                                      ; Merged with w[10][13][5]                                                    ;
; w[11][12][5]                                                     ; Merged with w[10][12][5]                                                    ;
; w[12][12][5]                                                     ; Merged with w[10][12][5]                                                    ;
; w[13][12][5]                                                     ; Merged with w[10][12][5]                                                    ;
; w[14][12][5]                                                     ; Merged with w[10][12][5]                                                    ;
; w[15][12][5]                                                     ; Merged with w[10][12][5]                                                    ;
; w[1][12][5]                                                      ; Merged with w[10][12][5]                                                    ;
; w[2][12][5]                                                      ; Merged with w[10][12][5]                                                    ;
; w[3][12][5]                                                      ; Merged with w[10][12][5]                                                    ;
; w[4][12][5]                                                      ; Merged with w[10][12][5]                                                    ;
; w[5][12][5]                                                      ; Merged with w[10][12][5]                                                    ;
; w[6][12][5]                                                      ; Merged with w[10][12][5]                                                    ;
; w[7][12][5]                                                      ; Merged with w[10][12][5]                                                    ;
; w[8][12][5]                                                      ; Merged with w[10][12][5]                                                    ;
; w[9][12][5]                                                      ; Merged with w[10][12][5]                                                    ;
; w[11][11][5]                                                     ; Merged with w[10][11][5]                                                    ;
; w[12][11][5]                                                     ; Merged with w[10][11][5]                                                    ;
; w[13][11][5]                                                     ; Merged with w[10][11][5]                                                    ;
; w[14][11][5]                                                     ; Merged with w[10][11][5]                                                    ;
; w[15][11][5]                                                     ; Merged with w[10][11][5]                                                    ;
; w[1][11][5]                                                      ; Merged with w[10][11][5]                                                    ;
; w[2][11][5]                                                      ; Merged with w[10][11][5]                                                    ;
; w[3][11][5]                                                      ; Merged with w[10][11][5]                                                    ;
; w[4][11][5]                                                      ; Merged with w[10][11][5]                                                    ;
; w[5][11][5]                                                      ; Merged with w[10][11][5]                                                    ;
; w[6][11][5]                                                      ; Merged with w[10][11][5]                                                    ;
; w[7][11][5]                                                      ; Merged with w[10][11][5]                                                    ;
; w[8][11][5]                                                      ; Merged with w[10][11][5]                                                    ;
; w[9][11][5]                                                      ; Merged with w[10][11][5]                                                    ;
; w[11][10][5]                                                     ; Merged with w[10][10][5]                                                    ;
; w[12][10][5]                                                     ; Merged with w[10][10][5]                                                    ;
; w[13][10][5]                                                     ; Merged with w[10][10][5]                                                    ;
; w[14][10][5]                                                     ; Merged with w[10][10][5]                                                    ;
; w[15][10][5]                                                     ; Merged with w[10][10][5]                                                    ;
; w[1][10][5]                                                      ; Merged with w[10][10][5]                                                    ;
; w[2][10][5]                                                      ; Merged with w[10][10][5]                                                    ;
; w[3][10][5]                                                      ; Merged with w[10][10][5]                                                    ;
; w[4][10][5]                                                      ; Merged with w[10][10][5]                                                    ;
; w[5][10][5]                                                      ; Merged with w[10][10][5]                                                    ;
; w[6][10][5]                                                      ; Merged with w[10][10][5]                                                    ;
; w[7][10][5]                                                      ; Merged with w[10][10][5]                                                    ;
; w[8][10][5]                                                      ; Merged with w[10][10][5]                                                    ;
; w[9][10][5]                                                      ; Merged with w[10][10][5]                                                    ;
; w[11][9][5]                                                      ; Merged with w[10][9][5]                                                     ;
; w[12][9][5]                                                      ; Merged with w[10][9][5]                                                     ;
; w[13][9][5]                                                      ; Merged with w[10][9][5]                                                     ;
; w[14][9][5]                                                      ; Merged with w[10][9][5]                                                     ;
; w[15][9][5]                                                      ; Merged with w[10][9][5]                                                     ;
; w[1][9][5]                                                       ; Merged with w[10][9][5]                                                     ;
; w[2][9][5]                                                       ; Merged with w[10][9][5]                                                     ;
; w[3][9][5]                                                       ; Merged with w[10][9][5]                                                     ;
; w[4][9][5]                                                       ; Merged with w[10][9][5]                                                     ;
; w[5][9][5]                                                       ; Merged with w[10][9][5]                                                     ;
; w[6][9][5]                                                       ; Merged with w[10][9][5]                                                     ;
; w[7][9][5]                                                       ; Merged with w[10][9][5]                                                     ;
; w[8][9][5]                                                       ; Merged with w[10][9][5]                                                     ;
; w[9][9][5]                                                       ; Merged with w[10][9][5]                                                     ;
; w[11][8][5]                                                      ; Merged with w[10][8][5]                                                     ;
; w[12][8][5]                                                      ; Merged with w[10][8][5]                                                     ;
; w[13][8][5]                                                      ; Merged with w[10][8][5]                                                     ;
; w[14][8][5]                                                      ; Merged with w[10][8][5]                                                     ;
; w[15][8][5]                                                      ; Merged with w[10][8][5]                                                     ;
; w[1][8][5]                                                       ; Merged with w[10][8][5]                                                     ;
; w[2][8][5]                                                       ; Merged with w[10][8][5]                                                     ;
; w[3][8][5]                                                       ; Merged with w[10][8][5]                                                     ;
; w[4][8][5]                                                       ; Merged with w[10][8][5]                                                     ;
; w[5][8][5]                                                       ; Merged with w[10][8][5]                                                     ;
; w[6][8][5]                                                       ; Merged with w[10][8][5]                                                     ;
; w[7][8][5]                                                       ; Merged with w[10][8][5]                                                     ;
; w[8][8][5]                                                       ; Merged with w[10][8][5]                                                     ;
; w[9][8][5]                                                       ; Merged with w[10][8][5]                                                     ;
; w[11][15][4]                                                     ; Merged with w[10][15][4]                                                    ;
; w[12][15][4]                                                     ; Merged with w[10][15][4]                                                    ;
; w[13][15][4]                                                     ; Merged with w[10][15][4]                                                    ;
; w[14][15][4]                                                     ; Merged with w[10][15][4]                                                    ;
; w[15][15][4]                                                     ; Merged with w[10][15][4]                                                    ;
; w[1][15][4]                                                      ; Merged with w[10][15][4]                                                    ;
; w[2][15][4]                                                      ; Merged with w[10][15][4]                                                    ;
; w[3][15][4]                                                      ; Merged with w[10][15][4]                                                    ;
; w[4][15][4]                                                      ; Merged with w[10][15][4]                                                    ;
; w[5][15][4]                                                      ; Merged with w[10][15][4]                                                    ;
; w[6][15][4]                                                      ; Merged with w[10][15][4]                                                    ;
; w[7][15][4]                                                      ; Merged with w[10][15][4]                                                    ;
; w[8][15][4]                                                      ; Merged with w[10][15][4]                                                    ;
; w[9][15][4]                                                      ; Merged with w[10][15][4]                                                    ;
; w[11][14][4]                                                     ; Merged with w[10][14][4]                                                    ;
; w[12][14][4]                                                     ; Merged with w[10][14][4]                                                    ;
; w[13][14][4]                                                     ; Merged with w[10][14][4]                                                    ;
; w[14][14][4]                                                     ; Merged with w[10][14][4]                                                    ;
; w[15][14][4]                                                     ; Merged with w[10][14][4]                                                    ;
; w[1][14][4]                                                      ; Merged with w[10][14][4]                                                    ;
; w[2][14][4]                                                      ; Merged with w[10][14][4]                                                    ;
; w[3][14][4]                                                      ; Merged with w[10][14][4]                                                    ;
; w[4][14][4]                                                      ; Merged with w[10][14][4]                                                    ;
; w[5][14][4]                                                      ; Merged with w[10][14][4]                                                    ;
; w[6][14][4]                                                      ; Merged with w[10][14][4]                                                    ;
; w[7][14][4]                                                      ; Merged with w[10][14][4]                                                    ;
; w[8][14][4]                                                      ; Merged with w[10][14][4]                                                    ;
; w[9][14][4]                                                      ; Merged with w[10][14][4]                                                    ;
; w[11][13][4]                                                     ; Merged with w[10][13][4]                                                    ;
; w[12][13][4]                                                     ; Merged with w[10][13][4]                                                    ;
; w[13][13][4]                                                     ; Merged with w[10][13][4]                                                    ;
; w[14][13][4]                                                     ; Merged with w[10][13][4]                                                    ;
; w[15][13][4]                                                     ; Merged with w[10][13][4]                                                    ;
; w[1][13][4]                                                      ; Merged with w[10][13][4]                                                    ;
; w[2][13][4]                                                      ; Merged with w[10][13][4]                                                    ;
; w[3][13][4]                                                      ; Merged with w[10][13][4]                                                    ;
; w[4][13][4]                                                      ; Merged with w[10][13][4]                                                    ;
; w[5][13][4]                                                      ; Merged with w[10][13][4]                                                    ;
; w[6][13][4]                                                      ; Merged with w[10][13][4]                                                    ;
; w[7][13][4]                                                      ; Merged with w[10][13][4]                                                    ;
; w[8][13][4]                                                      ; Merged with w[10][13][4]                                                    ;
; w[9][13][4]                                                      ; Merged with w[10][13][4]                                                    ;
; w[11][12][4]                                                     ; Merged with w[10][12][4]                                                    ;
; w[12][12][4]                                                     ; Merged with w[10][12][4]                                                    ;
; w[13][12][4]                                                     ; Merged with w[10][12][4]                                                    ;
; w[14][12][4]                                                     ; Merged with w[10][12][4]                                                    ;
; w[15][12][4]                                                     ; Merged with w[10][12][4]                                                    ;
; w[1][12][4]                                                      ; Merged with w[10][12][4]                                                    ;
; w[2][12][4]                                                      ; Merged with w[10][12][4]                                                    ;
; w[3][12][4]                                                      ; Merged with w[10][12][4]                                                    ;
; w[4][12][4]                                                      ; Merged with w[10][12][4]                                                    ;
; w[5][12][4]                                                      ; Merged with w[10][12][4]                                                    ;
; w[6][12][4]                                                      ; Merged with w[10][12][4]                                                    ;
; w[7][12][4]                                                      ; Merged with w[10][12][4]                                                    ;
; w[8][12][4]                                                      ; Merged with w[10][12][4]                                                    ;
; w[9][12][4]                                                      ; Merged with w[10][12][4]                                                    ;
; w[11][11][4]                                                     ; Merged with w[10][11][4]                                                    ;
; w[12][11][4]                                                     ; Merged with w[10][11][4]                                                    ;
; w[13][11][4]                                                     ; Merged with w[10][11][4]                                                    ;
; w[14][11][4]                                                     ; Merged with w[10][11][4]                                                    ;
; w[15][11][4]                                                     ; Merged with w[10][11][4]                                                    ;
; w[1][11][4]                                                      ; Merged with w[10][11][4]                                                    ;
; w[2][11][4]                                                      ; Merged with w[10][11][4]                                                    ;
; w[3][11][4]                                                      ; Merged with w[10][11][4]                                                    ;
; w[4][11][4]                                                      ; Merged with w[10][11][4]                                                    ;
; w[5][11][4]                                                      ; Merged with w[10][11][4]                                                    ;
; w[6][11][4]                                                      ; Merged with w[10][11][4]                                                    ;
; w[7][11][4]                                                      ; Merged with w[10][11][4]                                                    ;
; w[8][11][4]                                                      ; Merged with w[10][11][4]                                                    ;
; w[9][11][4]                                                      ; Merged with w[10][11][4]                                                    ;
; w[11][10][4]                                                     ; Merged with w[10][10][4]                                                    ;
; w[12][10][4]                                                     ; Merged with w[10][10][4]                                                    ;
; w[13][10][4]                                                     ; Merged with w[10][10][4]                                                    ;
; w[14][10][4]                                                     ; Merged with w[10][10][4]                                                    ;
; w[15][10][4]                                                     ; Merged with w[10][10][4]                                                    ;
; w[1][10][4]                                                      ; Merged with w[10][10][4]                                                    ;
; w[2][10][4]                                                      ; Merged with w[10][10][4]                                                    ;
; w[3][10][4]                                                      ; Merged with w[10][10][4]                                                    ;
; w[4][10][4]                                                      ; Merged with w[10][10][4]                                                    ;
; w[5][10][4]                                                      ; Merged with w[10][10][4]                                                    ;
; w[6][10][4]                                                      ; Merged with w[10][10][4]                                                    ;
; w[7][10][4]                                                      ; Merged with w[10][10][4]                                                    ;
; w[8][10][4]                                                      ; Merged with w[10][10][4]                                                    ;
; w[9][10][4]                                                      ; Merged with w[10][10][4]                                                    ;
; w[11][9][4]                                                      ; Merged with w[10][9][4]                                                     ;
; w[12][9][4]                                                      ; Merged with w[10][9][4]                                                     ;
; w[13][9][4]                                                      ; Merged with w[10][9][4]                                                     ;
; w[14][9][4]                                                      ; Merged with w[10][9][4]                                                     ;
; w[15][9][4]                                                      ; Merged with w[10][9][4]                                                     ;
; w[1][9][4]                                                       ; Merged with w[10][9][4]                                                     ;
; w[2][9][4]                                                       ; Merged with w[10][9][4]                                                     ;
; w[3][9][4]                                                       ; Merged with w[10][9][4]                                                     ;
; w[4][9][4]                                                       ; Merged with w[10][9][4]                                                     ;
; w[5][9][4]                                                       ; Merged with w[10][9][4]                                                     ;
; w[6][9][4]                                                       ; Merged with w[10][9][4]                                                     ;
; w[7][9][4]                                                       ; Merged with w[10][9][4]                                                     ;
; w[8][9][4]                                                       ; Merged with w[10][9][4]                                                     ;
; w[9][9][4]                                                       ; Merged with w[10][9][4]                                                     ;
; w[11][8][4]                                                      ; Merged with w[10][8][4]                                                     ;
; w[12][8][4]                                                      ; Merged with w[10][8][4]                                                     ;
; w[13][8][4]                                                      ; Merged with w[10][8][4]                                                     ;
; w[14][8][4]                                                      ; Merged with w[10][8][4]                                                     ;
; w[15][8][4]                                                      ; Merged with w[10][8][4]                                                     ;
; w[1][8][4]                                                       ; Merged with w[10][8][4]                                                     ;
; w[2][8][4]                                                       ; Merged with w[10][8][4]                                                     ;
; w[3][8][4]                                                       ; Merged with w[10][8][4]                                                     ;
; w[4][8][4]                                                       ; Merged with w[10][8][4]                                                     ;
; w[5][8][4]                                                       ; Merged with w[10][8][4]                                                     ;
; w[6][8][4]                                                       ; Merged with w[10][8][4]                                                     ;
; w[7][8][4]                                                       ; Merged with w[10][8][4]                                                     ;
; w[8][8][4]                                                       ; Merged with w[10][8][4]                                                     ;
; w[9][8][4]                                                       ; Merged with w[10][8][4]                                                     ;
; w[11][15][3]                                                     ; Merged with w[10][15][3]                                                    ;
; w[12][15][3]                                                     ; Merged with w[10][15][3]                                                    ;
; w[13][15][3]                                                     ; Merged with w[10][15][3]                                                    ;
; w[14][15][3]                                                     ; Merged with w[10][15][3]                                                    ;
; w[15][15][3]                                                     ; Merged with w[10][15][3]                                                    ;
; w[1][15][3]                                                      ; Merged with w[10][15][3]                                                    ;
; w[2][15][3]                                                      ; Merged with w[10][15][3]                                                    ;
; w[3][15][3]                                                      ; Merged with w[10][15][3]                                                    ;
; w[4][15][3]                                                      ; Merged with w[10][15][3]                                                    ;
; w[5][15][3]                                                      ; Merged with w[10][15][3]                                                    ;
; w[6][15][3]                                                      ; Merged with w[10][15][3]                                                    ;
; w[7][15][3]                                                      ; Merged with w[10][15][3]                                                    ;
; w[8][15][3]                                                      ; Merged with w[10][15][3]                                                    ;
; w[9][15][3]                                                      ; Merged with w[10][15][3]                                                    ;
; w[11][14][3]                                                     ; Merged with w[10][14][3]                                                    ;
; w[12][14][3]                                                     ; Merged with w[10][14][3]                                                    ;
; w[13][14][3]                                                     ; Merged with w[10][14][3]                                                    ;
; w[14][14][3]                                                     ; Merged with w[10][14][3]                                                    ;
; w[15][14][3]                                                     ; Merged with w[10][14][3]                                                    ;
; w[1][14][3]                                                      ; Merged with w[10][14][3]                                                    ;
; w[2][14][3]                                                      ; Merged with w[10][14][3]                                                    ;
; w[3][14][3]                                                      ; Merged with w[10][14][3]                                                    ;
; w[4][14][3]                                                      ; Merged with w[10][14][3]                                                    ;
; w[5][14][3]                                                      ; Merged with w[10][14][3]                                                    ;
; w[6][14][3]                                                      ; Merged with w[10][14][3]                                                    ;
; w[7][14][3]                                                      ; Merged with w[10][14][3]                                                    ;
; w[8][14][3]                                                      ; Merged with w[10][14][3]                                                    ;
; w[9][14][3]                                                      ; Merged with w[10][14][3]                                                    ;
; w[11][13][3]                                                     ; Merged with w[10][13][3]                                                    ;
; w[12][13][3]                                                     ; Merged with w[10][13][3]                                                    ;
; w[13][13][3]                                                     ; Merged with w[10][13][3]                                                    ;
; w[14][13][3]                                                     ; Merged with w[10][13][3]                                                    ;
; w[15][13][3]                                                     ; Merged with w[10][13][3]                                                    ;
; w[1][13][3]                                                      ; Merged with w[10][13][3]                                                    ;
; w[2][13][3]                                                      ; Merged with w[10][13][3]                                                    ;
; w[3][13][3]                                                      ; Merged with w[10][13][3]                                                    ;
; w[4][13][3]                                                      ; Merged with w[10][13][3]                                                    ;
; w[5][13][3]                                                      ; Merged with w[10][13][3]                                                    ;
; w[6][13][3]                                                      ; Merged with w[10][13][3]                                                    ;
; w[7][13][3]                                                      ; Merged with w[10][13][3]                                                    ;
; w[8][13][3]                                                      ; Merged with w[10][13][3]                                                    ;
; w[9][13][3]                                                      ; Merged with w[10][13][3]                                                    ;
; w[11][12][3]                                                     ; Merged with w[10][12][3]                                                    ;
; w[12][12][3]                                                     ; Merged with w[10][12][3]                                                    ;
; w[13][12][3]                                                     ; Merged with w[10][12][3]                                                    ;
; w[14][12][3]                                                     ; Merged with w[10][12][3]                                                    ;
; w[15][12][3]                                                     ; Merged with w[10][12][3]                                                    ;
; w[1][12][3]                                                      ; Merged with w[10][12][3]                                                    ;
; w[2][12][3]                                                      ; Merged with w[10][12][3]                                                    ;
; w[3][12][3]                                                      ; Merged with w[10][12][3]                                                    ;
; w[4][12][3]                                                      ; Merged with w[10][12][3]                                                    ;
; w[5][12][3]                                                      ; Merged with w[10][12][3]                                                    ;
; w[6][12][3]                                                      ; Merged with w[10][12][3]                                                    ;
; w[7][12][3]                                                      ; Merged with w[10][12][3]                                                    ;
; w[8][12][3]                                                      ; Merged with w[10][12][3]                                                    ;
; w[9][12][3]                                                      ; Merged with w[10][12][3]                                                    ;
; w[11][11][3]                                                     ; Merged with w[10][11][3]                                                    ;
; w[12][11][3]                                                     ; Merged with w[10][11][3]                                                    ;
; w[13][11][3]                                                     ; Merged with w[10][11][3]                                                    ;
; w[14][11][3]                                                     ; Merged with w[10][11][3]                                                    ;
; w[15][11][3]                                                     ; Merged with w[10][11][3]                                                    ;
; w[1][11][3]                                                      ; Merged with w[10][11][3]                                                    ;
; w[2][11][3]                                                      ; Merged with w[10][11][3]                                                    ;
; w[3][11][3]                                                      ; Merged with w[10][11][3]                                                    ;
; w[4][11][3]                                                      ; Merged with w[10][11][3]                                                    ;
; w[5][11][3]                                                      ; Merged with w[10][11][3]                                                    ;
; w[6][11][3]                                                      ; Merged with w[10][11][3]                                                    ;
; w[7][11][3]                                                      ; Merged with w[10][11][3]                                                    ;
; w[8][11][3]                                                      ; Merged with w[10][11][3]                                                    ;
; w[9][11][3]                                                      ; Merged with w[10][11][3]                                                    ;
; w[11][10][3]                                                     ; Merged with w[10][10][3]                                                    ;
; w[12][10][3]                                                     ; Merged with w[10][10][3]                                                    ;
; w[13][10][3]                                                     ; Merged with w[10][10][3]                                                    ;
; w[14][10][3]                                                     ; Merged with w[10][10][3]                                                    ;
; w[15][10][3]                                                     ; Merged with w[10][10][3]                                                    ;
; w[1][10][3]                                                      ; Merged with w[10][10][3]                                                    ;
; w[2][10][3]                                                      ; Merged with w[10][10][3]                                                    ;
; w[3][10][3]                                                      ; Merged with w[10][10][3]                                                    ;
; w[4][10][3]                                                      ; Merged with w[10][10][3]                                                    ;
; w[5][10][3]                                                      ; Merged with w[10][10][3]                                                    ;
; w[6][10][3]                                                      ; Merged with w[10][10][3]                                                    ;
; w[7][10][3]                                                      ; Merged with w[10][10][3]                                                    ;
; w[8][10][3]                                                      ; Merged with w[10][10][3]                                                    ;
; w[9][10][3]                                                      ; Merged with w[10][10][3]                                                    ;
; w[11][9][3]                                                      ; Merged with w[10][9][3]                                                     ;
; w[12][9][3]                                                      ; Merged with w[10][9][3]                                                     ;
; w[13][9][3]                                                      ; Merged with w[10][9][3]                                                     ;
; w[14][9][3]                                                      ; Merged with w[10][9][3]                                                     ;
; w[15][9][3]                                                      ; Merged with w[10][9][3]                                                     ;
; w[1][9][3]                                                       ; Merged with w[10][9][3]                                                     ;
; w[2][9][3]                                                       ; Merged with w[10][9][3]                                                     ;
; w[3][9][3]                                                       ; Merged with w[10][9][3]                                                     ;
; w[4][9][3]                                                       ; Merged with w[10][9][3]                                                     ;
; w[5][9][3]                                                       ; Merged with w[10][9][3]                                                     ;
; w[6][9][3]                                                       ; Merged with w[10][9][3]                                                     ;
; w[7][9][3]                                                       ; Merged with w[10][9][3]                                                     ;
; w[8][9][3]                                                       ; Merged with w[10][9][3]                                                     ;
; w[9][9][3]                                                       ; Merged with w[10][9][3]                                                     ;
; w[11][8][3]                                                      ; Merged with w[10][8][3]                                                     ;
; w[12][8][3]                                                      ; Merged with w[10][8][3]                                                     ;
; w[13][8][3]                                                      ; Merged with w[10][8][3]                                                     ;
; w[14][8][3]                                                      ; Merged with w[10][8][3]                                                     ;
; w[15][8][3]                                                      ; Merged with w[10][8][3]                                                     ;
; w[1][8][3]                                                       ; Merged with w[10][8][3]                                                     ;
; w[2][8][3]                                                       ; Merged with w[10][8][3]                                                     ;
; w[3][8][3]                                                       ; Merged with w[10][8][3]                                                     ;
; w[4][8][3]                                                       ; Merged with w[10][8][3]                                                     ;
; w[5][8][3]                                                       ; Merged with w[10][8][3]                                                     ;
; w[6][8][3]                                                       ; Merged with w[10][8][3]                                                     ;
; w[7][8][3]                                                       ; Merged with w[10][8][3]                                                     ;
; w[8][8][3]                                                       ; Merged with w[10][8][3]                                                     ;
; w[9][8][3]                                                       ; Merged with w[10][8][3]                                                     ;
; w[11][15][2]                                                     ; Merged with w[10][15][2]                                                    ;
; w[12][15][2]                                                     ; Merged with w[10][15][2]                                                    ;
; w[13][15][2]                                                     ; Merged with w[10][15][2]                                                    ;
; w[14][15][2]                                                     ; Merged with w[10][15][2]                                                    ;
; w[15][15][2]                                                     ; Merged with w[10][15][2]                                                    ;
; w[1][15][2]                                                      ; Merged with w[10][15][2]                                                    ;
; w[2][15][2]                                                      ; Merged with w[10][15][2]                                                    ;
; w[3][15][2]                                                      ; Merged with w[10][15][2]                                                    ;
; w[4][15][2]                                                      ; Merged with w[10][15][2]                                                    ;
; w[5][15][2]                                                      ; Merged with w[10][15][2]                                                    ;
; w[6][15][2]                                                      ; Merged with w[10][15][2]                                                    ;
; w[7][15][2]                                                      ; Merged with w[10][15][2]                                                    ;
; w[8][15][2]                                                      ; Merged with w[10][15][2]                                                    ;
; w[9][15][2]                                                      ; Merged with w[10][15][2]                                                    ;
; w[11][14][2]                                                     ; Merged with w[10][14][2]                                                    ;
; w[12][14][2]                                                     ; Merged with w[10][14][2]                                                    ;
; w[13][14][2]                                                     ; Merged with w[10][14][2]                                                    ;
; w[14][14][2]                                                     ; Merged with w[10][14][2]                                                    ;
; w[15][14][2]                                                     ; Merged with w[10][14][2]                                                    ;
; w[1][14][2]                                                      ; Merged with w[10][14][2]                                                    ;
; w[2][14][2]                                                      ; Merged with w[10][14][2]                                                    ;
; w[3][14][2]                                                      ; Merged with w[10][14][2]                                                    ;
; w[4][14][2]                                                      ; Merged with w[10][14][2]                                                    ;
; w[5][14][2]                                                      ; Merged with w[10][14][2]                                                    ;
; w[6][14][2]                                                      ; Merged with w[10][14][2]                                                    ;
; w[7][14][2]                                                      ; Merged with w[10][14][2]                                                    ;
; w[8][14][2]                                                      ; Merged with w[10][14][2]                                                    ;
; w[9][14][2]                                                      ; Merged with w[10][14][2]                                                    ;
; w[11][13][2]                                                     ; Merged with w[10][13][2]                                                    ;
; w[12][13][2]                                                     ; Merged with w[10][13][2]                                                    ;
; w[13][13][2]                                                     ; Merged with w[10][13][2]                                                    ;
; w[14][13][2]                                                     ; Merged with w[10][13][2]                                                    ;
; w[15][13][2]                                                     ; Merged with w[10][13][2]                                                    ;
; w[1][13][2]                                                      ; Merged with w[10][13][2]                                                    ;
; w[2][13][2]                                                      ; Merged with w[10][13][2]                                                    ;
; w[3][13][2]                                                      ; Merged with w[10][13][2]                                                    ;
; w[4][13][2]                                                      ; Merged with w[10][13][2]                                                    ;
; w[5][13][2]                                                      ; Merged with w[10][13][2]                                                    ;
; w[6][13][2]                                                      ; Merged with w[10][13][2]                                                    ;
; w[7][13][2]                                                      ; Merged with w[10][13][2]                                                    ;
; w[8][13][2]                                                      ; Merged with w[10][13][2]                                                    ;
; w[9][13][2]                                                      ; Merged with w[10][13][2]                                                    ;
; w[11][12][2]                                                     ; Merged with w[10][12][2]                                                    ;
; w[12][12][2]                                                     ; Merged with w[10][12][2]                                                    ;
; w[13][12][2]                                                     ; Merged with w[10][12][2]                                                    ;
; w[14][12][2]                                                     ; Merged with w[10][12][2]                                                    ;
; w[15][12][2]                                                     ; Merged with w[10][12][2]                                                    ;
; w[1][12][2]                                                      ; Merged with w[10][12][2]                                                    ;
; w[2][12][2]                                                      ; Merged with w[10][12][2]                                                    ;
; w[3][12][2]                                                      ; Merged with w[10][12][2]                                                    ;
; w[4][12][2]                                                      ; Merged with w[10][12][2]                                                    ;
; w[5][12][2]                                                      ; Merged with w[10][12][2]                                                    ;
; w[6][12][2]                                                      ; Merged with w[10][12][2]                                                    ;
; w[7][12][2]                                                      ; Merged with w[10][12][2]                                                    ;
; w[8][12][2]                                                      ; Merged with w[10][12][2]                                                    ;
; w[9][12][2]                                                      ; Merged with w[10][12][2]                                                    ;
; w[11][11][2]                                                     ; Merged with w[10][11][2]                                                    ;
; w[12][11][2]                                                     ; Merged with w[10][11][2]                                                    ;
; w[13][11][2]                                                     ; Merged with w[10][11][2]                                                    ;
; w[14][11][2]                                                     ; Merged with w[10][11][2]                                                    ;
; w[15][11][2]                                                     ; Merged with w[10][11][2]                                                    ;
; w[1][11][2]                                                      ; Merged with w[10][11][2]                                                    ;
; w[2][11][2]                                                      ; Merged with w[10][11][2]                                                    ;
; w[3][11][2]                                                      ; Merged with w[10][11][2]                                                    ;
; w[4][11][2]                                                      ; Merged with w[10][11][2]                                                    ;
; w[5][11][2]                                                      ; Merged with w[10][11][2]                                                    ;
; w[6][11][2]                                                      ; Merged with w[10][11][2]                                                    ;
; w[7][11][2]                                                      ; Merged with w[10][11][2]                                                    ;
; w[8][11][2]                                                      ; Merged with w[10][11][2]                                                    ;
; w[9][11][2]                                                      ; Merged with w[10][11][2]                                                    ;
; w[11][10][2]                                                     ; Merged with w[10][10][2]                                                    ;
; w[12][10][2]                                                     ; Merged with w[10][10][2]                                                    ;
; w[13][10][2]                                                     ; Merged with w[10][10][2]                                                    ;
; w[14][10][2]                                                     ; Merged with w[10][10][2]                                                    ;
; w[15][10][2]                                                     ; Merged with w[10][10][2]                                                    ;
; w[1][10][2]                                                      ; Merged with w[10][10][2]                                                    ;
; w[2][10][2]                                                      ; Merged with w[10][10][2]                                                    ;
; w[3][10][2]                                                      ; Merged with w[10][10][2]                                                    ;
; w[4][10][2]                                                      ; Merged with w[10][10][2]                                                    ;
; w[5][10][2]                                                      ; Merged with w[10][10][2]                                                    ;
; w[6][10][2]                                                      ; Merged with w[10][10][2]                                                    ;
; w[7][10][2]                                                      ; Merged with w[10][10][2]                                                    ;
; w[8][10][2]                                                      ; Merged with w[10][10][2]                                                    ;
; w[9][10][2]                                                      ; Merged with w[10][10][2]                                                    ;
; w[11][9][2]                                                      ; Merged with w[10][9][2]                                                     ;
; w[12][9][2]                                                      ; Merged with w[10][9][2]                                                     ;
; w[13][9][2]                                                      ; Merged with w[10][9][2]                                                     ;
; w[14][9][2]                                                      ; Merged with w[10][9][2]                                                     ;
; w[15][9][2]                                                      ; Merged with w[10][9][2]                                                     ;
; w[1][9][2]                                                       ; Merged with w[10][9][2]                                                     ;
; w[2][9][2]                                                       ; Merged with w[10][9][2]                                                     ;
; w[3][9][2]                                                       ; Merged with w[10][9][2]                                                     ;
; w[4][9][2]                                                       ; Merged with w[10][9][2]                                                     ;
; w[5][9][2]                                                       ; Merged with w[10][9][2]                                                     ;
; w[6][9][2]                                                       ; Merged with w[10][9][2]                                                     ;
; w[7][9][2]                                                       ; Merged with w[10][9][2]                                                     ;
; w[8][9][2]                                                       ; Merged with w[10][9][2]                                                     ;
; w[9][9][2]                                                       ; Merged with w[10][9][2]                                                     ;
; w[11][8][2]                                                      ; Merged with w[10][8][2]                                                     ;
; w[12][8][2]                                                      ; Merged with w[10][8][2]                                                     ;
; w[13][8][2]                                                      ; Merged with w[10][8][2]                                                     ;
; w[14][8][2]                                                      ; Merged with w[10][8][2]                                                     ;
; w[15][8][2]                                                      ; Merged with w[10][8][2]                                                     ;
; w[1][8][2]                                                       ; Merged with w[10][8][2]                                                     ;
; w[2][8][2]                                                       ; Merged with w[10][8][2]                                                     ;
; w[3][8][2]                                                       ; Merged with w[10][8][2]                                                     ;
; w[4][8][2]                                                       ; Merged with w[10][8][2]                                                     ;
; w[5][8][2]                                                       ; Merged with w[10][8][2]                                                     ;
; w[6][8][2]                                                       ; Merged with w[10][8][2]                                                     ;
; w[7][8][2]                                                       ; Merged with w[10][8][2]                                                     ;
; w[8][8][2]                                                       ; Merged with w[10][8][2]                                                     ;
; w[9][8][2]                                                       ; Merged with w[10][8][2]                                                     ;
; w[11][15][1]                                                     ; Merged with w[10][15][1]                                                    ;
; w[12][15][1]                                                     ; Merged with w[10][15][1]                                                    ;
; w[13][15][1]                                                     ; Merged with w[10][15][1]                                                    ;
; w[14][15][1]                                                     ; Merged with w[10][15][1]                                                    ;
; w[15][15][1]                                                     ; Merged with w[10][15][1]                                                    ;
; w[1][15][1]                                                      ; Merged with w[10][15][1]                                                    ;
; w[2][15][1]                                                      ; Merged with w[10][15][1]                                                    ;
; w[3][15][1]                                                      ; Merged with w[10][15][1]                                                    ;
; w[4][15][1]                                                      ; Merged with w[10][15][1]                                                    ;
; w[5][15][1]                                                      ; Merged with w[10][15][1]                                                    ;
; w[6][15][1]                                                      ; Merged with w[10][15][1]                                                    ;
; w[7][15][1]                                                      ; Merged with w[10][15][1]                                                    ;
; w[8][15][1]                                                      ; Merged with w[10][15][1]                                                    ;
; w[9][15][1]                                                      ; Merged with w[10][15][1]                                                    ;
; w[11][14][1]                                                     ; Merged with w[10][14][1]                                                    ;
; w[12][14][1]                                                     ; Merged with w[10][14][1]                                                    ;
; w[13][14][1]                                                     ; Merged with w[10][14][1]                                                    ;
; w[14][14][1]                                                     ; Merged with w[10][14][1]                                                    ;
; w[15][14][1]                                                     ; Merged with w[10][14][1]                                                    ;
; w[1][14][1]                                                      ; Merged with w[10][14][1]                                                    ;
; w[2][14][1]                                                      ; Merged with w[10][14][1]                                                    ;
; w[3][14][1]                                                      ; Merged with w[10][14][1]                                                    ;
; w[4][14][1]                                                      ; Merged with w[10][14][1]                                                    ;
; w[5][14][1]                                                      ; Merged with w[10][14][1]                                                    ;
; w[6][14][1]                                                      ; Merged with w[10][14][1]                                                    ;
; w[7][14][1]                                                      ; Merged with w[10][14][1]                                                    ;
; w[8][14][1]                                                      ; Merged with w[10][14][1]                                                    ;
; w[9][14][1]                                                      ; Merged with w[10][14][1]                                                    ;
; w[11][13][1]                                                     ; Merged with w[10][13][1]                                                    ;
; w[12][13][1]                                                     ; Merged with w[10][13][1]                                                    ;
; w[13][13][1]                                                     ; Merged with w[10][13][1]                                                    ;
; w[14][13][1]                                                     ; Merged with w[10][13][1]                                                    ;
; w[15][13][1]                                                     ; Merged with w[10][13][1]                                                    ;
; w[1][13][1]                                                      ; Merged with w[10][13][1]                                                    ;
; w[2][13][1]                                                      ; Merged with w[10][13][1]                                                    ;
; w[3][13][1]                                                      ; Merged with w[10][13][1]                                                    ;
; w[4][13][1]                                                      ; Merged with w[10][13][1]                                                    ;
; w[5][13][1]                                                      ; Merged with w[10][13][1]                                                    ;
; w[6][13][1]                                                      ; Merged with w[10][13][1]                                                    ;
; w[7][13][1]                                                      ; Merged with w[10][13][1]                                                    ;
; w[8][13][1]                                                      ; Merged with w[10][13][1]                                                    ;
; w[9][13][1]                                                      ; Merged with w[10][13][1]                                                    ;
; w[11][12][1]                                                     ; Merged with w[10][12][1]                                                    ;
; w[12][12][1]                                                     ; Merged with w[10][12][1]                                                    ;
; w[13][12][1]                                                     ; Merged with w[10][12][1]                                                    ;
; w[14][12][1]                                                     ; Merged with w[10][12][1]                                                    ;
; w[15][12][1]                                                     ; Merged with w[10][12][1]                                                    ;
; w[1][12][1]                                                      ; Merged with w[10][12][1]                                                    ;
; w[2][12][1]                                                      ; Merged with w[10][12][1]                                                    ;
; w[3][12][1]                                                      ; Merged with w[10][12][1]                                                    ;
; w[4][12][1]                                                      ; Merged with w[10][12][1]                                                    ;
; w[5][12][1]                                                      ; Merged with w[10][12][1]                                                    ;
; w[6][12][1]                                                      ; Merged with w[10][12][1]                                                    ;
; w[7][12][1]                                                      ; Merged with w[10][12][1]                                                    ;
; w[8][12][1]                                                      ; Merged with w[10][12][1]                                                    ;
; w[9][12][1]                                                      ; Merged with w[10][12][1]                                                    ;
; w[11][11][1]                                                     ; Merged with w[10][11][1]                                                    ;
; w[12][11][1]                                                     ; Merged with w[10][11][1]                                                    ;
; w[13][11][1]                                                     ; Merged with w[10][11][1]                                                    ;
; w[14][11][1]                                                     ; Merged with w[10][11][1]                                                    ;
; w[15][11][1]                                                     ; Merged with w[10][11][1]                                                    ;
; w[1][11][1]                                                      ; Merged with w[10][11][1]                                                    ;
; w[2][11][1]                                                      ; Merged with w[10][11][1]                                                    ;
; w[3][11][1]                                                      ; Merged with w[10][11][1]                                                    ;
; w[4][11][1]                                                      ; Merged with w[10][11][1]                                                    ;
; w[5][11][1]                                                      ; Merged with w[10][11][1]                                                    ;
; w[6][11][1]                                                      ; Merged with w[10][11][1]                                                    ;
; w[7][11][1]                                                      ; Merged with w[10][11][1]                                                    ;
; w[8][11][1]                                                      ; Merged with w[10][11][1]                                                    ;
; w[9][11][1]                                                      ; Merged with w[10][11][1]                                                    ;
; w[11][10][1]                                                     ; Merged with w[10][10][1]                                                    ;
; w[12][10][1]                                                     ; Merged with w[10][10][1]                                                    ;
; w[13][10][1]                                                     ; Merged with w[10][10][1]                                                    ;
; w[14][10][1]                                                     ; Merged with w[10][10][1]                                                    ;
; w[15][10][1]                                                     ; Merged with w[10][10][1]                                                    ;
; w[1][10][1]                                                      ; Merged with w[10][10][1]                                                    ;
; w[2][10][1]                                                      ; Merged with w[10][10][1]                                                    ;
; w[3][10][1]                                                      ; Merged with w[10][10][1]                                                    ;
; w[4][10][1]                                                      ; Merged with w[10][10][1]                                                    ;
; w[5][10][1]                                                      ; Merged with w[10][10][1]                                                    ;
; w[6][10][1]                                                      ; Merged with w[10][10][1]                                                    ;
; w[7][10][1]                                                      ; Merged with w[10][10][1]                                                    ;
; w[8][10][1]                                                      ; Merged with w[10][10][1]                                                    ;
; w[9][10][1]                                                      ; Merged with w[10][10][1]                                                    ;
; w[11][9][1]                                                      ; Merged with w[10][9][1]                                                     ;
; w[12][9][1]                                                      ; Merged with w[10][9][1]                                                     ;
; w[13][9][1]                                                      ; Merged with w[10][9][1]                                                     ;
; w[14][9][1]                                                      ; Merged with w[10][9][1]                                                     ;
; w[15][9][1]                                                      ; Merged with w[10][9][1]                                                     ;
; w[1][9][1]                                                       ; Merged with w[10][9][1]                                                     ;
; w[2][9][1]                                                       ; Merged with w[10][9][1]                                                     ;
; w[3][9][1]                                                       ; Merged with w[10][9][1]                                                     ;
; w[4][9][1]                                                       ; Merged with w[10][9][1]                                                     ;
; w[5][9][1]                                                       ; Merged with w[10][9][1]                                                     ;
; w[6][9][1]                                                       ; Merged with w[10][9][1]                                                     ;
; w[7][9][1]                                                       ; Merged with w[10][9][1]                                                     ;
; w[8][9][1]                                                       ; Merged with w[10][9][1]                                                     ;
; w[9][9][1]                                                       ; Merged with w[10][9][1]                                                     ;
; w[11][8][1]                                                      ; Merged with w[10][8][1]                                                     ;
; w[12][8][1]                                                      ; Merged with w[10][8][1]                                                     ;
; w[13][8][1]                                                      ; Merged with w[10][8][1]                                                     ;
; w[14][8][1]                                                      ; Merged with w[10][8][1]                                                     ;
; w[15][8][1]                                                      ; Merged with w[10][8][1]                                                     ;
; w[1][8][1]                                                       ; Merged with w[10][8][1]                                                     ;
; w[2][8][1]                                                       ; Merged with w[10][8][1]                                                     ;
; w[3][8][1]                                                       ; Merged with w[10][8][1]                                                     ;
; w[4][8][1]                                                       ; Merged with w[10][8][1]                                                     ;
; w[5][8][1]                                                       ; Merged with w[10][8][1]                                                     ;
; w[6][8][1]                                                       ; Merged with w[10][8][1]                                                     ;
; w[7][8][1]                                                       ; Merged with w[10][8][1]                                                     ;
; w[8][8][1]                                                       ; Merged with w[10][8][1]                                                     ;
; w[9][8][1]                                                       ; Merged with w[10][8][1]                                                     ;
; w[11][15][0]                                                     ; Merged with w[10][15][0]                                                    ;
; w[12][15][0]                                                     ; Merged with w[10][15][0]                                                    ;
; w[13][15][0]                                                     ; Merged with w[10][15][0]                                                    ;
; w[14][15][0]                                                     ; Merged with w[10][15][0]                                                    ;
; w[15][15][0]                                                     ; Merged with w[10][15][0]                                                    ;
; w[1][15][0]                                                      ; Merged with w[10][15][0]                                                    ;
; w[2][15][0]                                                      ; Merged with w[10][15][0]                                                    ;
; w[3][15][0]                                                      ; Merged with w[10][15][0]                                                    ;
; w[4][15][0]                                                      ; Merged with w[10][15][0]                                                    ;
; w[5][15][0]                                                      ; Merged with w[10][15][0]                                                    ;
; w[6][15][0]                                                      ; Merged with w[10][15][0]                                                    ;
; w[7][15][0]                                                      ; Merged with w[10][15][0]                                                    ;
; w[8][15][0]                                                      ; Merged with w[10][15][0]                                                    ;
; w[9][15][0]                                                      ; Merged with w[10][15][0]                                                    ;
; w[11][14][0]                                                     ; Merged with w[10][14][0]                                                    ;
; w[12][14][0]                                                     ; Merged with w[10][14][0]                                                    ;
; w[13][14][0]                                                     ; Merged with w[10][14][0]                                                    ;
; w[14][14][0]                                                     ; Merged with w[10][14][0]                                                    ;
; w[15][14][0]                                                     ; Merged with w[10][14][0]                                                    ;
; w[1][14][0]                                                      ; Merged with w[10][14][0]                                                    ;
; w[2][14][0]                                                      ; Merged with w[10][14][0]                                                    ;
; w[3][14][0]                                                      ; Merged with w[10][14][0]                                                    ;
; w[4][14][0]                                                      ; Merged with w[10][14][0]                                                    ;
; w[5][14][0]                                                      ; Merged with w[10][14][0]                                                    ;
; w[6][14][0]                                                      ; Merged with w[10][14][0]                                                    ;
; w[7][14][0]                                                      ; Merged with w[10][14][0]                                                    ;
; w[8][14][0]                                                      ; Merged with w[10][14][0]                                                    ;
; w[9][14][0]                                                      ; Merged with w[10][14][0]                                                    ;
; w[11][13][0]                                                     ; Merged with w[10][13][0]                                                    ;
; w[12][13][0]                                                     ; Merged with w[10][13][0]                                                    ;
; w[13][13][0]                                                     ; Merged with w[10][13][0]                                                    ;
; w[14][13][0]                                                     ; Merged with w[10][13][0]                                                    ;
; w[15][13][0]                                                     ; Merged with w[10][13][0]                                                    ;
; w[1][13][0]                                                      ; Merged with w[10][13][0]                                                    ;
; w[2][13][0]                                                      ; Merged with w[10][13][0]                                                    ;
; w[3][13][0]                                                      ; Merged with w[10][13][0]                                                    ;
; w[4][13][0]                                                      ; Merged with w[10][13][0]                                                    ;
; w[5][13][0]                                                      ; Merged with w[10][13][0]                                                    ;
; w[6][13][0]                                                      ; Merged with w[10][13][0]                                                    ;
; w[7][13][0]                                                      ; Merged with w[10][13][0]                                                    ;
; w[8][13][0]                                                      ; Merged with w[10][13][0]                                                    ;
; w[9][13][0]                                                      ; Merged with w[10][13][0]                                                    ;
; w[11][12][0]                                                     ; Merged with w[10][12][0]                                                    ;
; w[12][12][0]                                                     ; Merged with w[10][12][0]                                                    ;
; w[13][12][0]                                                     ; Merged with w[10][12][0]                                                    ;
; w[14][12][0]                                                     ; Merged with w[10][12][0]                                                    ;
; w[15][12][0]                                                     ; Merged with w[10][12][0]                                                    ;
; w[1][12][0]                                                      ; Merged with w[10][12][0]                                                    ;
; w[2][12][0]                                                      ; Merged with w[10][12][0]                                                    ;
; w[3][12][0]                                                      ; Merged with w[10][12][0]                                                    ;
; w[4][12][0]                                                      ; Merged with w[10][12][0]                                                    ;
; w[5][12][0]                                                      ; Merged with w[10][12][0]                                                    ;
; w[6][12][0]                                                      ; Merged with w[10][12][0]                                                    ;
; w[7][12][0]                                                      ; Merged with w[10][12][0]                                                    ;
; w[8][12][0]                                                      ; Merged with w[10][12][0]                                                    ;
; w[9][12][0]                                                      ; Merged with w[10][12][0]                                                    ;
; w[11][11][0]                                                     ; Merged with w[10][11][0]                                                    ;
; w[12][11][0]                                                     ; Merged with w[10][11][0]                                                    ;
; w[13][11][0]                                                     ; Merged with w[10][11][0]                                                    ;
; w[14][11][0]                                                     ; Merged with w[10][11][0]                                                    ;
; w[15][11][0]                                                     ; Merged with w[10][11][0]                                                    ;
; w[1][11][0]                                                      ; Merged with w[10][11][0]                                                    ;
; w[2][11][0]                                                      ; Merged with w[10][11][0]                                                    ;
; w[3][11][0]                                                      ; Merged with w[10][11][0]                                                    ;
; w[4][11][0]                                                      ; Merged with w[10][11][0]                                                    ;
; w[5][11][0]                                                      ; Merged with w[10][11][0]                                                    ;
; w[6][11][0]                                                      ; Merged with w[10][11][0]                                                    ;
; w[7][11][0]                                                      ; Merged with w[10][11][0]                                                    ;
; w[8][11][0]                                                      ; Merged with w[10][11][0]                                                    ;
; w[9][11][0]                                                      ; Merged with w[10][11][0]                                                    ;
; w[11][10][0]                                                     ; Merged with w[10][10][0]                                                    ;
; w[12][10][0]                                                     ; Merged with w[10][10][0]                                                    ;
; w[13][10][0]                                                     ; Merged with w[10][10][0]                                                    ;
; w[14][10][0]                                                     ; Merged with w[10][10][0]                                                    ;
; w[15][10][0]                                                     ; Merged with w[10][10][0]                                                    ;
; w[1][10][0]                                                      ; Merged with w[10][10][0]                                                    ;
; w[2][10][0]                                                      ; Merged with w[10][10][0]                                                    ;
; w[3][10][0]                                                      ; Merged with w[10][10][0]                                                    ;
; w[4][10][0]                                                      ; Merged with w[10][10][0]                                                    ;
; w[5][10][0]                                                      ; Merged with w[10][10][0]                                                    ;
; w[6][10][0]                                                      ; Merged with w[10][10][0]                                                    ;
; w[7][10][0]                                                      ; Merged with w[10][10][0]                                                    ;
; w[8][10][0]                                                      ; Merged with w[10][10][0]                                                    ;
; w[9][10][0]                                                      ; Merged with w[10][10][0]                                                    ;
; w[11][9][0]                                                      ; Merged with w[10][9][0]                                                     ;
; w[12][9][0]                                                      ; Merged with w[10][9][0]                                                     ;
; w[13][9][0]                                                      ; Merged with w[10][9][0]                                                     ;
; w[14][9][0]                                                      ; Merged with w[10][9][0]                                                     ;
; w[15][9][0]                                                      ; Merged with w[10][9][0]                                                     ;
; w[1][9][0]                                                       ; Merged with w[10][9][0]                                                     ;
; w[2][9][0]                                                       ; Merged with w[10][9][0]                                                     ;
; w[3][9][0]                                                       ; Merged with w[10][9][0]                                                     ;
; w[4][9][0]                                                       ; Merged with w[10][9][0]                                                     ;
; w[5][9][0]                                                       ; Merged with w[10][9][0]                                                     ;
; w[6][9][0]                                                       ; Merged with w[10][9][0]                                                     ;
; w[7][9][0]                                                       ; Merged with w[10][9][0]                                                     ;
; w[8][9][0]                                                       ; Merged with w[10][9][0]                                                     ;
; w[9][9][0]                                                       ; Merged with w[10][9][0]                                                     ;
; w[11][8][0]                                                      ; Merged with w[10][8][0]                                                     ;
; w[12][8][0]                                                      ; Merged with w[10][8][0]                                                     ;
; w[13][8][0]                                                      ; Merged with w[10][8][0]                                                     ;
; w[14][8][0]                                                      ; Merged with w[10][8][0]                                                     ;
; w[15][8][0]                                                      ; Merged with w[10][8][0]                                                     ;
; w[1][8][0]                                                       ; Merged with w[10][8][0]                                                     ;
; w[2][8][0]                                                       ; Merged with w[10][8][0]                                                     ;
; w[3][8][0]                                                       ; Merged with w[10][8][0]                                                     ;
; w[4][8][0]                                                       ; Merged with w[10][8][0]                                                     ;
; w[5][8][0]                                                       ; Merged with w[10][8][0]                                                     ;
; w[6][8][0]                                                       ; Merged with w[10][8][0]                                                     ;
; w[7][8][0]                                                       ; Merged with w[10][8][0]                                                     ;
; w[8][8][0]                                                       ; Merged with w[10][8][0]                                                     ;
; w[9][8][0]                                                       ; Merged with w[10][8][0]                                                     ;
; state~17                                                         ; Lost fanout                                                                 ;
; state~18                                                         ; Lost fanout                                                                 ;
; state~19                                                         ; Lost fanout                                                                 ;
; state~20                                                         ; Lost fanout                                                                 ;
; simplified_sha256:generate_sha256_blocks[15].block|state~9       ; Lost fanout                                                                 ;
; simplified_sha256:generate_sha256_blocks[15].block|state~11      ; Lost fanout                                                                 ;
; simplified_sha256:generate_sha256_blocks[14].block|state~9       ; Lost fanout                                                                 ;
; simplified_sha256:generate_sha256_blocks[14].block|state~11      ; Lost fanout                                                                 ;
; simplified_sha256:generate_sha256_blocks[13].block|state~9       ; Lost fanout                                                                 ;
; simplified_sha256:generate_sha256_blocks[13].block|state~11      ; Lost fanout                                                                 ;
; simplified_sha256:generate_sha256_blocks[12].block|state~9       ; Lost fanout                                                                 ;
; simplified_sha256:generate_sha256_blocks[12].block|state~11      ; Lost fanout                                                                 ;
; simplified_sha256:generate_sha256_blocks[11].block|state~9       ; Lost fanout                                                                 ;
; simplified_sha256:generate_sha256_blocks[11].block|state~11      ; Lost fanout                                                                 ;
; simplified_sha256:generate_sha256_blocks[10].block|state~9       ; Lost fanout                                                                 ;
; simplified_sha256:generate_sha256_blocks[10].block|state~11      ; Lost fanout                                                                 ;
; simplified_sha256:generate_sha256_blocks[9].block|state~9        ; Lost fanout                                                                 ;
; simplified_sha256:generate_sha256_blocks[9].block|state~11       ; Lost fanout                                                                 ;
; simplified_sha256:generate_sha256_blocks[8].block|state~9        ; Lost fanout                                                                 ;
; simplified_sha256:generate_sha256_blocks[8].block|state~11       ; Lost fanout                                                                 ;
; simplified_sha256:generate_sha256_blocks[7].block|state~9        ; Lost fanout                                                                 ;
; simplified_sha256:generate_sha256_blocks[7].block|state~11       ; Lost fanout                                                                 ;
; simplified_sha256:generate_sha256_blocks[6].block|state~9        ; Lost fanout                                                                 ;
; simplified_sha256:generate_sha256_blocks[6].block|state~11       ; Lost fanout                                                                 ;
; simplified_sha256:generate_sha256_blocks[5].block|state~9        ; Lost fanout                                                                 ;
; simplified_sha256:generate_sha256_blocks[5].block|state~11       ; Lost fanout                                                                 ;
; simplified_sha256:generate_sha256_blocks[4].block|state~9        ; Lost fanout                                                                 ;
; simplified_sha256:generate_sha256_blocks[4].block|state~11       ; Lost fanout                                                                 ;
; simplified_sha256:generate_sha256_blocks[3].block|state~9        ; Lost fanout                                                                 ;
; simplified_sha256:generate_sha256_blocks[3].block|state~11       ; Lost fanout                                                                 ;
; simplified_sha256:generate_sha256_blocks[2].block|state~9        ; Lost fanout                                                                 ;
; simplified_sha256:generate_sha256_blocks[2].block|state~11       ; Lost fanout                                                                 ;
; simplified_sha256:generate_sha256_blocks[1].block|state~9        ; Lost fanout                                                                 ;
; simplified_sha256:generate_sha256_blocks[1].block|state~11       ; Lost fanout                                                                 ;
; simplified_sha256:generate_sha256_blocks[0].block|state~9        ; Lost fanout                                                                 ;
; simplified_sha256:generate_sha256_blocks[0].block|state~11       ; Lost fanout                                                                 ;
; simplified_sha256:sha256_phase1|state~9                          ; Lost fanout                                                                 ;
; simplified_sha256:sha256_phase1|state~11                         ; Lost fanout                                                                 ;
; simplified_sha256:generate_sha256_blocks[10].block|state.IDLE    ; Merged with simplified_sha256:generate_sha256_blocks[0].block|state.IDLE    ;
; simplified_sha256:generate_sha256_blocks[11].block|state.IDLE    ; Merged with simplified_sha256:generate_sha256_blocks[0].block|state.IDLE    ;
; simplified_sha256:generate_sha256_blocks[12].block|state.IDLE    ; Merged with simplified_sha256:generate_sha256_blocks[0].block|state.IDLE    ;
; simplified_sha256:generate_sha256_blocks[13].block|state.IDLE    ; Merged with simplified_sha256:generate_sha256_blocks[0].block|state.IDLE    ;
; simplified_sha256:generate_sha256_blocks[14].block|state.IDLE    ; Merged with simplified_sha256:generate_sha256_blocks[0].block|state.IDLE    ;
; simplified_sha256:generate_sha256_blocks[15].block|state.IDLE    ; Merged with simplified_sha256:generate_sha256_blocks[0].block|state.IDLE    ;
; simplified_sha256:generate_sha256_blocks[1].block|state.IDLE     ; Merged with simplified_sha256:generate_sha256_blocks[0].block|state.IDLE    ;
; simplified_sha256:generate_sha256_blocks[2].block|state.IDLE     ; Merged with simplified_sha256:generate_sha256_blocks[0].block|state.IDLE    ;
; simplified_sha256:generate_sha256_blocks[3].block|state.IDLE     ; Merged with simplified_sha256:generate_sha256_blocks[0].block|state.IDLE    ;
; simplified_sha256:generate_sha256_blocks[4].block|state.IDLE     ; Merged with simplified_sha256:generate_sha256_blocks[0].block|state.IDLE    ;
; simplified_sha256:generate_sha256_blocks[5].block|state.IDLE     ; Merged with simplified_sha256:generate_sha256_blocks[0].block|state.IDLE    ;
; simplified_sha256:generate_sha256_blocks[6].block|state.IDLE     ; Merged with simplified_sha256:generate_sha256_blocks[0].block|state.IDLE    ;
; simplified_sha256:generate_sha256_blocks[7].block|state.IDLE     ; Merged with simplified_sha256:generate_sha256_blocks[0].block|state.IDLE    ;
; simplified_sha256:generate_sha256_blocks[8].block|state.IDLE     ; Merged with simplified_sha256:generate_sha256_blocks[0].block|state.IDLE    ;
; simplified_sha256:generate_sha256_blocks[9].block|state.IDLE     ; Merged with simplified_sha256:generate_sha256_blocks[0].block|state.IDLE    ;
; simplified_sha256:generate_sha256_blocks[10].block|i[4]          ; Merged with simplified_sha256:generate_sha256_blocks[0].block|i[4]          ;
; simplified_sha256:generate_sha256_blocks[11].block|i[4]          ; Merged with simplified_sha256:generate_sha256_blocks[0].block|i[4]          ;
; simplified_sha256:generate_sha256_blocks[12].block|i[4]          ; Merged with simplified_sha256:generate_sha256_blocks[0].block|i[4]          ;
; simplified_sha256:generate_sha256_blocks[13].block|i[4]          ; Merged with simplified_sha256:generate_sha256_blocks[0].block|i[4]          ;
; simplified_sha256:generate_sha256_blocks[14].block|i[4]          ; Merged with simplified_sha256:generate_sha256_blocks[0].block|i[4]          ;
; simplified_sha256:generate_sha256_blocks[15].block|i[4]          ; Merged with simplified_sha256:generate_sha256_blocks[0].block|i[4]          ;
; simplified_sha256:generate_sha256_blocks[1].block|i[4]           ; Merged with simplified_sha256:generate_sha256_blocks[0].block|i[4]          ;
; simplified_sha256:generate_sha256_blocks[2].block|i[4]           ; Merged with simplified_sha256:generate_sha256_blocks[0].block|i[4]          ;
; simplified_sha256:generate_sha256_blocks[3].block|i[4]           ; Merged with simplified_sha256:generate_sha256_blocks[0].block|i[4]          ;
; simplified_sha256:generate_sha256_blocks[4].block|i[4]           ; Merged with simplified_sha256:generate_sha256_blocks[0].block|i[4]          ;
; simplified_sha256:generate_sha256_blocks[5].block|i[4]           ; Merged with simplified_sha256:generate_sha256_blocks[0].block|i[4]          ;
; simplified_sha256:generate_sha256_blocks[6].block|i[4]           ; Merged with simplified_sha256:generate_sha256_blocks[0].block|i[4]          ;
; simplified_sha256:generate_sha256_blocks[7].block|i[4]           ; Merged with simplified_sha256:generate_sha256_blocks[0].block|i[4]          ;
; simplified_sha256:generate_sha256_blocks[8].block|i[4]           ; Merged with simplified_sha256:generate_sha256_blocks[0].block|i[4]          ;
; simplified_sha256:generate_sha256_blocks[9].block|i[4]           ; Merged with simplified_sha256:generate_sha256_blocks[0].block|i[4]          ;
; simplified_sha256:generate_sha256_blocks[10].block|i[3]          ; Merged with simplified_sha256:generate_sha256_blocks[0].block|i[3]          ;
; simplified_sha256:generate_sha256_blocks[11].block|i[3]          ; Merged with simplified_sha256:generate_sha256_blocks[0].block|i[3]          ;
; simplified_sha256:generate_sha256_blocks[12].block|i[3]          ; Merged with simplified_sha256:generate_sha256_blocks[0].block|i[3]          ;
; simplified_sha256:generate_sha256_blocks[13].block|i[3]          ; Merged with simplified_sha256:generate_sha256_blocks[0].block|i[3]          ;
; simplified_sha256:generate_sha256_blocks[14].block|i[3]          ; Merged with simplified_sha256:generate_sha256_blocks[0].block|i[3]          ;
; simplified_sha256:generate_sha256_blocks[15].block|i[3]          ; Merged with simplified_sha256:generate_sha256_blocks[0].block|i[3]          ;
; simplified_sha256:generate_sha256_blocks[1].block|i[3]           ; Merged with simplified_sha256:generate_sha256_blocks[0].block|i[3]          ;
; simplified_sha256:generate_sha256_blocks[2].block|i[3]           ; Merged with simplified_sha256:generate_sha256_blocks[0].block|i[3]          ;
; simplified_sha256:generate_sha256_blocks[3].block|i[3]           ; Merged with simplified_sha256:generate_sha256_blocks[0].block|i[3]          ;
; simplified_sha256:generate_sha256_blocks[4].block|i[3]           ; Merged with simplified_sha256:generate_sha256_blocks[0].block|i[3]          ;
; simplified_sha256:generate_sha256_blocks[5].block|i[3]           ; Merged with simplified_sha256:generate_sha256_blocks[0].block|i[3]          ;
; simplified_sha256:generate_sha256_blocks[6].block|i[3]           ; Merged with simplified_sha256:generate_sha256_blocks[0].block|i[3]          ;
; simplified_sha256:generate_sha256_blocks[7].block|i[3]           ; Merged with simplified_sha256:generate_sha256_blocks[0].block|i[3]          ;
; simplified_sha256:generate_sha256_blocks[8].block|i[3]           ; Merged with simplified_sha256:generate_sha256_blocks[0].block|i[3]          ;
; simplified_sha256:generate_sha256_blocks[9].block|i[3]           ; Merged with simplified_sha256:generate_sha256_blocks[0].block|i[3]          ;
; simplified_sha256:generate_sha256_blocks[10].block|i[5]          ; Merged with simplified_sha256:generate_sha256_blocks[0].block|i[5]          ;
; simplified_sha256:generate_sha256_blocks[11].block|i[5]          ; Merged with simplified_sha256:generate_sha256_blocks[0].block|i[5]          ;
; simplified_sha256:generate_sha256_blocks[12].block|i[5]          ; Merged with simplified_sha256:generate_sha256_blocks[0].block|i[5]          ;
; simplified_sha256:generate_sha256_blocks[13].block|i[5]          ; Merged with simplified_sha256:generate_sha256_blocks[0].block|i[5]          ;
; simplified_sha256:generate_sha256_blocks[14].block|i[5]          ; Merged with simplified_sha256:generate_sha256_blocks[0].block|i[5]          ;
; simplified_sha256:generate_sha256_blocks[15].block|i[5]          ; Merged with simplified_sha256:generate_sha256_blocks[0].block|i[5]          ;
; simplified_sha256:generate_sha256_blocks[1].block|i[5]           ; Merged with simplified_sha256:generate_sha256_blocks[0].block|i[5]          ;
; simplified_sha256:generate_sha256_blocks[2].block|i[5]           ; Merged with simplified_sha256:generate_sha256_blocks[0].block|i[5]          ;
; simplified_sha256:generate_sha256_blocks[3].block|i[5]           ; Merged with simplified_sha256:generate_sha256_blocks[0].block|i[5]          ;
; simplified_sha256:generate_sha256_blocks[4].block|i[5]           ; Merged with simplified_sha256:generate_sha256_blocks[0].block|i[5]          ;
; simplified_sha256:generate_sha256_blocks[5].block|i[5]           ; Merged with simplified_sha256:generate_sha256_blocks[0].block|i[5]          ;
; simplified_sha256:generate_sha256_blocks[6].block|i[5]           ; Merged with simplified_sha256:generate_sha256_blocks[0].block|i[5]          ;
; simplified_sha256:generate_sha256_blocks[7].block|i[5]           ; Merged with simplified_sha256:generate_sha256_blocks[0].block|i[5]          ;
; simplified_sha256:generate_sha256_blocks[8].block|i[5]           ; Merged with simplified_sha256:generate_sha256_blocks[0].block|i[5]          ;
; simplified_sha256:generate_sha256_blocks[9].block|i[5]           ; Merged with simplified_sha256:generate_sha256_blocks[0].block|i[5]          ;
; simplified_sha256:generate_sha256_blocks[10].block|i[6]          ; Merged with simplified_sha256:generate_sha256_blocks[0].block|i[6]          ;
; simplified_sha256:generate_sha256_blocks[11].block|i[6]          ; Merged with simplified_sha256:generate_sha256_blocks[0].block|i[6]          ;
; simplified_sha256:generate_sha256_blocks[12].block|i[6]          ; Merged with simplified_sha256:generate_sha256_blocks[0].block|i[6]          ;
; simplified_sha256:generate_sha256_blocks[13].block|i[6]          ; Merged with simplified_sha256:generate_sha256_blocks[0].block|i[6]          ;
; simplified_sha256:generate_sha256_blocks[14].block|i[6]          ; Merged with simplified_sha256:generate_sha256_blocks[0].block|i[6]          ;
; simplified_sha256:generate_sha256_blocks[15].block|i[6]          ; Merged with simplified_sha256:generate_sha256_blocks[0].block|i[6]          ;
; simplified_sha256:generate_sha256_blocks[1].block|i[6]           ; Merged with simplified_sha256:generate_sha256_blocks[0].block|i[6]          ;
; simplified_sha256:generate_sha256_blocks[2].block|i[6]           ; Merged with simplified_sha256:generate_sha256_blocks[0].block|i[6]          ;
; simplified_sha256:generate_sha256_blocks[3].block|i[6]           ; Merged with simplified_sha256:generate_sha256_blocks[0].block|i[6]          ;
; simplified_sha256:generate_sha256_blocks[4].block|i[6]           ; Merged with simplified_sha256:generate_sha256_blocks[0].block|i[6]          ;
; simplified_sha256:generate_sha256_blocks[5].block|i[6]           ; Merged with simplified_sha256:generate_sha256_blocks[0].block|i[6]          ;
; simplified_sha256:generate_sha256_blocks[6].block|i[6]           ; Merged with simplified_sha256:generate_sha256_blocks[0].block|i[6]          ;
; simplified_sha256:generate_sha256_blocks[7].block|i[6]           ; Merged with simplified_sha256:generate_sha256_blocks[0].block|i[6]          ;
; simplified_sha256:generate_sha256_blocks[8].block|i[6]           ; Merged with simplified_sha256:generate_sha256_blocks[0].block|i[6]          ;
; simplified_sha256:generate_sha256_blocks[9].block|i[6]           ; Merged with simplified_sha256:generate_sha256_blocks[0].block|i[6]          ;
; simplified_sha256:generate_sha256_blocks[10].block|i[7]          ; Merged with simplified_sha256:generate_sha256_blocks[0].block|i[7]          ;
; simplified_sha256:generate_sha256_blocks[11].block|i[7]          ; Merged with simplified_sha256:generate_sha256_blocks[0].block|i[7]          ;
; simplified_sha256:generate_sha256_blocks[12].block|i[7]          ; Merged with simplified_sha256:generate_sha256_blocks[0].block|i[7]          ;
; simplified_sha256:generate_sha256_blocks[13].block|i[7]          ; Merged with simplified_sha256:generate_sha256_blocks[0].block|i[7]          ;
; simplified_sha256:generate_sha256_blocks[14].block|i[7]          ; Merged with simplified_sha256:generate_sha256_blocks[0].block|i[7]          ;
; simplified_sha256:generate_sha256_blocks[15].block|i[7]          ; Merged with simplified_sha256:generate_sha256_blocks[0].block|i[7]          ;
; simplified_sha256:generate_sha256_blocks[1].block|i[7]           ; Merged with simplified_sha256:generate_sha256_blocks[0].block|i[7]          ;
; simplified_sha256:generate_sha256_blocks[2].block|i[7]           ; Merged with simplified_sha256:generate_sha256_blocks[0].block|i[7]          ;
; simplified_sha256:generate_sha256_blocks[3].block|i[7]           ; Merged with simplified_sha256:generate_sha256_blocks[0].block|i[7]          ;
; simplified_sha256:generate_sha256_blocks[4].block|i[7]           ; Merged with simplified_sha256:generate_sha256_blocks[0].block|i[7]          ;
; simplified_sha256:generate_sha256_blocks[5].block|i[7]           ; Merged with simplified_sha256:generate_sha256_blocks[0].block|i[7]          ;
; simplified_sha256:generate_sha256_blocks[6].block|i[7]           ; Merged with simplified_sha256:generate_sha256_blocks[0].block|i[7]          ;
; simplified_sha256:generate_sha256_blocks[7].block|i[7]           ; Merged with simplified_sha256:generate_sha256_blocks[0].block|i[7]          ;
; simplified_sha256:generate_sha256_blocks[8].block|i[7]           ; Merged with simplified_sha256:generate_sha256_blocks[0].block|i[7]          ;
; simplified_sha256:generate_sha256_blocks[9].block|i[7]           ; Merged with simplified_sha256:generate_sha256_blocks[0].block|i[7]          ;
; simplified_sha256:generate_sha256_blocks[10].block|state.WRITE   ; Merged with simplified_sha256:generate_sha256_blocks[0].block|state.WRITE   ;
; simplified_sha256:generate_sha256_blocks[11].block|state.WRITE   ; Merged with simplified_sha256:generate_sha256_blocks[0].block|state.WRITE   ;
; simplified_sha256:generate_sha256_blocks[12].block|state.WRITE   ; Merged with simplified_sha256:generate_sha256_blocks[0].block|state.WRITE   ;
; simplified_sha256:generate_sha256_blocks[13].block|state.WRITE   ; Merged with simplified_sha256:generate_sha256_blocks[0].block|state.WRITE   ;
; simplified_sha256:generate_sha256_blocks[14].block|state.WRITE   ; Merged with simplified_sha256:generate_sha256_blocks[0].block|state.WRITE   ;
; simplified_sha256:generate_sha256_blocks[15].block|state.WRITE   ; Merged with simplified_sha256:generate_sha256_blocks[0].block|state.WRITE   ;
; simplified_sha256:generate_sha256_blocks[1].block|state.WRITE    ; Merged with simplified_sha256:generate_sha256_blocks[0].block|state.WRITE   ;
; simplified_sha256:generate_sha256_blocks[2].block|state.WRITE    ; Merged with simplified_sha256:generate_sha256_blocks[0].block|state.WRITE   ;
; simplified_sha256:generate_sha256_blocks[3].block|state.WRITE    ; Merged with simplified_sha256:generate_sha256_blocks[0].block|state.WRITE   ;
; simplified_sha256:generate_sha256_blocks[4].block|state.WRITE    ; Merged with simplified_sha256:generate_sha256_blocks[0].block|state.WRITE   ;
; simplified_sha256:generate_sha256_blocks[5].block|state.WRITE    ; Merged with simplified_sha256:generate_sha256_blocks[0].block|state.WRITE   ;
; simplified_sha256:generate_sha256_blocks[6].block|state.WRITE    ; Merged with simplified_sha256:generate_sha256_blocks[0].block|state.WRITE   ;
; simplified_sha256:generate_sha256_blocks[7].block|state.WRITE    ; Merged with simplified_sha256:generate_sha256_blocks[0].block|state.WRITE   ;
; simplified_sha256:generate_sha256_blocks[8].block|state.WRITE    ; Merged with simplified_sha256:generate_sha256_blocks[0].block|state.WRITE   ;
; simplified_sha256:generate_sha256_blocks[9].block|state.WRITE    ; Merged with simplified_sha256:generate_sha256_blocks[0].block|state.WRITE   ;
; simplified_sha256:generate_sha256_blocks[10].block|i[2]          ; Merged with simplified_sha256:generate_sha256_blocks[0].block|i[2]          ;
; simplified_sha256:generate_sha256_blocks[11].block|i[2]          ; Merged with simplified_sha256:generate_sha256_blocks[0].block|i[2]          ;
; simplified_sha256:generate_sha256_blocks[12].block|i[2]          ; Merged with simplified_sha256:generate_sha256_blocks[0].block|i[2]          ;
; simplified_sha256:generate_sha256_blocks[13].block|i[2]          ; Merged with simplified_sha256:generate_sha256_blocks[0].block|i[2]          ;
; simplified_sha256:generate_sha256_blocks[14].block|i[2]          ; Merged with simplified_sha256:generate_sha256_blocks[0].block|i[2]          ;
; simplified_sha256:generate_sha256_blocks[15].block|i[2]          ; Merged with simplified_sha256:generate_sha256_blocks[0].block|i[2]          ;
; simplified_sha256:generate_sha256_blocks[1].block|i[2]           ; Merged with simplified_sha256:generate_sha256_blocks[0].block|i[2]          ;
; simplified_sha256:generate_sha256_blocks[2].block|i[2]           ; Merged with simplified_sha256:generate_sha256_blocks[0].block|i[2]          ;
; simplified_sha256:generate_sha256_blocks[3].block|i[2]           ; Merged with simplified_sha256:generate_sha256_blocks[0].block|i[2]          ;
; simplified_sha256:generate_sha256_blocks[4].block|i[2]           ; Merged with simplified_sha256:generate_sha256_blocks[0].block|i[2]          ;
; simplified_sha256:generate_sha256_blocks[5].block|i[2]           ; Merged with simplified_sha256:generate_sha256_blocks[0].block|i[2]          ;
; simplified_sha256:generate_sha256_blocks[6].block|i[2]           ; Merged with simplified_sha256:generate_sha256_blocks[0].block|i[2]          ;
; simplified_sha256:generate_sha256_blocks[7].block|i[2]           ; Merged with simplified_sha256:generate_sha256_blocks[0].block|i[2]          ;
; simplified_sha256:generate_sha256_blocks[8].block|i[2]           ; Merged with simplified_sha256:generate_sha256_blocks[0].block|i[2]          ;
; simplified_sha256:generate_sha256_blocks[9].block|i[2]           ; Merged with simplified_sha256:generate_sha256_blocks[0].block|i[2]          ;
; simplified_sha256:generate_sha256_blocks[10].block|i[1]          ; Merged with simplified_sha256:generate_sha256_blocks[0].block|i[1]          ;
; simplified_sha256:generate_sha256_blocks[11].block|i[1]          ; Merged with simplified_sha256:generate_sha256_blocks[0].block|i[1]          ;
; simplified_sha256:generate_sha256_blocks[12].block|i[1]          ; Merged with simplified_sha256:generate_sha256_blocks[0].block|i[1]          ;
; simplified_sha256:generate_sha256_blocks[13].block|i[1]          ; Merged with simplified_sha256:generate_sha256_blocks[0].block|i[1]          ;
; simplified_sha256:generate_sha256_blocks[14].block|i[1]          ; Merged with simplified_sha256:generate_sha256_blocks[0].block|i[1]          ;
; simplified_sha256:generate_sha256_blocks[15].block|i[1]          ; Merged with simplified_sha256:generate_sha256_blocks[0].block|i[1]          ;
; simplified_sha256:generate_sha256_blocks[1].block|i[1]           ; Merged with simplified_sha256:generate_sha256_blocks[0].block|i[1]          ;
; simplified_sha256:generate_sha256_blocks[2].block|i[1]           ; Merged with simplified_sha256:generate_sha256_blocks[0].block|i[1]          ;
; simplified_sha256:generate_sha256_blocks[3].block|i[1]           ; Merged with simplified_sha256:generate_sha256_blocks[0].block|i[1]          ;
; simplified_sha256:generate_sha256_blocks[4].block|i[1]           ; Merged with simplified_sha256:generate_sha256_blocks[0].block|i[1]          ;
; simplified_sha256:generate_sha256_blocks[5].block|i[1]           ; Merged with simplified_sha256:generate_sha256_blocks[0].block|i[1]          ;
; simplified_sha256:generate_sha256_blocks[6].block|i[1]           ; Merged with simplified_sha256:generate_sha256_blocks[0].block|i[1]          ;
; simplified_sha256:generate_sha256_blocks[7].block|i[1]           ; Merged with simplified_sha256:generate_sha256_blocks[0].block|i[1]          ;
; simplified_sha256:generate_sha256_blocks[8].block|i[1]           ; Merged with simplified_sha256:generate_sha256_blocks[0].block|i[1]          ;
; simplified_sha256:generate_sha256_blocks[9].block|i[1]           ; Merged with simplified_sha256:generate_sha256_blocks[0].block|i[1]          ;
; simplified_sha256:generate_sha256_blocks[10].block|i[0]          ; Merged with simplified_sha256:generate_sha256_blocks[0].block|i[0]          ;
; simplified_sha256:generate_sha256_blocks[11].block|i[0]          ; Merged with simplified_sha256:generate_sha256_blocks[0].block|i[0]          ;
; simplified_sha256:generate_sha256_blocks[12].block|i[0]          ; Merged with simplified_sha256:generate_sha256_blocks[0].block|i[0]          ;
; simplified_sha256:generate_sha256_blocks[13].block|i[0]          ; Merged with simplified_sha256:generate_sha256_blocks[0].block|i[0]          ;
; simplified_sha256:generate_sha256_blocks[14].block|i[0]          ; Merged with simplified_sha256:generate_sha256_blocks[0].block|i[0]          ;
; simplified_sha256:generate_sha256_blocks[15].block|i[0]          ; Merged with simplified_sha256:generate_sha256_blocks[0].block|i[0]          ;
; simplified_sha256:generate_sha256_blocks[1].block|i[0]           ; Merged with simplified_sha256:generate_sha256_blocks[0].block|i[0]          ;
; simplified_sha256:generate_sha256_blocks[2].block|i[0]           ; Merged with simplified_sha256:generate_sha256_blocks[0].block|i[0]          ;
; simplified_sha256:generate_sha256_blocks[3].block|i[0]           ; Merged with simplified_sha256:generate_sha256_blocks[0].block|i[0]          ;
; simplified_sha256:generate_sha256_blocks[4].block|i[0]           ; Merged with simplified_sha256:generate_sha256_blocks[0].block|i[0]          ;
; simplified_sha256:generate_sha256_blocks[5].block|i[0]           ; Merged with simplified_sha256:generate_sha256_blocks[0].block|i[0]          ;
; simplified_sha256:generate_sha256_blocks[6].block|i[0]           ; Merged with simplified_sha256:generate_sha256_blocks[0].block|i[0]          ;
; simplified_sha256:generate_sha256_blocks[7].block|i[0]           ; Merged with simplified_sha256:generate_sha256_blocks[0].block|i[0]          ;
; simplified_sha256:generate_sha256_blocks[8].block|i[0]           ; Merged with simplified_sha256:generate_sha256_blocks[0].block|i[0]          ;
; simplified_sha256:generate_sha256_blocks[9].block|i[0]           ; Merged with simplified_sha256:generate_sha256_blocks[0].block|i[0]          ;
; simplified_sha256:generate_sha256_blocks[10].block|j[1]          ; Merged with simplified_sha256:generate_sha256_blocks[0].block|j[1]          ;
; simplified_sha256:generate_sha256_blocks[11].block|j[1]          ; Merged with simplified_sha256:generate_sha256_blocks[0].block|j[1]          ;
; simplified_sha256:generate_sha256_blocks[12].block|j[1]          ; Merged with simplified_sha256:generate_sha256_blocks[0].block|j[1]          ;
; simplified_sha256:generate_sha256_blocks[13].block|j[1]          ; Merged with simplified_sha256:generate_sha256_blocks[0].block|j[1]          ;
; simplified_sha256:generate_sha256_blocks[14].block|j[1]          ; Merged with simplified_sha256:generate_sha256_blocks[0].block|j[1]          ;
; simplified_sha256:generate_sha256_blocks[15].block|j[1]          ; Merged with simplified_sha256:generate_sha256_blocks[0].block|j[1]          ;
; simplified_sha256:generate_sha256_blocks[1].block|j[1]           ; Merged with simplified_sha256:generate_sha256_blocks[0].block|j[1]          ;
; simplified_sha256:generate_sha256_blocks[2].block|j[1]           ; Merged with simplified_sha256:generate_sha256_blocks[0].block|j[1]          ;
; simplified_sha256:generate_sha256_blocks[3].block|j[1]           ; Merged with simplified_sha256:generate_sha256_blocks[0].block|j[1]          ;
; simplified_sha256:generate_sha256_blocks[4].block|j[1]           ; Merged with simplified_sha256:generate_sha256_blocks[0].block|j[1]          ;
; simplified_sha256:generate_sha256_blocks[5].block|j[1]           ; Merged with simplified_sha256:generate_sha256_blocks[0].block|j[1]          ;
; simplified_sha256:generate_sha256_blocks[6].block|j[1]           ; Merged with simplified_sha256:generate_sha256_blocks[0].block|j[1]          ;
; simplified_sha256:generate_sha256_blocks[7].block|j[1]           ; Merged with simplified_sha256:generate_sha256_blocks[0].block|j[1]          ;
; simplified_sha256:generate_sha256_blocks[8].block|j[1]           ; Merged with simplified_sha256:generate_sha256_blocks[0].block|j[1]          ;
; simplified_sha256:generate_sha256_blocks[9].block|j[1]           ; Merged with simplified_sha256:generate_sha256_blocks[0].block|j[1]          ;
; simplified_sha256:generate_sha256_blocks[10].block|j[0]          ; Merged with simplified_sha256:generate_sha256_blocks[0].block|j[0]          ;
; simplified_sha256:generate_sha256_blocks[11].block|j[0]          ; Merged with simplified_sha256:generate_sha256_blocks[0].block|j[0]          ;
; simplified_sha256:generate_sha256_blocks[12].block|j[0]          ; Merged with simplified_sha256:generate_sha256_blocks[0].block|j[0]          ;
; simplified_sha256:generate_sha256_blocks[13].block|j[0]          ; Merged with simplified_sha256:generate_sha256_blocks[0].block|j[0]          ;
; simplified_sha256:generate_sha256_blocks[14].block|j[0]          ; Merged with simplified_sha256:generate_sha256_blocks[0].block|j[0]          ;
; simplified_sha256:generate_sha256_blocks[15].block|j[0]          ; Merged with simplified_sha256:generate_sha256_blocks[0].block|j[0]          ;
; simplified_sha256:generate_sha256_blocks[1].block|j[0]           ; Merged with simplified_sha256:generate_sha256_blocks[0].block|j[0]          ;
; simplified_sha256:generate_sha256_blocks[2].block|j[0]           ; Merged with simplified_sha256:generate_sha256_blocks[0].block|j[0]          ;
; simplified_sha256:generate_sha256_blocks[3].block|j[0]           ; Merged with simplified_sha256:generate_sha256_blocks[0].block|j[0]          ;
; simplified_sha256:generate_sha256_blocks[4].block|j[0]           ; Merged with simplified_sha256:generate_sha256_blocks[0].block|j[0]          ;
; simplified_sha256:generate_sha256_blocks[5].block|j[0]           ; Merged with simplified_sha256:generate_sha256_blocks[0].block|j[0]          ;
; simplified_sha256:generate_sha256_blocks[6].block|j[0]           ; Merged with simplified_sha256:generate_sha256_blocks[0].block|j[0]          ;
; simplified_sha256:generate_sha256_blocks[7].block|j[0]           ; Merged with simplified_sha256:generate_sha256_blocks[0].block|j[0]          ;
; simplified_sha256:generate_sha256_blocks[8].block|j[0]           ; Merged with simplified_sha256:generate_sha256_blocks[0].block|j[0]          ;
; simplified_sha256:generate_sha256_blocks[9].block|j[0]           ; Merged with simplified_sha256:generate_sha256_blocks[0].block|j[0]          ;
; simplified_sha256:generate_sha256_blocks[10].block|j[2]          ; Merged with simplified_sha256:generate_sha256_blocks[0].block|j[2]          ;
; simplified_sha256:generate_sha256_blocks[11].block|j[2]          ; Merged with simplified_sha256:generate_sha256_blocks[0].block|j[2]          ;
; simplified_sha256:generate_sha256_blocks[12].block|j[2]          ; Merged with simplified_sha256:generate_sha256_blocks[0].block|j[2]          ;
; simplified_sha256:generate_sha256_blocks[13].block|j[2]          ; Merged with simplified_sha256:generate_sha256_blocks[0].block|j[2]          ;
; simplified_sha256:generate_sha256_blocks[14].block|j[2]          ; Merged with simplified_sha256:generate_sha256_blocks[0].block|j[2]          ;
; simplified_sha256:generate_sha256_blocks[15].block|j[2]          ; Merged with simplified_sha256:generate_sha256_blocks[0].block|j[2]          ;
; simplified_sha256:generate_sha256_blocks[1].block|j[2]           ; Merged with simplified_sha256:generate_sha256_blocks[0].block|j[2]          ;
; simplified_sha256:generate_sha256_blocks[2].block|j[2]           ; Merged with simplified_sha256:generate_sha256_blocks[0].block|j[2]          ;
; simplified_sha256:generate_sha256_blocks[3].block|j[2]           ; Merged with simplified_sha256:generate_sha256_blocks[0].block|j[2]          ;
; simplified_sha256:generate_sha256_blocks[4].block|j[2]           ; Merged with simplified_sha256:generate_sha256_blocks[0].block|j[2]          ;
; simplified_sha256:generate_sha256_blocks[5].block|j[2]           ; Merged with simplified_sha256:generate_sha256_blocks[0].block|j[2]          ;
; simplified_sha256:generate_sha256_blocks[6].block|j[2]           ; Merged with simplified_sha256:generate_sha256_blocks[0].block|j[2]          ;
; simplified_sha256:generate_sha256_blocks[7].block|j[2]           ; Merged with simplified_sha256:generate_sha256_blocks[0].block|j[2]          ;
; simplified_sha256:generate_sha256_blocks[8].block|j[2]           ; Merged with simplified_sha256:generate_sha256_blocks[0].block|j[2]          ;
; simplified_sha256:generate_sha256_blocks[9].block|j[2]           ; Merged with simplified_sha256:generate_sha256_blocks[0].block|j[2]          ;
; simplified_sha256:generate_sha256_blocks[10].block|j[3]          ; Merged with simplified_sha256:generate_sha256_blocks[0].block|j[3]          ;
; simplified_sha256:generate_sha256_blocks[11].block|j[3]          ; Merged with simplified_sha256:generate_sha256_blocks[0].block|j[3]          ;
; simplified_sha256:generate_sha256_blocks[12].block|j[3]          ; Merged with simplified_sha256:generate_sha256_blocks[0].block|j[3]          ;
; simplified_sha256:generate_sha256_blocks[13].block|j[3]          ; Merged with simplified_sha256:generate_sha256_blocks[0].block|j[3]          ;
; simplified_sha256:generate_sha256_blocks[14].block|j[3]          ; Merged with simplified_sha256:generate_sha256_blocks[0].block|j[3]          ;
; simplified_sha256:generate_sha256_blocks[15].block|j[3]          ; Merged with simplified_sha256:generate_sha256_blocks[0].block|j[3]          ;
; simplified_sha256:generate_sha256_blocks[1].block|j[3]           ; Merged with simplified_sha256:generate_sha256_blocks[0].block|j[3]          ;
; simplified_sha256:generate_sha256_blocks[2].block|j[3]           ; Merged with simplified_sha256:generate_sha256_blocks[0].block|j[3]          ;
; simplified_sha256:generate_sha256_blocks[3].block|j[3]           ; Merged with simplified_sha256:generate_sha256_blocks[0].block|j[3]          ;
; simplified_sha256:generate_sha256_blocks[4].block|j[3]           ; Merged with simplified_sha256:generate_sha256_blocks[0].block|j[3]          ;
; simplified_sha256:generate_sha256_blocks[5].block|j[3]           ; Merged with simplified_sha256:generate_sha256_blocks[0].block|j[3]          ;
; simplified_sha256:generate_sha256_blocks[6].block|j[3]           ; Merged with simplified_sha256:generate_sha256_blocks[0].block|j[3]          ;
; simplified_sha256:generate_sha256_blocks[7].block|j[3]           ; Merged with simplified_sha256:generate_sha256_blocks[0].block|j[3]          ;
; simplified_sha256:generate_sha256_blocks[8].block|j[3]           ; Merged with simplified_sha256:generate_sha256_blocks[0].block|j[3]          ;
; simplified_sha256:generate_sha256_blocks[9].block|j[3]           ; Merged with simplified_sha256:generate_sha256_blocks[0].block|j[3]          ;
; simplified_sha256:generate_sha256_blocks[10].block|j[4]          ; Merged with simplified_sha256:generate_sha256_blocks[0].block|j[4]          ;
; simplified_sha256:generate_sha256_blocks[11].block|j[4]          ; Merged with simplified_sha256:generate_sha256_blocks[0].block|j[4]          ;
; simplified_sha256:generate_sha256_blocks[12].block|j[4]          ; Merged with simplified_sha256:generate_sha256_blocks[0].block|j[4]          ;
; simplified_sha256:generate_sha256_blocks[13].block|j[4]          ; Merged with simplified_sha256:generate_sha256_blocks[0].block|j[4]          ;
; simplified_sha256:generate_sha256_blocks[14].block|j[4]          ; Merged with simplified_sha256:generate_sha256_blocks[0].block|j[4]          ;
; simplified_sha256:generate_sha256_blocks[15].block|j[4]          ; Merged with simplified_sha256:generate_sha256_blocks[0].block|j[4]          ;
; simplified_sha256:generate_sha256_blocks[1].block|j[4]           ; Merged with simplified_sha256:generate_sha256_blocks[0].block|j[4]          ;
; simplified_sha256:generate_sha256_blocks[2].block|j[4]           ; Merged with simplified_sha256:generate_sha256_blocks[0].block|j[4]          ;
; simplified_sha256:generate_sha256_blocks[3].block|j[4]           ; Merged with simplified_sha256:generate_sha256_blocks[0].block|j[4]          ;
; simplified_sha256:generate_sha256_blocks[4].block|j[4]           ; Merged with simplified_sha256:generate_sha256_blocks[0].block|j[4]          ;
; simplified_sha256:generate_sha256_blocks[5].block|j[4]           ; Merged with simplified_sha256:generate_sha256_blocks[0].block|j[4]          ;
; simplified_sha256:generate_sha256_blocks[6].block|j[4]           ; Merged with simplified_sha256:generate_sha256_blocks[0].block|j[4]          ;
; simplified_sha256:generate_sha256_blocks[7].block|j[4]           ; Merged with simplified_sha256:generate_sha256_blocks[0].block|j[4]          ;
; simplified_sha256:generate_sha256_blocks[8].block|j[4]           ; Merged with simplified_sha256:generate_sha256_blocks[0].block|j[4]          ;
; simplified_sha256:generate_sha256_blocks[9].block|j[4]           ; Merged with simplified_sha256:generate_sha256_blocks[0].block|j[4]          ;
; simplified_sha256:generate_sha256_blocks[10].block|j[5]          ; Merged with simplified_sha256:generate_sha256_blocks[0].block|j[5]          ;
; simplified_sha256:generate_sha256_blocks[11].block|j[5]          ; Merged with simplified_sha256:generate_sha256_blocks[0].block|j[5]          ;
; simplified_sha256:generate_sha256_blocks[12].block|j[5]          ; Merged with simplified_sha256:generate_sha256_blocks[0].block|j[5]          ;
; simplified_sha256:generate_sha256_blocks[13].block|j[5]          ; Merged with simplified_sha256:generate_sha256_blocks[0].block|j[5]          ;
; simplified_sha256:generate_sha256_blocks[14].block|j[5]          ; Merged with simplified_sha256:generate_sha256_blocks[0].block|j[5]          ;
; simplified_sha256:generate_sha256_blocks[15].block|j[5]          ; Merged with simplified_sha256:generate_sha256_blocks[0].block|j[5]          ;
; simplified_sha256:generate_sha256_blocks[1].block|j[5]           ; Merged with simplified_sha256:generate_sha256_blocks[0].block|j[5]          ;
; simplified_sha256:generate_sha256_blocks[2].block|j[5]           ; Merged with simplified_sha256:generate_sha256_blocks[0].block|j[5]          ;
; simplified_sha256:generate_sha256_blocks[3].block|j[5]           ; Merged with simplified_sha256:generate_sha256_blocks[0].block|j[5]          ;
; simplified_sha256:generate_sha256_blocks[4].block|j[5]           ; Merged with simplified_sha256:generate_sha256_blocks[0].block|j[5]          ;
; simplified_sha256:generate_sha256_blocks[5].block|j[5]           ; Merged with simplified_sha256:generate_sha256_blocks[0].block|j[5]          ;
; simplified_sha256:generate_sha256_blocks[6].block|j[5]           ; Merged with simplified_sha256:generate_sha256_blocks[0].block|j[5]          ;
; simplified_sha256:generate_sha256_blocks[7].block|j[5]           ; Merged with simplified_sha256:generate_sha256_blocks[0].block|j[5]          ;
; simplified_sha256:generate_sha256_blocks[8].block|j[5]           ; Merged with simplified_sha256:generate_sha256_blocks[0].block|j[5]          ;
; simplified_sha256:generate_sha256_blocks[9].block|j[5]           ; Merged with simplified_sha256:generate_sha256_blocks[0].block|j[5]          ;
; simplified_sha256:generate_sha256_blocks[10].block|j[6]          ; Merged with simplified_sha256:generate_sha256_blocks[0].block|j[6]          ;
; simplified_sha256:generate_sha256_blocks[11].block|j[6]          ; Merged with simplified_sha256:generate_sha256_blocks[0].block|j[6]          ;
; simplified_sha256:generate_sha256_blocks[12].block|j[6]          ; Merged with simplified_sha256:generate_sha256_blocks[0].block|j[6]          ;
; simplified_sha256:generate_sha256_blocks[13].block|j[6]          ; Merged with simplified_sha256:generate_sha256_blocks[0].block|j[6]          ;
; simplified_sha256:generate_sha256_blocks[14].block|j[6]          ; Merged with simplified_sha256:generate_sha256_blocks[0].block|j[6]          ;
; simplified_sha256:generate_sha256_blocks[15].block|j[6]          ; Merged with simplified_sha256:generate_sha256_blocks[0].block|j[6]          ;
; simplified_sha256:generate_sha256_blocks[1].block|j[6]           ; Merged with simplified_sha256:generate_sha256_blocks[0].block|j[6]          ;
; simplified_sha256:generate_sha256_blocks[2].block|j[6]           ; Merged with simplified_sha256:generate_sha256_blocks[0].block|j[6]          ;
; simplified_sha256:generate_sha256_blocks[3].block|j[6]           ; Merged with simplified_sha256:generate_sha256_blocks[0].block|j[6]          ;
; simplified_sha256:generate_sha256_blocks[4].block|j[6]           ; Merged with simplified_sha256:generate_sha256_blocks[0].block|j[6]          ;
; simplified_sha256:generate_sha256_blocks[5].block|j[6]           ; Merged with simplified_sha256:generate_sha256_blocks[0].block|j[6]          ;
; simplified_sha256:generate_sha256_blocks[6].block|j[6]           ; Merged with simplified_sha256:generate_sha256_blocks[0].block|j[6]          ;
; simplified_sha256:generate_sha256_blocks[7].block|j[6]           ; Merged with simplified_sha256:generate_sha256_blocks[0].block|j[6]          ;
; simplified_sha256:generate_sha256_blocks[8].block|j[6]           ; Merged with simplified_sha256:generate_sha256_blocks[0].block|j[6]          ;
; simplified_sha256:generate_sha256_blocks[9].block|j[6]           ; Merged with simplified_sha256:generate_sha256_blocks[0].block|j[6]          ;
; simplified_sha256:generate_sha256_blocks[10].block|j[7]          ; Merged with simplified_sha256:generate_sha256_blocks[0].block|j[7]          ;
; simplified_sha256:generate_sha256_blocks[11].block|j[7]          ; Merged with simplified_sha256:generate_sha256_blocks[0].block|j[7]          ;
; simplified_sha256:generate_sha256_blocks[12].block|j[7]          ; Merged with simplified_sha256:generate_sha256_blocks[0].block|j[7]          ;
; simplified_sha256:generate_sha256_blocks[13].block|j[7]          ; Merged with simplified_sha256:generate_sha256_blocks[0].block|j[7]          ;
; simplified_sha256:generate_sha256_blocks[14].block|j[7]          ; Merged with simplified_sha256:generate_sha256_blocks[0].block|j[7]          ;
; simplified_sha256:generate_sha256_blocks[15].block|j[7]          ; Merged with simplified_sha256:generate_sha256_blocks[0].block|j[7]          ;
; simplified_sha256:generate_sha256_blocks[1].block|j[7]           ; Merged with simplified_sha256:generate_sha256_blocks[0].block|j[7]          ;
; simplified_sha256:generate_sha256_blocks[2].block|j[7]           ; Merged with simplified_sha256:generate_sha256_blocks[0].block|j[7]          ;
; simplified_sha256:generate_sha256_blocks[3].block|j[7]           ; Merged with simplified_sha256:generate_sha256_blocks[0].block|j[7]          ;
; simplified_sha256:generate_sha256_blocks[4].block|j[7]           ; Merged with simplified_sha256:generate_sha256_blocks[0].block|j[7]          ;
; simplified_sha256:generate_sha256_blocks[5].block|j[7]           ; Merged with simplified_sha256:generate_sha256_blocks[0].block|j[7]          ;
; simplified_sha256:generate_sha256_blocks[6].block|j[7]           ; Merged with simplified_sha256:generate_sha256_blocks[0].block|j[7]          ;
; simplified_sha256:generate_sha256_blocks[7].block|j[7]           ; Merged with simplified_sha256:generate_sha256_blocks[0].block|j[7]          ;
; simplified_sha256:generate_sha256_blocks[8].block|j[7]           ; Merged with simplified_sha256:generate_sha256_blocks[0].block|j[7]          ;
; simplified_sha256:generate_sha256_blocks[9].block|j[7]           ; Merged with simplified_sha256:generate_sha256_blocks[0].block|j[7]          ;
; simplified_sha256:generate_sha256_blocks[10].block|state.BLOCK   ; Merged with simplified_sha256:generate_sha256_blocks[0].block|state.BLOCK   ;
; simplified_sha256:generate_sha256_blocks[11].block|state.BLOCK   ; Merged with simplified_sha256:generate_sha256_blocks[0].block|state.BLOCK   ;
; simplified_sha256:generate_sha256_blocks[12].block|state.BLOCK   ; Merged with simplified_sha256:generate_sha256_blocks[0].block|state.BLOCK   ;
; simplified_sha256:generate_sha256_blocks[13].block|state.BLOCK   ; Merged with simplified_sha256:generate_sha256_blocks[0].block|state.BLOCK   ;
; simplified_sha256:generate_sha256_blocks[14].block|state.BLOCK   ; Merged with simplified_sha256:generate_sha256_blocks[0].block|state.BLOCK   ;
; simplified_sha256:generate_sha256_blocks[15].block|state.BLOCK   ; Merged with simplified_sha256:generate_sha256_blocks[0].block|state.BLOCK   ;
; simplified_sha256:generate_sha256_blocks[1].block|state.BLOCK    ; Merged with simplified_sha256:generate_sha256_blocks[0].block|state.BLOCK   ;
; simplified_sha256:generate_sha256_blocks[2].block|state.BLOCK    ; Merged with simplified_sha256:generate_sha256_blocks[0].block|state.BLOCK   ;
; simplified_sha256:generate_sha256_blocks[3].block|state.BLOCK    ; Merged with simplified_sha256:generate_sha256_blocks[0].block|state.BLOCK   ;
; simplified_sha256:generate_sha256_blocks[4].block|state.BLOCK    ; Merged with simplified_sha256:generate_sha256_blocks[0].block|state.BLOCK   ;
; simplified_sha256:generate_sha256_blocks[5].block|state.BLOCK    ; Merged with simplified_sha256:generate_sha256_blocks[0].block|state.BLOCK   ;
; simplified_sha256:generate_sha256_blocks[6].block|state.BLOCK    ; Merged with simplified_sha256:generate_sha256_blocks[0].block|state.BLOCK   ;
; simplified_sha256:generate_sha256_blocks[7].block|state.BLOCK    ; Merged with simplified_sha256:generate_sha256_blocks[0].block|state.BLOCK   ;
; simplified_sha256:generate_sha256_blocks[8].block|state.BLOCK    ; Merged with simplified_sha256:generate_sha256_blocks[0].block|state.BLOCK   ;
; simplified_sha256:generate_sha256_blocks[9].block|state.BLOCK    ; Merged with simplified_sha256:generate_sha256_blocks[0].block|state.BLOCK   ;
; simplified_sha256:generate_sha256_blocks[10].block|state.COMPUTE ; Merged with simplified_sha256:generate_sha256_blocks[0].block|state.COMPUTE ;
; simplified_sha256:generate_sha256_blocks[11].block|state.COMPUTE ; Merged with simplified_sha256:generate_sha256_blocks[0].block|state.COMPUTE ;
; simplified_sha256:generate_sha256_blocks[12].block|state.COMPUTE ; Merged with simplified_sha256:generate_sha256_blocks[0].block|state.COMPUTE ;
; simplified_sha256:generate_sha256_blocks[13].block|state.COMPUTE ; Merged with simplified_sha256:generate_sha256_blocks[0].block|state.COMPUTE ;
; simplified_sha256:generate_sha256_blocks[14].block|state.COMPUTE ; Merged with simplified_sha256:generate_sha256_blocks[0].block|state.COMPUTE ;
; simplified_sha256:generate_sha256_blocks[15].block|state.COMPUTE ; Merged with simplified_sha256:generate_sha256_blocks[0].block|state.COMPUTE ;
; simplified_sha256:generate_sha256_blocks[1].block|state.COMPUTE  ; Merged with simplified_sha256:generate_sha256_blocks[0].block|state.COMPUTE ;
; simplified_sha256:generate_sha256_blocks[2].block|state.COMPUTE  ; Merged with simplified_sha256:generate_sha256_blocks[0].block|state.COMPUTE ;
; simplified_sha256:generate_sha256_blocks[3].block|state.COMPUTE  ; Merged with simplified_sha256:generate_sha256_blocks[0].block|state.COMPUTE ;
; simplified_sha256:generate_sha256_blocks[4].block|state.COMPUTE  ; Merged with simplified_sha256:generate_sha256_blocks[0].block|state.COMPUTE ;
; simplified_sha256:generate_sha256_blocks[5].block|state.COMPUTE  ; Merged with simplified_sha256:generate_sha256_blocks[0].block|state.COMPUTE ;
; simplified_sha256:generate_sha256_blocks[6].block|state.COMPUTE  ; Merged with simplified_sha256:generate_sha256_blocks[0].block|state.COMPUTE ;
; simplified_sha256:generate_sha256_blocks[7].block|state.COMPUTE  ; Merged with simplified_sha256:generate_sha256_blocks[0].block|state.COMPUTE ;
; simplified_sha256:generate_sha256_blocks[8].block|state.COMPUTE  ; Merged with simplified_sha256:generate_sha256_blocks[0].block|state.COMPUTE ;
; simplified_sha256:generate_sha256_blocks[9].block|state.COMPUTE  ; Merged with simplified_sha256:generate_sha256_blocks[0].block|state.COMPUTE ;
; simplified_sha256:generate_sha256_blocks[10].block|state.WAIT    ; Merged with simplified_sha256:generate_sha256_blocks[0].block|state.WAIT    ;
; simplified_sha256:generate_sha256_blocks[11].block|state.WAIT    ; Merged with simplified_sha256:generate_sha256_blocks[0].block|state.WAIT    ;
; simplified_sha256:generate_sha256_blocks[12].block|state.WAIT    ; Merged with simplified_sha256:generate_sha256_blocks[0].block|state.WAIT    ;
; simplified_sha256:generate_sha256_blocks[13].block|state.WAIT    ; Merged with simplified_sha256:generate_sha256_blocks[0].block|state.WAIT    ;
; simplified_sha256:generate_sha256_blocks[14].block|state.WAIT    ; Merged with simplified_sha256:generate_sha256_blocks[0].block|state.WAIT    ;
; simplified_sha256:generate_sha256_blocks[15].block|state.WAIT    ; Merged with simplified_sha256:generate_sha256_blocks[0].block|state.WAIT    ;
; simplified_sha256:generate_sha256_blocks[1].block|state.WAIT     ; Merged with simplified_sha256:generate_sha256_blocks[0].block|state.WAIT    ;
; simplified_sha256:generate_sha256_blocks[2].block|state.WAIT     ; Merged with simplified_sha256:generate_sha256_blocks[0].block|state.WAIT    ;
; simplified_sha256:generate_sha256_blocks[3].block|state.WAIT     ; Merged with simplified_sha256:generate_sha256_blocks[0].block|state.WAIT    ;
; simplified_sha256:generate_sha256_blocks[4].block|state.WAIT     ; Merged with simplified_sha256:generate_sha256_blocks[0].block|state.WAIT    ;
; simplified_sha256:generate_sha256_blocks[5].block|state.WAIT     ; Merged with simplified_sha256:generate_sha256_blocks[0].block|state.WAIT    ;
; simplified_sha256:generate_sha256_blocks[6].block|state.WAIT     ; Merged with simplified_sha256:generate_sha256_blocks[0].block|state.WAIT    ;
; simplified_sha256:generate_sha256_blocks[7].block|state.WAIT     ; Merged with simplified_sha256:generate_sha256_blocks[0].block|state.WAIT    ;
; simplified_sha256:generate_sha256_blocks[8].block|state.WAIT     ; Merged with simplified_sha256:generate_sha256_blocks[0].block|state.WAIT    ;
; simplified_sha256:generate_sha256_blocks[9].block|state.WAIT     ; Merged with simplified_sha256:generate_sha256_blocks[0].block|state.WAIT    ;
; simplified_sha256:generate_sha256_blocks[10].block|tem[7]        ; Merged with simplified_sha256:generate_sha256_blocks[0].block|tem[7]        ;
; simplified_sha256:generate_sha256_blocks[11].block|tem[7]        ; Merged with simplified_sha256:generate_sha256_blocks[0].block|tem[7]        ;
; simplified_sha256:generate_sha256_blocks[12].block|tem[7]        ; Merged with simplified_sha256:generate_sha256_blocks[0].block|tem[7]        ;
; simplified_sha256:generate_sha256_blocks[13].block|tem[7]        ; Merged with simplified_sha256:generate_sha256_blocks[0].block|tem[7]        ;
; simplified_sha256:generate_sha256_blocks[14].block|tem[7]        ; Merged with simplified_sha256:generate_sha256_blocks[0].block|tem[7]        ;
; simplified_sha256:generate_sha256_blocks[15].block|tem[7]        ; Merged with simplified_sha256:generate_sha256_blocks[0].block|tem[7]        ;
; simplified_sha256:generate_sha256_blocks[1].block|tem[7]         ; Merged with simplified_sha256:generate_sha256_blocks[0].block|tem[7]        ;
; simplified_sha256:generate_sha256_blocks[2].block|tem[7]         ; Merged with simplified_sha256:generate_sha256_blocks[0].block|tem[7]        ;
; simplified_sha256:generate_sha256_blocks[3].block|tem[7]         ; Merged with simplified_sha256:generate_sha256_blocks[0].block|tem[7]        ;
; simplified_sha256:generate_sha256_blocks[4].block|tem[7]         ; Merged with simplified_sha256:generate_sha256_blocks[0].block|tem[7]        ;
; simplified_sha256:generate_sha256_blocks[5].block|tem[7]         ; Merged with simplified_sha256:generate_sha256_blocks[0].block|tem[7]        ;
; simplified_sha256:generate_sha256_blocks[6].block|tem[7]         ; Merged with simplified_sha256:generate_sha256_blocks[0].block|tem[7]        ;
; simplified_sha256:generate_sha256_blocks[7].block|tem[7]         ; Merged with simplified_sha256:generate_sha256_blocks[0].block|tem[7]        ;
; simplified_sha256:generate_sha256_blocks[8].block|tem[7]         ; Merged with simplified_sha256:generate_sha256_blocks[0].block|tem[7]        ;
; simplified_sha256:generate_sha256_blocks[9].block|tem[7]         ; Merged with simplified_sha256:generate_sha256_blocks[0].block|tem[7]        ;
; simplified_sha256:generate_sha256_blocks[10].block|tem[6]        ; Merged with simplified_sha256:generate_sha256_blocks[0].block|tem[6]        ;
; simplified_sha256:generate_sha256_blocks[11].block|tem[6]        ; Merged with simplified_sha256:generate_sha256_blocks[0].block|tem[6]        ;
; simplified_sha256:generate_sha256_blocks[12].block|tem[6]        ; Merged with simplified_sha256:generate_sha256_blocks[0].block|tem[6]        ;
; simplified_sha256:generate_sha256_blocks[13].block|tem[6]        ; Merged with simplified_sha256:generate_sha256_blocks[0].block|tem[6]        ;
; simplified_sha256:generate_sha256_blocks[14].block|tem[6]        ; Merged with simplified_sha256:generate_sha256_blocks[0].block|tem[6]        ;
; simplified_sha256:generate_sha256_blocks[15].block|tem[6]        ; Merged with simplified_sha256:generate_sha256_blocks[0].block|tem[6]        ;
; simplified_sha256:generate_sha256_blocks[1].block|tem[6]         ; Merged with simplified_sha256:generate_sha256_blocks[0].block|tem[6]        ;
; simplified_sha256:generate_sha256_blocks[2].block|tem[6]         ; Merged with simplified_sha256:generate_sha256_blocks[0].block|tem[6]        ;
; simplified_sha256:generate_sha256_blocks[3].block|tem[6]         ; Merged with simplified_sha256:generate_sha256_blocks[0].block|tem[6]        ;
; simplified_sha256:generate_sha256_blocks[4].block|tem[6]         ; Merged with simplified_sha256:generate_sha256_blocks[0].block|tem[6]        ;
; simplified_sha256:generate_sha256_blocks[5].block|tem[6]         ; Merged with simplified_sha256:generate_sha256_blocks[0].block|tem[6]        ;
; simplified_sha256:generate_sha256_blocks[6].block|tem[6]         ; Merged with simplified_sha256:generate_sha256_blocks[0].block|tem[6]        ;
; simplified_sha256:generate_sha256_blocks[7].block|tem[6]         ; Merged with simplified_sha256:generate_sha256_blocks[0].block|tem[6]        ;
; simplified_sha256:generate_sha256_blocks[8].block|tem[6]         ; Merged with simplified_sha256:generate_sha256_blocks[0].block|tem[6]        ;
; simplified_sha256:generate_sha256_blocks[9].block|tem[6]         ; Merged with simplified_sha256:generate_sha256_blocks[0].block|tem[6]        ;
; simplified_sha256:generate_sha256_blocks[10].block|tem[5]        ; Merged with simplified_sha256:generate_sha256_blocks[0].block|tem[5]        ;
; simplified_sha256:generate_sha256_blocks[11].block|tem[5]        ; Merged with simplified_sha256:generate_sha256_blocks[0].block|tem[5]        ;
; simplified_sha256:generate_sha256_blocks[12].block|tem[5]        ; Merged with simplified_sha256:generate_sha256_blocks[0].block|tem[5]        ;
; simplified_sha256:generate_sha256_blocks[13].block|tem[5]        ; Merged with simplified_sha256:generate_sha256_blocks[0].block|tem[5]        ;
; simplified_sha256:generate_sha256_blocks[14].block|tem[5]        ; Merged with simplified_sha256:generate_sha256_blocks[0].block|tem[5]        ;
; simplified_sha256:generate_sha256_blocks[15].block|tem[5]        ; Merged with simplified_sha256:generate_sha256_blocks[0].block|tem[5]        ;
; simplified_sha256:generate_sha256_blocks[1].block|tem[5]         ; Merged with simplified_sha256:generate_sha256_blocks[0].block|tem[5]        ;
; simplified_sha256:generate_sha256_blocks[2].block|tem[5]         ; Merged with simplified_sha256:generate_sha256_blocks[0].block|tem[5]        ;
; simplified_sha256:generate_sha256_blocks[3].block|tem[5]         ; Merged with simplified_sha256:generate_sha256_blocks[0].block|tem[5]        ;
; simplified_sha256:generate_sha256_blocks[4].block|tem[5]         ; Merged with simplified_sha256:generate_sha256_blocks[0].block|tem[5]        ;
; simplified_sha256:generate_sha256_blocks[5].block|tem[5]         ; Merged with simplified_sha256:generate_sha256_blocks[0].block|tem[5]        ;
; simplified_sha256:generate_sha256_blocks[6].block|tem[5]         ; Merged with simplified_sha256:generate_sha256_blocks[0].block|tem[5]        ;
; simplified_sha256:generate_sha256_blocks[7].block|tem[5]         ; Merged with simplified_sha256:generate_sha256_blocks[0].block|tem[5]        ;
; simplified_sha256:generate_sha256_blocks[8].block|tem[5]         ; Merged with simplified_sha256:generate_sha256_blocks[0].block|tem[5]        ;
; simplified_sha256:generate_sha256_blocks[9].block|tem[5]         ; Merged with simplified_sha256:generate_sha256_blocks[0].block|tem[5]        ;
; simplified_sha256:generate_sha256_blocks[10].block|tem[4]        ; Merged with simplified_sha256:generate_sha256_blocks[0].block|tem[4]        ;
; simplified_sha256:generate_sha256_blocks[11].block|tem[4]        ; Merged with simplified_sha256:generate_sha256_blocks[0].block|tem[4]        ;
; simplified_sha256:generate_sha256_blocks[12].block|tem[4]        ; Merged with simplified_sha256:generate_sha256_blocks[0].block|tem[4]        ;
; simplified_sha256:generate_sha256_blocks[13].block|tem[4]        ; Merged with simplified_sha256:generate_sha256_blocks[0].block|tem[4]        ;
; simplified_sha256:generate_sha256_blocks[14].block|tem[4]        ; Merged with simplified_sha256:generate_sha256_blocks[0].block|tem[4]        ;
; simplified_sha256:generate_sha256_blocks[15].block|tem[4]        ; Merged with simplified_sha256:generate_sha256_blocks[0].block|tem[4]        ;
; simplified_sha256:generate_sha256_blocks[1].block|tem[4]         ; Merged with simplified_sha256:generate_sha256_blocks[0].block|tem[4]        ;
; simplified_sha256:generate_sha256_blocks[2].block|tem[4]         ; Merged with simplified_sha256:generate_sha256_blocks[0].block|tem[4]        ;
; simplified_sha256:generate_sha256_blocks[3].block|tem[4]         ; Merged with simplified_sha256:generate_sha256_blocks[0].block|tem[4]        ;
; simplified_sha256:generate_sha256_blocks[4].block|tem[4]         ; Merged with simplified_sha256:generate_sha256_blocks[0].block|tem[4]        ;
; simplified_sha256:generate_sha256_blocks[5].block|tem[4]         ; Merged with simplified_sha256:generate_sha256_blocks[0].block|tem[4]        ;
; simplified_sha256:generate_sha256_blocks[6].block|tem[4]         ; Merged with simplified_sha256:generate_sha256_blocks[0].block|tem[4]        ;
; simplified_sha256:generate_sha256_blocks[7].block|tem[4]         ; Merged with simplified_sha256:generate_sha256_blocks[0].block|tem[4]        ;
; simplified_sha256:generate_sha256_blocks[8].block|tem[4]         ; Merged with simplified_sha256:generate_sha256_blocks[0].block|tem[4]        ;
; simplified_sha256:generate_sha256_blocks[9].block|tem[4]         ; Merged with simplified_sha256:generate_sha256_blocks[0].block|tem[4]        ;
; simplified_sha256:generate_sha256_blocks[10].block|tem[3]        ; Merged with simplified_sha256:generate_sha256_blocks[0].block|tem[3]        ;
; simplified_sha256:generate_sha256_blocks[11].block|tem[3]        ; Merged with simplified_sha256:generate_sha256_blocks[0].block|tem[3]        ;
; simplified_sha256:generate_sha256_blocks[12].block|tem[3]        ; Merged with simplified_sha256:generate_sha256_blocks[0].block|tem[3]        ;
; simplified_sha256:generate_sha256_blocks[13].block|tem[3]        ; Merged with simplified_sha256:generate_sha256_blocks[0].block|tem[3]        ;
; simplified_sha256:generate_sha256_blocks[14].block|tem[3]        ; Merged with simplified_sha256:generate_sha256_blocks[0].block|tem[3]        ;
; simplified_sha256:generate_sha256_blocks[15].block|tem[3]        ; Merged with simplified_sha256:generate_sha256_blocks[0].block|tem[3]        ;
; simplified_sha256:generate_sha256_blocks[1].block|tem[3]         ; Merged with simplified_sha256:generate_sha256_blocks[0].block|tem[3]        ;
; simplified_sha256:generate_sha256_blocks[2].block|tem[3]         ; Merged with simplified_sha256:generate_sha256_blocks[0].block|tem[3]        ;
; simplified_sha256:generate_sha256_blocks[3].block|tem[3]         ; Merged with simplified_sha256:generate_sha256_blocks[0].block|tem[3]        ;
; simplified_sha256:generate_sha256_blocks[4].block|tem[3]         ; Merged with simplified_sha256:generate_sha256_blocks[0].block|tem[3]        ;
; simplified_sha256:generate_sha256_blocks[5].block|tem[3]         ; Merged with simplified_sha256:generate_sha256_blocks[0].block|tem[3]        ;
; simplified_sha256:generate_sha256_blocks[6].block|tem[3]         ; Merged with simplified_sha256:generate_sha256_blocks[0].block|tem[3]        ;
; simplified_sha256:generate_sha256_blocks[7].block|tem[3]         ; Merged with simplified_sha256:generate_sha256_blocks[0].block|tem[3]        ;
; simplified_sha256:generate_sha256_blocks[8].block|tem[3]         ; Merged with simplified_sha256:generate_sha256_blocks[0].block|tem[3]        ;
; simplified_sha256:generate_sha256_blocks[9].block|tem[3]         ; Merged with simplified_sha256:generate_sha256_blocks[0].block|tem[3]        ;
; simplified_sha256:generate_sha256_blocks[10].block|tem[2]        ; Merged with simplified_sha256:generate_sha256_blocks[0].block|tem[2]        ;
; simplified_sha256:generate_sha256_blocks[11].block|tem[2]        ; Merged with simplified_sha256:generate_sha256_blocks[0].block|tem[2]        ;
; simplified_sha256:generate_sha256_blocks[12].block|tem[2]        ; Merged with simplified_sha256:generate_sha256_blocks[0].block|tem[2]        ;
; simplified_sha256:generate_sha256_blocks[13].block|tem[2]        ; Merged with simplified_sha256:generate_sha256_blocks[0].block|tem[2]        ;
; simplified_sha256:generate_sha256_blocks[14].block|tem[2]        ; Merged with simplified_sha256:generate_sha256_blocks[0].block|tem[2]        ;
; simplified_sha256:generate_sha256_blocks[15].block|tem[2]        ; Merged with simplified_sha256:generate_sha256_blocks[0].block|tem[2]        ;
; simplified_sha256:generate_sha256_blocks[1].block|tem[2]         ; Merged with simplified_sha256:generate_sha256_blocks[0].block|tem[2]        ;
; simplified_sha256:generate_sha256_blocks[2].block|tem[2]         ; Merged with simplified_sha256:generate_sha256_blocks[0].block|tem[2]        ;
; simplified_sha256:generate_sha256_blocks[3].block|tem[2]         ; Merged with simplified_sha256:generate_sha256_blocks[0].block|tem[2]        ;
; simplified_sha256:generate_sha256_blocks[4].block|tem[2]         ; Merged with simplified_sha256:generate_sha256_blocks[0].block|tem[2]        ;
; simplified_sha256:generate_sha256_blocks[5].block|tem[2]         ; Merged with simplified_sha256:generate_sha256_blocks[0].block|tem[2]        ;
; simplified_sha256:generate_sha256_blocks[6].block|tem[2]         ; Merged with simplified_sha256:generate_sha256_blocks[0].block|tem[2]        ;
; simplified_sha256:generate_sha256_blocks[7].block|tem[2]         ; Merged with simplified_sha256:generate_sha256_blocks[0].block|tem[2]        ;
; simplified_sha256:generate_sha256_blocks[8].block|tem[2]         ; Merged with simplified_sha256:generate_sha256_blocks[0].block|tem[2]        ;
; simplified_sha256:generate_sha256_blocks[9].block|tem[2]         ; Merged with simplified_sha256:generate_sha256_blocks[0].block|tem[2]        ;
; simplified_sha256:generate_sha256_blocks[10].block|tem[1]        ; Merged with simplified_sha256:generate_sha256_blocks[0].block|tem[1]        ;
; simplified_sha256:generate_sha256_blocks[11].block|tem[1]        ; Merged with simplified_sha256:generate_sha256_blocks[0].block|tem[1]        ;
; simplified_sha256:generate_sha256_blocks[12].block|tem[1]        ; Merged with simplified_sha256:generate_sha256_blocks[0].block|tem[1]        ;
; simplified_sha256:generate_sha256_blocks[13].block|tem[1]        ; Merged with simplified_sha256:generate_sha256_blocks[0].block|tem[1]        ;
; simplified_sha256:generate_sha256_blocks[14].block|tem[1]        ; Merged with simplified_sha256:generate_sha256_blocks[0].block|tem[1]        ;
; simplified_sha256:generate_sha256_blocks[15].block|tem[1]        ; Merged with simplified_sha256:generate_sha256_blocks[0].block|tem[1]        ;
; simplified_sha256:generate_sha256_blocks[1].block|tem[1]         ; Merged with simplified_sha256:generate_sha256_blocks[0].block|tem[1]        ;
; simplified_sha256:generate_sha256_blocks[2].block|tem[1]         ; Merged with simplified_sha256:generate_sha256_blocks[0].block|tem[1]        ;
; simplified_sha256:generate_sha256_blocks[3].block|tem[1]         ; Merged with simplified_sha256:generate_sha256_blocks[0].block|tem[1]        ;
; simplified_sha256:generate_sha256_blocks[4].block|tem[1]         ; Merged with simplified_sha256:generate_sha256_blocks[0].block|tem[1]        ;
; simplified_sha256:generate_sha256_blocks[5].block|tem[1]         ; Merged with simplified_sha256:generate_sha256_blocks[0].block|tem[1]        ;
; simplified_sha256:generate_sha256_blocks[6].block|tem[1]         ; Merged with simplified_sha256:generate_sha256_blocks[0].block|tem[1]        ;
; simplified_sha256:generate_sha256_blocks[7].block|tem[1]         ; Merged with simplified_sha256:generate_sha256_blocks[0].block|tem[1]        ;
; simplified_sha256:generate_sha256_blocks[8].block|tem[1]         ; Merged with simplified_sha256:generate_sha256_blocks[0].block|tem[1]        ;
; simplified_sha256:generate_sha256_blocks[9].block|tem[1]         ; Merged with simplified_sha256:generate_sha256_blocks[0].block|tem[1]        ;
; simplified_sha256:generate_sha256_blocks[10].block|tem[0]        ; Merged with simplified_sha256:generate_sha256_blocks[0].block|tem[0]        ;
; simplified_sha256:generate_sha256_blocks[11].block|tem[0]        ; Merged with simplified_sha256:generate_sha256_blocks[0].block|tem[0]        ;
; simplified_sha256:generate_sha256_blocks[12].block|tem[0]        ; Merged with simplified_sha256:generate_sha256_blocks[0].block|tem[0]        ;
; simplified_sha256:generate_sha256_blocks[13].block|tem[0]        ; Merged with simplified_sha256:generate_sha256_blocks[0].block|tem[0]        ;
; simplified_sha256:generate_sha256_blocks[14].block|tem[0]        ; Merged with simplified_sha256:generate_sha256_blocks[0].block|tem[0]        ;
; simplified_sha256:generate_sha256_blocks[15].block|tem[0]        ; Merged with simplified_sha256:generate_sha256_blocks[0].block|tem[0]        ;
; simplified_sha256:generate_sha256_blocks[1].block|tem[0]         ; Merged with simplified_sha256:generate_sha256_blocks[0].block|tem[0]        ;
; simplified_sha256:generate_sha256_blocks[2].block|tem[0]         ; Merged with simplified_sha256:generate_sha256_blocks[0].block|tem[0]        ;
; simplified_sha256:generate_sha256_blocks[3].block|tem[0]         ; Merged with simplified_sha256:generate_sha256_blocks[0].block|tem[0]        ;
; simplified_sha256:generate_sha256_blocks[4].block|tem[0]         ; Merged with simplified_sha256:generate_sha256_blocks[0].block|tem[0]        ;
; simplified_sha256:generate_sha256_blocks[5].block|tem[0]         ; Merged with simplified_sha256:generate_sha256_blocks[0].block|tem[0]        ;
; simplified_sha256:generate_sha256_blocks[6].block|tem[0]         ; Merged with simplified_sha256:generate_sha256_blocks[0].block|tem[0]        ;
; simplified_sha256:generate_sha256_blocks[7].block|tem[0]         ; Merged with simplified_sha256:generate_sha256_blocks[0].block|tem[0]        ;
; simplified_sha256:generate_sha256_blocks[8].block|tem[0]         ; Merged with simplified_sha256:generate_sha256_blocks[0].block|tem[0]        ;
; simplified_sha256:generate_sha256_blocks[9].block|tem[0]         ; Merged with simplified_sha256:generate_sha256_blocks[0].block|tem[0]        ;
; Total Number of Removed Registers = 4057                         ;                                                                             ;
+------------------------------------------------------------------+-----------------------------------------------------------------------------+


+------------------------------------------------------+
; General Register Statistics                          ;
+----------------------------------------------+-------+
; Statistic                                    ; Value ;
+----------------------------------------------+-------+
; Total registers                              ; 27762 ;
; Number of registers using Synchronous Clear  ; 1350  ;
; Number of registers using Synchronous Load   ; 21050 ;
; Number of registers using Asynchronous Clear ; 24    ;
; Number of registers using Asynchronous Load  ; 0     ;
; Number of registers using Clock Enable       ; 27002 ;
; Number of registers using Preset             ; 0     ;
+----------------------------------------------+-------+


+------------------------------------------------------------------------------------------------------------------------------------------------------------------------------------------+
; Multiplexer Restructuring Statistics (Restructuring Performed)                                                                                                                           ;
+--------------------+-----------+---------------+----------------------+------------------------+------------+----------------------------------------------------------------------------+
; Multiplexer Inputs ; Bus Width ; Baseline Area ; Area if Restructured ; Saving if Restructured ; Registered ; Example Multiplexer Output                                                 ;
+--------------------+-----------+---------------+----------------------+------------------------+------------+----------------------------------------------------------------------------+
; 3:1                ; 32 bits   ; 64 ALUTs      ; 0 ALUTs              ; 64 ALUTs               ; Yes        ; |bitcoin_hash|message[30][17]                                              ;
; 3:1                ; 32 bits   ; 64 ALUTs      ; 0 ALUTs              ; 64 ALUTs               ; Yes        ; |bitcoin_hash|message[29][0]                                               ;
; 3:1                ; 32 bits   ; 64 ALUTs      ; 0 ALUTs              ; 64 ALUTs               ; Yes        ; |bitcoin_hash|message[28][29]                                              ;
; 3:1                ; 32 bits   ; 64 ALUTs      ; 0 ALUTs              ; 64 ALUTs               ; Yes        ; |bitcoin_hash|message[27][29]                                              ;
; 3:1                ; 32 bits   ; 64 ALUTs      ; 0 ALUTs              ; 64 ALUTs               ; Yes        ; |bitcoin_hash|message[26][29]                                              ;
; 3:1                ; 32 bits   ; 64 ALUTs      ; 0 ALUTs              ; 64 ALUTs               ; Yes        ; |bitcoin_hash|message[25][29]                                              ;
; 3:1                ; 32 bits   ; 64 ALUTs      ; 0 ALUTs              ; 64 ALUTs               ; Yes        ; |bitcoin_hash|message[24][29]                                              ;
; 3:1                ; 32 bits   ; 64 ALUTs      ; 0 ALUTs              ; 64 ALUTs               ; Yes        ; |bitcoin_hash|message[23][29]                                              ;
; 3:1                ; 32 bits   ; 64 ALUTs      ; 0 ALUTs              ; 64 ALUTs               ; Yes        ; |bitcoin_hash|message[22][29]                                              ;
; 3:1                ; 32 bits   ; 64 ALUTs      ; 0 ALUTs              ; 64 ALUTs               ; Yes        ; |bitcoin_hash|message[21][0]                                               ;
; 3:1                ; 32 bits   ; 64 ALUTs      ; 0 ALUTs              ; 64 ALUTs               ; Yes        ; |bitcoin_hash|message[18][25]                                              ;
; 3:1                ; 32 bits   ; 64 ALUTs      ; 0 ALUTs              ; 64 ALUTs               ; Yes        ; |bitcoin_hash|message[17][7]                                               ;
; 3:1                ; 32 bits   ; 64 ALUTs      ; 0 ALUTs              ; 64 ALUTs               ; Yes        ; |bitcoin_hash|message[16][7]                                               ;
; 3:1                ; 32 bits   ; 64 ALUTs      ; 0 ALUTs              ; 64 ALUTs               ; Yes        ; |bitcoin_hash|message[15][2]                                               ;
; 3:1                ; 32 bits   ; 64 ALUTs      ; 0 ALUTs              ; 64 ALUTs               ; Yes        ; |bitcoin_hash|message[14][26]                                              ;
; 3:1                ; 32 bits   ; 64 ALUTs      ; 0 ALUTs              ; 64 ALUTs               ; Yes        ; |bitcoin_hash|message[13][28]                                              ;
; 3:1                ; 32 bits   ; 64 ALUTs      ; 0 ALUTs              ; 64 ALUTs               ; Yes        ; |bitcoin_hash|message[12][0]                                               ;
; 3:1                ; 32 bits   ; 64 ALUTs      ; 0 ALUTs              ; 64 ALUTs               ; Yes        ; |bitcoin_hash|message[11][21]                                              ;
; 3:1                ; 32 bits   ; 64 ALUTs      ; 0 ALUTs              ; 64 ALUTs               ; Yes        ; |bitcoin_hash|message[10][16]                                              ;
; 3:1                ; 32 bits   ; 64 ALUTs      ; 0 ALUTs              ; 64 ALUTs               ; Yes        ; |bitcoin_hash|message[9][17]                                               ;
; 3:1                ; 32 bits   ; 64 ALUTs      ; 0 ALUTs              ; 64 ALUTs               ; Yes        ; |bitcoin_hash|message[8][23]                                               ;
; 3:1                ; 32 bits   ; 64 ALUTs      ; 0 ALUTs              ; 64 ALUTs               ; Yes        ; |bitcoin_hash|message[7][31]                                               ;
; 3:1                ; 32 bits   ; 64 ALUTs      ; 0 ALUTs              ; 64 ALUTs               ; Yes        ; |bitcoin_hash|message[6][18]                                               ;
; 3:1                ; 32 bits   ; 64 ALUTs      ; 0 ALUTs              ; 64 ALUTs               ; Yes        ; |bitcoin_hash|message[5][18]                                               ;
; 3:1                ; 32 bits   ; 64 ALUTs      ; 0 ALUTs              ; 64 ALUTs               ; Yes        ; |bitcoin_hash|message[4][2]                                                ;
; 3:1                ; 32 bits   ; 64 ALUTs      ; 0 ALUTs              ; 64 ALUTs               ; Yes        ; |bitcoin_hash|message[3][31]                                               ;
; 3:1                ; 32 bits   ; 64 ALUTs      ; 0 ALUTs              ; 64 ALUTs               ; Yes        ; |bitcoin_hash|message[2][1]                                                ;
; 3:1                ; 32 bits   ; 64 ALUTs      ; 0 ALUTs              ; 64 ALUTs               ; Yes        ; |bitcoin_hash|message[1][23]                                               ;
; 3:1                ; 32 bits   ; 64 ALUTs      ; 0 ALUTs              ; 64 ALUTs               ; Yes        ; |bitcoin_hash|message[0][28]                                               ;
; 4:1                ; 32 bits   ; 64 ALUTs      ; 32 ALUTs             ; 32 ALUTs               ; Yes        ; |bitcoin_hash|message[31][14]                                              ;
; 4:1                ; 32 bits   ; 64 ALUTs      ; 32 ALUTs             ; 32 ALUTs               ; Yes        ; |bitcoin_hash|message[20][17]                                              ;
; 4:1                ; 16 bits   ; 32 ALUTs      ; 0 ALUTs              ; 32 ALUTs               ; Yes        ; |bitcoin_hash|cur_addr[6]                                                  ;
; 5:1                ; 256 bits  ; 768 ALUTs     ; 256 ALUTs            ; 512 ALUTs              ; Yes        ; |bitcoin_hash|w[10][14][23]                                                ;
; 5:1                ; 480 bits  ; 1440 ALUTs    ; 480 ALUTs            ; 960 ALUTs              ; Yes        ; |bitcoin_hash|w[9][3][29]                                                  ;
; 5:1                ; 3360 bits ; 10080 ALUTs   ; 0 ALUTs              ; 10080 ALUTs            ; Yes        ; |bitcoin_hash|w[8][7][23]                                                  ;
; 5:1                ; 8 bits    ; 24 ALUTs      ; 0 ALUTs              ; 24 ALUTs               ; Yes        ; |bitcoin_hash|simplified_sha256:generate_sha256_blocks[15].block|j[6]      ;
; 5:1                ; 8 bits    ; 24 ALUTs      ; 0 ALUTs              ; 24 ALUTs               ; Yes        ; |bitcoin_hash|simplified_sha256:generate_sha256_blocks[14].block|j[0]      ;
; 5:1                ; 8 bits    ; 24 ALUTs      ; 0 ALUTs              ; 24 ALUTs               ; Yes        ; |bitcoin_hash|simplified_sha256:generate_sha256_blocks[13].block|j[0]      ;
; 5:1                ; 8 bits    ; 24 ALUTs      ; 0 ALUTs              ; 24 ALUTs               ; Yes        ; |bitcoin_hash|simplified_sha256:generate_sha256_blocks[12].block|j[6]      ;
; 5:1                ; 8 bits    ; 24 ALUTs      ; 0 ALUTs              ; 24 ALUTs               ; Yes        ; |bitcoin_hash|simplified_sha256:generate_sha256_blocks[11].block|j[6]      ;
; 5:1                ; 8 bits    ; 24 ALUTs      ; 0 ALUTs              ; 24 ALUTs               ; Yes        ; |bitcoin_hash|simplified_sha256:generate_sha256_blocks[10].block|j[6]      ;
; 5:1                ; 8 bits    ; 24 ALUTs      ; 0 ALUTs              ; 24 ALUTs               ; Yes        ; |bitcoin_hash|simplified_sha256:generate_sha256_blocks[9].block|j[5]       ;
; 5:1                ; 8 bits    ; 24 ALUTs      ; 0 ALUTs              ; 24 ALUTs               ; Yes        ; |bitcoin_hash|simplified_sha256:generate_sha256_blocks[8].block|j[7]       ;
; 5:1                ; 8 bits    ; 24 ALUTs      ; 0 ALUTs              ; 24 ALUTs               ; Yes        ; |bitcoin_hash|simplified_sha256:generate_sha256_blocks[7].block|j[6]       ;
; 5:1                ; 8 bits    ; 24 ALUTs      ; 0 ALUTs              ; 24 ALUTs               ; Yes        ; |bitcoin_hash|simplified_sha256:generate_sha256_blocks[6].block|j[7]       ;
; 5:1                ; 8 bits    ; 24 ALUTs      ; 0 ALUTs              ; 24 ALUTs               ; Yes        ; |bitcoin_hash|simplified_sha256:generate_sha256_blocks[5].block|j[2]       ;
; 5:1                ; 8 bits    ; 24 ALUTs      ; 0 ALUTs              ; 24 ALUTs               ; Yes        ; |bitcoin_hash|simplified_sha256:generate_sha256_blocks[4].block|j[4]       ;
; 5:1                ; 8 bits    ; 24 ALUTs      ; 0 ALUTs              ; 24 ALUTs               ; Yes        ; |bitcoin_hash|simplified_sha256:generate_sha256_blocks[3].block|j[0]       ;
; 5:1                ; 8 bits    ; 24 ALUTs      ; 0 ALUTs              ; 24 ALUTs               ; Yes        ; |bitcoin_hash|simplified_sha256:generate_sha256_blocks[2].block|j[7]       ;
; 5:1                ; 8 bits    ; 24 ALUTs      ; 0 ALUTs              ; 24 ALUTs               ; Yes        ; |bitcoin_hash|simplified_sha256:generate_sha256_blocks[1].block|j[7]       ;
; 5:1                ; 8 bits    ; 24 ALUTs      ; 0 ALUTs              ; 24 ALUTs               ; Yes        ; |bitcoin_hash|simplified_sha256:generate_sha256_blocks[0].block|j[1]       ;
; 5:1                ; 8 bits    ; 24 ALUTs      ; 0 ALUTs              ; 24 ALUTs               ; Yes        ; |bitcoin_hash|simplified_sha256:sha256_phase1|j[7]                         ;
; 5:1                ; 8 bits    ; 24 ALUTs      ; 0 ALUTs              ; 24 ALUTs               ; Yes        ; |bitcoin_hash|simplified_sha256:generate_sha256_blocks[15].block|tem[5]    ;
; 5:1                ; 256 bits  ; 768 ALUTs     ; 0 ALUTs              ; 768 ALUTs              ; Yes        ; |bitcoin_hash|simplified_sha256:generate_sha256_blocks[15].block|h4[21]    ;
; 5:1                ; 256 bits  ; 768 ALUTs     ; 512 ALUTs            ; 256 ALUTs              ; Yes        ; |bitcoin_hash|simplified_sha256:generate_sha256_blocks[15].block|h[9]      ;
; 5:1                ; 32 bits   ; 96 ALUTs      ; 0 ALUTs              ; 96 ALUTs               ; Yes        ; |bitcoin_hash|simplified_sha256:generate_sha256_blocks[15].block|w[15][4]  ;
; 5:1                ; 32 bits   ; 96 ALUTs      ; 0 ALUTs              ; 96 ALUTs               ; Yes        ; |bitcoin_hash|simplified_sha256:generate_sha256_blocks[15].block|w[14][3]  ;
; 5:1                ; 32 bits   ; 96 ALUTs      ; 0 ALUTs              ; 96 ALUTs               ; Yes        ; |bitcoin_hash|simplified_sha256:generate_sha256_blocks[15].block|w[13][31] ;
; 5:1                ; 32 bits   ; 96 ALUTs      ; 0 ALUTs              ; 96 ALUTs               ; Yes        ; |bitcoin_hash|simplified_sha256:generate_sha256_blocks[15].block|w[12][12] ;
; 5:1                ; 32 bits   ; 96 ALUTs      ; 0 ALUTs              ; 96 ALUTs               ; Yes        ; |bitcoin_hash|simplified_sha256:generate_sha256_blocks[15].block|w[11][21] ;
; 5:1                ; 32 bits   ; 96 ALUTs      ; 0 ALUTs              ; 96 ALUTs               ; Yes        ; |bitcoin_hash|simplified_sha256:generate_sha256_blocks[15].block|w[10][5]  ;
; 5:1                ; 32 bits   ; 96 ALUTs      ; 0 ALUTs              ; 96 ALUTs               ; Yes        ; |bitcoin_hash|simplified_sha256:generate_sha256_blocks[15].block|w[9][7]   ;
; 5:1                ; 32 bits   ; 96 ALUTs      ; 0 ALUTs              ; 96 ALUTs               ; Yes        ; |bitcoin_hash|simplified_sha256:generate_sha256_blocks[15].block|w[8][20]  ;
; 5:1                ; 32 bits   ; 96 ALUTs      ; 0 ALUTs              ; 96 ALUTs               ; Yes        ; |bitcoin_hash|simplified_sha256:generate_sha256_blocks[15].block|w[7][8]   ;
; 5:1                ; 32 bits   ; 96 ALUTs      ; 0 ALUTs              ; 96 ALUTs               ; Yes        ; |bitcoin_hash|simplified_sha256:generate_sha256_blocks[15].block|w[6][0]   ;
; 5:1                ; 32 bits   ; 96 ALUTs      ; 0 ALUTs              ; 96 ALUTs               ; Yes        ; |bitcoin_hash|simplified_sha256:generate_sha256_blocks[15].block|w[5][22]  ;
; 5:1                ; 32 bits   ; 96 ALUTs      ; 0 ALUTs              ; 96 ALUTs               ; Yes        ; |bitcoin_hash|simplified_sha256:generate_sha256_blocks[15].block|w[4][16]  ;
; 5:1                ; 32 bits   ; 96 ALUTs      ; 0 ALUTs              ; 96 ALUTs               ; Yes        ; |bitcoin_hash|simplified_sha256:generate_sha256_blocks[15].block|w[3][7]   ;
; 5:1                ; 32 bits   ; 96 ALUTs      ; 0 ALUTs              ; 96 ALUTs               ; Yes        ; |bitcoin_hash|simplified_sha256:generate_sha256_blocks[15].block|w[2][30]  ;
; 5:1                ; 32 bits   ; 96 ALUTs      ; 0 ALUTs              ; 96 ALUTs               ; Yes        ; |bitcoin_hash|simplified_sha256:generate_sha256_blocks[15].block|w[1][28]  ;
; 5:1                ; 32 bits   ; 96 ALUTs      ; 0 ALUTs              ; 96 ALUTs               ; Yes        ; |bitcoin_hash|simplified_sha256:generate_sha256_blocks[15].block|w[0][29]  ;
; 5:1                ; 8 bits    ; 24 ALUTs      ; 0 ALUTs              ; 24 ALUTs               ; Yes        ; |bitcoin_hash|simplified_sha256:generate_sha256_blocks[14].block|tem[7]    ;
; 5:1                ; 256 bits  ; 768 ALUTs     ; 0 ALUTs              ; 768 ALUTs              ; Yes        ; |bitcoin_hash|simplified_sha256:generate_sha256_blocks[14].block|h6[7]     ;
; 5:1                ; 256 bits  ; 768 ALUTs     ; 512 ALUTs            ; 256 ALUTs              ; Yes        ; |bitcoin_hash|simplified_sha256:generate_sha256_blocks[14].block|f[23]     ;
; 5:1                ; 32 bits   ; 96 ALUTs      ; 0 ALUTs              ; 96 ALUTs               ; Yes        ; |bitcoin_hash|simplified_sha256:generate_sha256_blocks[14].block|w[15][13] ;
; 5:1                ; 32 bits   ; 96 ALUTs      ; 0 ALUTs              ; 96 ALUTs               ; Yes        ; |bitcoin_hash|simplified_sha256:generate_sha256_blocks[14].block|w[14][15] ;
; 5:1                ; 32 bits   ; 96 ALUTs      ; 0 ALUTs              ; 96 ALUTs               ; Yes        ; |bitcoin_hash|simplified_sha256:generate_sha256_blocks[14].block|w[13][11] ;
; 5:1                ; 32 bits   ; 96 ALUTs      ; 0 ALUTs              ; 96 ALUTs               ; Yes        ; |bitcoin_hash|simplified_sha256:generate_sha256_blocks[14].block|w[12][15] ;
; 5:1                ; 32 bits   ; 96 ALUTs      ; 0 ALUTs              ; 96 ALUTs               ; Yes        ; |bitcoin_hash|simplified_sha256:generate_sha256_blocks[14].block|w[11][0]  ;
; 5:1                ; 32 bits   ; 96 ALUTs      ; 0 ALUTs              ; 96 ALUTs               ; Yes        ; |bitcoin_hash|simplified_sha256:generate_sha256_blocks[14].block|w[10][4]  ;
; 5:1                ; 32 bits   ; 96 ALUTs      ; 0 ALUTs              ; 96 ALUTs               ; Yes        ; |bitcoin_hash|simplified_sha256:generate_sha256_blocks[14].block|w[9][18]  ;
; 5:1                ; 32 bits   ; 96 ALUTs      ; 0 ALUTs              ; 96 ALUTs               ; Yes        ; |bitcoin_hash|simplified_sha256:generate_sha256_blocks[14].block|w[8][25]  ;
; 5:1                ; 32 bits   ; 96 ALUTs      ; 0 ALUTs              ; 96 ALUTs               ; Yes        ; |bitcoin_hash|simplified_sha256:generate_sha256_blocks[14].block|w[7][21]  ;
; 5:1                ; 32 bits   ; 96 ALUTs      ; 0 ALUTs              ; 96 ALUTs               ; Yes        ; |bitcoin_hash|simplified_sha256:generate_sha256_blocks[14].block|w[6][7]   ;
; 5:1                ; 32 bits   ; 96 ALUTs      ; 0 ALUTs              ; 96 ALUTs               ; Yes        ; |bitcoin_hash|simplified_sha256:generate_sha256_blocks[14].block|w[5][29]  ;
; 5:1                ; 32 bits   ; 96 ALUTs      ; 0 ALUTs              ; 96 ALUTs               ; Yes        ; |bitcoin_hash|simplified_sha256:generate_sha256_blocks[14].block|w[4][0]   ;
; 5:1                ; 32 bits   ; 96 ALUTs      ; 0 ALUTs              ; 96 ALUTs               ; Yes        ; |bitcoin_hash|simplified_sha256:generate_sha256_blocks[14].block|w[3][29]  ;
; 5:1                ; 32 bits   ; 96 ALUTs      ; 0 ALUTs              ; 96 ALUTs               ; Yes        ; |bitcoin_hash|simplified_sha256:generate_sha256_blocks[14].block|w[2][28]  ;
; 5:1                ; 32 bits   ; 96 ALUTs      ; 0 ALUTs              ; 96 ALUTs               ; Yes        ; |bitcoin_hash|simplified_sha256:generate_sha256_blocks[14].block|w[1][9]   ;
; 5:1                ; 32 bits   ; 96 ALUTs      ; 0 ALUTs              ; 96 ALUTs               ; Yes        ; |bitcoin_hash|simplified_sha256:generate_sha256_blocks[14].block|w[0][14]  ;
; 5:1                ; 8 bits    ; 24 ALUTs      ; 0 ALUTs              ; 24 ALUTs               ; Yes        ; |bitcoin_hash|simplified_sha256:generate_sha256_blocks[13].block|tem[5]    ;
; 5:1                ; 256 bits  ; 768 ALUTs     ; 0 ALUTs              ; 768 ALUTs              ; Yes        ; |bitcoin_hash|simplified_sha256:generate_sha256_blocks[13].block|h0[2]     ;
; 5:1                ; 256 bits  ; 768 ALUTs     ; 512 ALUTs            ; 256 ALUTs              ; Yes        ; |bitcoin_hash|simplified_sha256:generate_sha256_blocks[13].block|c[8]      ;
; 5:1                ; 32 bits   ; 96 ALUTs      ; 0 ALUTs              ; 96 ALUTs               ; Yes        ; |bitcoin_hash|simplified_sha256:generate_sha256_blocks[13].block|w[15][15] ;
; 5:1                ; 32 bits   ; 96 ALUTs      ; 0 ALUTs              ; 96 ALUTs               ; Yes        ; |bitcoin_hash|simplified_sha256:generate_sha256_blocks[13].block|w[14][12] ;
; 5:1                ; 32 bits   ; 96 ALUTs      ; 0 ALUTs              ; 96 ALUTs               ; Yes        ; |bitcoin_hash|simplified_sha256:generate_sha256_blocks[13].block|w[13][14] ;
; 5:1                ; 32 bits   ; 96 ALUTs      ; 0 ALUTs              ; 96 ALUTs               ; Yes        ; |bitcoin_hash|simplified_sha256:generate_sha256_blocks[13].block|w[12][16] ;
; 5:1                ; 32 bits   ; 96 ALUTs      ; 0 ALUTs              ; 96 ALUTs               ; Yes        ; |bitcoin_hash|simplified_sha256:generate_sha256_blocks[13].block|w[11][31] ;
; 5:1                ; 32 bits   ; 96 ALUTs      ; 0 ALUTs              ; 96 ALUTs               ; Yes        ; |bitcoin_hash|simplified_sha256:generate_sha256_blocks[13].block|w[10][30] ;
; 5:1                ; 32 bits   ; 96 ALUTs      ; 0 ALUTs              ; 96 ALUTs               ; Yes        ; |bitcoin_hash|simplified_sha256:generate_sha256_blocks[13].block|w[9][29]  ;
; 5:1                ; 32 bits   ; 96 ALUTs      ; 0 ALUTs              ; 96 ALUTs               ; Yes        ; |bitcoin_hash|simplified_sha256:generate_sha256_blocks[13].block|w[8][19]  ;
; 5:1                ; 32 bits   ; 96 ALUTs      ; 0 ALUTs              ; 96 ALUTs               ; Yes        ; |bitcoin_hash|simplified_sha256:generate_sha256_blocks[13].block|w[7][15]  ;
; 5:1                ; 32 bits   ; 96 ALUTs      ; 0 ALUTs              ; 96 ALUTs               ; Yes        ; |bitcoin_hash|simplified_sha256:generate_sha256_blocks[13].block|w[6][0]   ;
; 5:1                ; 32 bits   ; 96 ALUTs      ; 0 ALUTs              ; 96 ALUTs               ; Yes        ; |bitcoin_hash|simplified_sha256:generate_sha256_blocks[13].block|w[5][26]  ;
; 5:1                ; 32 bits   ; 96 ALUTs      ; 0 ALUTs              ; 96 ALUTs               ; Yes        ; |bitcoin_hash|simplified_sha256:generate_sha256_blocks[13].block|w[4][15]  ;
; 5:1                ; 32 bits   ; 96 ALUTs      ; 0 ALUTs              ; 96 ALUTs               ; Yes        ; |bitcoin_hash|simplified_sha256:generate_sha256_blocks[13].block|w[3][8]   ;
; 5:1                ; 32 bits   ; 96 ALUTs      ; 0 ALUTs              ; 96 ALUTs               ; Yes        ; |bitcoin_hash|simplified_sha256:generate_sha256_blocks[13].block|w[2][10]  ;
; 5:1                ; 32 bits   ; 96 ALUTs      ; 0 ALUTs              ; 96 ALUTs               ; Yes        ; |bitcoin_hash|simplified_sha256:generate_sha256_blocks[13].block|w[1][4]   ;
; 5:1                ; 32 bits   ; 96 ALUTs      ; 0 ALUTs              ; 96 ALUTs               ; Yes        ; |bitcoin_hash|simplified_sha256:generate_sha256_blocks[13].block|w[0][21]  ;
; 5:1                ; 8 bits    ; 24 ALUTs      ; 0 ALUTs              ; 24 ALUTs               ; Yes        ; |bitcoin_hash|simplified_sha256:generate_sha256_blocks[12].block|tem[7]    ;
; 5:1                ; 256 bits  ; 768 ALUTs     ; 0 ALUTs              ; 768 ALUTs              ; Yes        ; |bitcoin_hash|simplified_sha256:generate_sha256_blocks[12].block|h7[6]     ;
; 5:1                ; 256 bits  ; 768 ALUTs     ; 512 ALUTs            ; 256 ALUTs              ; Yes        ; |bitcoin_hash|simplified_sha256:generate_sha256_blocks[12].block|f[31]     ;
; 5:1                ; 32 bits   ; 96 ALUTs      ; 0 ALUTs              ; 96 ALUTs               ; Yes        ; |bitcoin_hash|simplified_sha256:generate_sha256_blocks[12].block|w[15][5]  ;
; 5:1                ; 32 bits   ; 96 ALUTs      ; 0 ALUTs              ; 96 ALUTs               ; Yes        ; |bitcoin_hash|simplified_sha256:generate_sha256_blocks[12].block|w[14][29] ;
; 5:1                ; 32 bits   ; 96 ALUTs      ; 0 ALUTs              ; 96 ALUTs               ; Yes        ; |bitcoin_hash|simplified_sha256:generate_sha256_blocks[12].block|w[13][3]  ;
; 5:1                ; 32 bits   ; 96 ALUTs      ; 0 ALUTs              ; 96 ALUTs               ; Yes        ; |bitcoin_hash|simplified_sha256:generate_sha256_blocks[12].block|w[12][27] ;
; 5:1                ; 32 bits   ; 96 ALUTs      ; 0 ALUTs              ; 96 ALUTs               ; Yes        ; |bitcoin_hash|simplified_sha256:generate_sha256_blocks[12].block|w[11][5]  ;
; 5:1                ; 32 bits   ; 96 ALUTs      ; 0 ALUTs              ; 96 ALUTs               ; Yes        ; |bitcoin_hash|simplified_sha256:generate_sha256_blocks[12].block|w[10][3]  ;
; 5:1                ; 32 bits   ; 96 ALUTs      ; 0 ALUTs              ; 96 ALUTs               ; Yes        ; |bitcoin_hash|simplified_sha256:generate_sha256_blocks[12].block|w[9][30]  ;
; 5:1                ; 32 bits   ; 96 ALUTs      ; 0 ALUTs              ; 96 ALUTs               ; Yes        ; |bitcoin_hash|simplified_sha256:generate_sha256_blocks[12].block|w[8][29]  ;
; 5:1                ; 32 bits   ; 96 ALUTs      ; 0 ALUTs              ; 96 ALUTs               ; Yes        ; |bitcoin_hash|simplified_sha256:generate_sha256_blocks[12].block|w[7][29]  ;
; 5:1                ; 32 bits   ; 96 ALUTs      ; 0 ALUTs              ; 96 ALUTs               ; Yes        ; |bitcoin_hash|simplified_sha256:generate_sha256_blocks[12].block|w[6][3]   ;
; 5:1                ; 32 bits   ; 96 ALUTs      ; 0 ALUTs              ; 96 ALUTs               ; Yes        ; |bitcoin_hash|simplified_sha256:generate_sha256_blocks[12].block|w[5][11]  ;
; 5:1                ; 32 bits   ; 96 ALUTs      ; 0 ALUTs              ; 96 ALUTs               ; Yes        ; |bitcoin_hash|simplified_sha256:generate_sha256_blocks[12].block|w[4][11]  ;
; 5:1                ; 32 bits   ; 96 ALUTs      ; 0 ALUTs              ; 96 ALUTs               ; Yes        ; |bitcoin_hash|simplified_sha256:generate_sha256_blocks[12].block|w[3][15]  ;
; 5:1                ; 32 bits   ; 96 ALUTs      ; 0 ALUTs              ; 96 ALUTs               ; Yes        ; |bitcoin_hash|simplified_sha256:generate_sha256_blocks[12].block|w[2][30]  ;
; 5:1                ; 32 bits   ; 96 ALUTs      ; 0 ALUTs              ; 96 ALUTs               ; Yes        ; |bitcoin_hash|simplified_sha256:generate_sha256_blocks[12].block|w[1][27]  ;
; 5:1                ; 32 bits   ; 96 ALUTs      ; 0 ALUTs              ; 96 ALUTs               ; Yes        ; |bitcoin_hash|simplified_sha256:generate_sha256_blocks[12].block|w[0][30]  ;
; 5:1                ; 8 bits    ; 24 ALUTs      ; 0 ALUTs              ; 24 ALUTs               ; Yes        ; |bitcoin_hash|simplified_sha256:generate_sha256_blocks[11].block|tem[5]    ;
; 5:1                ; 256 bits  ; 768 ALUTs     ; 0 ALUTs              ; 768 ALUTs              ; Yes        ; |bitcoin_hash|simplified_sha256:generate_sha256_blocks[11].block|h1[25]    ;
; 5:1                ; 256 bits  ; 768 ALUTs     ; 512 ALUTs            ; 256 ALUTs              ; Yes        ; |bitcoin_hash|simplified_sha256:generate_sha256_blocks[11].block|g[31]     ;
; 5:1                ; 32 bits   ; 96 ALUTs      ; 0 ALUTs              ; 96 ALUTs               ; Yes        ; |bitcoin_hash|simplified_sha256:generate_sha256_blocks[11].block|w[15][20] ;
; 5:1                ; 32 bits   ; 96 ALUTs      ; 0 ALUTs              ; 96 ALUTs               ; Yes        ; |bitcoin_hash|simplified_sha256:generate_sha256_blocks[11].block|w[14][25] ;
; 5:1                ; 32 bits   ; 96 ALUTs      ; 0 ALUTs              ; 96 ALUTs               ; Yes        ; |bitcoin_hash|simplified_sha256:generate_sha256_blocks[11].block|w[13][24] ;
; 5:1                ; 32 bits   ; 96 ALUTs      ; 0 ALUTs              ; 96 ALUTs               ; Yes        ; |bitcoin_hash|simplified_sha256:generate_sha256_blocks[11].block|w[12][20] ;
; 5:1                ; 32 bits   ; 96 ALUTs      ; 0 ALUTs              ; 96 ALUTs               ; Yes        ; |bitcoin_hash|simplified_sha256:generate_sha256_blocks[11].block|w[11][7]  ;
; 5:1                ; 32 bits   ; 96 ALUTs      ; 0 ALUTs              ; 96 ALUTs               ; Yes        ; |bitcoin_hash|simplified_sha256:generate_sha256_blocks[11].block|w[10][20] ;
; 5:1                ; 32 bits   ; 96 ALUTs      ; 0 ALUTs              ; 96 ALUTs               ; Yes        ; |bitcoin_hash|simplified_sha256:generate_sha256_blocks[11].block|w[9][21]  ;
; 5:1                ; 32 bits   ; 96 ALUTs      ; 0 ALUTs              ; 96 ALUTs               ; Yes        ; |bitcoin_hash|simplified_sha256:generate_sha256_blocks[11].block|w[8][30]  ;
; 5:1                ; 32 bits   ; 96 ALUTs      ; 0 ALUTs              ; 96 ALUTs               ; Yes        ; |bitcoin_hash|simplified_sha256:generate_sha256_blocks[11].block|w[7][18]  ;
; 5:1                ; 32 bits   ; 96 ALUTs      ; 0 ALUTs              ; 96 ALUTs               ; Yes        ; |bitcoin_hash|simplified_sha256:generate_sha256_blocks[11].block|w[6][6]   ;
; 5:1                ; 32 bits   ; 96 ALUTs      ; 0 ALUTs              ; 96 ALUTs               ; Yes        ; |bitcoin_hash|simplified_sha256:generate_sha256_blocks[11].block|w[5][23]  ;
; 5:1                ; 32 bits   ; 96 ALUTs      ; 0 ALUTs              ; 96 ALUTs               ; Yes        ; |bitcoin_hash|simplified_sha256:generate_sha256_blocks[11].block|w[4][24]  ;
; 5:1                ; 32 bits   ; 96 ALUTs      ; 0 ALUTs              ; 96 ALUTs               ; Yes        ; |bitcoin_hash|simplified_sha256:generate_sha256_blocks[11].block|w[3][25]  ;
; 5:1                ; 32 bits   ; 96 ALUTs      ; 0 ALUTs              ; 96 ALUTs               ; Yes        ; |bitcoin_hash|simplified_sha256:generate_sha256_blocks[11].block|w[2][6]   ;
; 5:1                ; 32 bits   ; 96 ALUTs      ; 0 ALUTs              ; 96 ALUTs               ; Yes        ; |bitcoin_hash|simplified_sha256:generate_sha256_blocks[11].block|w[1][10]  ;
; 5:1                ; 32 bits   ; 96 ALUTs      ; 0 ALUTs              ; 96 ALUTs               ; Yes        ; |bitcoin_hash|simplified_sha256:generate_sha256_blocks[11].block|w[0][11]  ;
; 5:1                ; 8 bits    ; 24 ALUTs      ; 0 ALUTs              ; 24 ALUTs               ; Yes        ; |bitcoin_hash|simplified_sha256:generate_sha256_blocks[10].block|tem[6]    ;
; 5:1                ; 256 bits  ; 768 ALUTs     ; 0 ALUTs              ; 768 ALUTs              ; Yes        ; |bitcoin_hash|simplified_sha256:generate_sha256_blocks[10].block|h6[24]    ;
; 5:1                ; 256 bits  ; 768 ALUTs     ; 512 ALUTs            ; 256 ALUTs              ; Yes        ; |bitcoin_hash|simplified_sha256:generate_sha256_blocks[10].block|f[8]      ;
; 5:1                ; 32 bits   ; 96 ALUTs      ; 0 ALUTs              ; 96 ALUTs               ; Yes        ; |bitcoin_hash|simplified_sha256:generate_sha256_blocks[10].block|w[15][5]  ;
; 5:1                ; 32 bits   ; 96 ALUTs      ; 0 ALUTs              ; 96 ALUTs               ; Yes        ; |bitcoin_hash|simplified_sha256:generate_sha256_blocks[10].block|w[14][29] ;
; 5:1                ; 32 bits   ; 96 ALUTs      ; 0 ALUTs              ; 96 ALUTs               ; Yes        ; |bitcoin_hash|simplified_sha256:generate_sha256_blocks[10].block|w[13][21] ;
; 5:1                ; 32 bits   ; 96 ALUTs      ; 0 ALUTs              ; 96 ALUTs               ; Yes        ; |bitcoin_hash|simplified_sha256:generate_sha256_blocks[10].block|w[12][15] ;
; 5:1                ; 32 bits   ; 96 ALUTs      ; 0 ALUTs              ; 96 ALUTs               ; Yes        ; |bitcoin_hash|simplified_sha256:generate_sha256_blocks[10].block|w[11][27] ;
; 5:1                ; 32 bits   ; 96 ALUTs      ; 0 ALUTs              ; 96 ALUTs               ; Yes        ; |bitcoin_hash|simplified_sha256:generate_sha256_blocks[10].block|w[10][18] ;
; 5:1                ; 32 bits   ; 96 ALUTs      ; 0 ALUTs              ; 96 ALUTs               ; Yes        ; |bitcoin_hash|simplified_sha256:generate_sha256_blocks[10].block|w[9][21]  ;
; 5:1                ; 32 bits   ; 96 ALUTs      ; 0 ALUTs              ; 96 ALUTs               ; Yes        ; |bitcoin_hash|simplified_sha256:generate_sha256_blocks[10].block|w[8][2]   ;
; 5:1                ; 32 bits   ; 96 ALUTs      ; 0 ALUTs              ; 96 ALUTs               ; Yes        ; |bitcoin_hash|simplified_sha256:generate_sha256_blocks[10].block|w[7][31]  ;
; 5:1                ; 32 bits   ; 96 ALUTs      ; 0 ALUTs              ; 96 ALUTs               ; Yes        ; |bitcoin_hash|simplified_sha256:generate_sha256_blocks[10].block|w[6][31]  ;
; 5:1                ; 32 bits   ; 96 ALUTs      ; 0 ALUTs              ; 96 ALUTs               ; Yes        ; |bitcoin_hash|simplified_sha256:generate_sha256_blocks[10].block|w[5][9]   ;
; 5:1                ; 32 bits   ; 96 ALUTs      ; 0 ALUTs              ; 96 ALUTs               ; Yes        ; |bitcoin_hash|simplified_sha256:generate_sha256_blocks[10].block|w[4][31]  ;
; 5:1                ; 32 bits   ; 96 ALUTs      ; 0 ALUTs              ; 96 ALUTs               ; Yes        ; |bitcoin_hash|simplified_sha256:generate_sha256_blocks[10].block|w[3][18]  ;
; 5:1                ; 32 bits   ; 96 ALUTs      ; 0 ALUTs              ; 96 ALUTs               ; Yes        ; |bitcoin_hash|simplified_sha256:generate_sha256_blocks[10].block|w[2][25]  ;
; 5:1                ; 32 bits   ; 96 ALUTs      ; 0 ALUTs              ; 96 ALUTs               ; Yes        ; |bitcoin_hash|simplified_sha256:generate_sha256_blocks[10].block|w[1][18]  ;
; 5:1                ; 32 bits   ; 96 ALUTs      ; 0 ALUTs              ; 96 ALUTs               ; Yes        ; |bitcoin_hash|simplified_sha256:generate_sha256_blocks[10].block|w[0][10]  ;
; 5:1                ; 8 bits    ; 24 ALUTs      ; 0 ALUTs              ; 24 ALUTs               ; Yes        ; |bitcoin_hash|simplified_sha256:generate_sha256_blocks[9].block|tem[0]     ;
; 5:1                ; 256 bits  ; 768 ALUTs     ; 0 ALUTs              ; 768 ALUTs              ; Yes        ; |bitcoin_hash|simplified_sha256:generate_sha256_blocks[9].block|h7[30]     ;
; 5:1                ; 256 bits  ; 768 ALUTs     ; 512 ALUTs            ; 256 ALUTs              ; Yes        ; |bitcoin_hash|simplified_sha256:generate_sha256_blocks[9].block|a[11]      ;
; 5:1                ; 32 bits   ; 96 ALUTs      ; 0 ALUTs              ; 96 ALUTs               ; Yes        ; |bitcoin_hash|simplified_sha256:generate_sha256_blocks[9].block|w[15][7]   ;
; 5:1                ; 32 bits   ; 96 ALUTs      ; 0 ALUTs              ; 96 ALUTs               ; Yes        ; |bitcoin_hash|simplified_sha256:generate_sha256_blocks[9].block|w[14][18]  ;
; 5:1                ; 32 bits   ; 96 ALUTs      ; 0 ALUTs              ; 96 ALUTs               ; Yes        ; |bitcoin_hash|simplified_sha256:generate_sha256_blocks[9].block|w[13][24]  ;
; 5:1                ; 32 bits   ; 96 ALUTs      ; 0 ALUTs              ; 96 ALUTs               ; Yes        ; |bitcoin_hash|simplified_sha256:generate_sha256_blocks[9].block|w[12][9]   ;
; 5:1                ; 32 bits   ; 96 ALUTs      ; 0 ALUTs              ; 96 ALUTs               ; Yes        ; |bitcoin_hash|simplified_sha256:generate_sha256_blocks[9].block|w[11][25]  ;
; 5:1                ; 32 bits   ; 96 ALUTs      ; 0 ALUTs              ; 96 ALUTs               ; Yes        ; |bitcoin_hash|simplified_sha256:generate_sha256_blocks[9].block|w[10][30]  ;
; 5:1                ; 32 bits   ; 96 ALUTs      ; 0 ALUTs              ; 96 ALUTs               ; Yes        ; |bitcoin_hash|simplified_sha256:generate_sha256_blocks[9].block|w[9][23]   ;
; 5:1                ; 32 bits   ; 96 ALUTs      ; 0 ALUTs              ; 96 ALUTs               ; Yes        ; |bitcoin_hash|simplified_sha256:generate_sha256_blocks[9].block|w[8][5]    ;
; 5:1                ; 32 bits   ; 96 ALUTs      ; 0 ALUTs              ; 96 ALUTs               ; Yes        ; |bitcoin_hash|simplified_sha256:generate_sha256_blocks[9].block|w[7][0]    ;
; 5:1                ; 32 bits   ; 96 ALUTs      ; 0 ALUTs              ; 96 ALUTs               ; Yes        ; |bitcoin_hash|simplified_sha256:generate_sha256_blocks[9].block|w[6][22]   ;
; 5:1                ; 32 bits   ; 96 ALUTs      ; 0 ALUTs              ; 96 ALUTs               ; Yes        ; |bitcoin_hash|simplified_sha256:generate_sha256_blocks[9].block|w[5][2]    ;
; 5:1                ; 32 bits   ; 96 ALUTs      ; 0 ALUTs              ; 96 ALUTs               ; Yes        ; |bitcoin_hash|simplified_sha256:generate_sha256_blocks[9].block|w[4][27]   ;
; 5:1                ; 32 bits   ; 96 ALUTs      ; 0 ALUTs              ; 96 ALUTs               ; Yes        ; |bitcoin_hash|simplified_sha256:generate_sha256_blocks[9].block|w[3][11]   ;
; 5:1                ; 32 bits   ; 96 ALUTs      ; 0 ALUTs              ; 96 ALUTs               ; Yes        ; |bitcoin_hash|simplified_sha256:generate_sha256_blocks[9].block|w[2][28]   ;
; 5:1                ; 32 bits   ; 96 ALUTs      ; 0 ALUTs              ; 96 ALUTs               ; Yes        ; |bitcoin_hash|simplified_sha256:generate_sha256_blocks[9].block|w[1][21]   ;
; 5:1                ; 32 bits   ; 96 ALUTs      ; 0 ALUTs              ; 96 ALUTs               ; Yes        ; |bitcoin_hash|simplified_sha256:generate_sha256_blocks[9].block|w[0][22]   ;
; 5:1                ; 8 bits    ; 24 ALUTs      ; 0 ALUTs              ; 24 ALUTs               ; Yes        ; |bitcoin_hash|simplified_sha256:generate_sha256_blocks[8].block|tem[2]     ;
; 5:1                ; 256 bits  ; 768 ALUTs     ; 0 ALUTs              ; 768 ALUTs              ; Yes        ; |bitcoin_hash|simplified_sha256:generate_sha256_blocks[8].block|h7[12]     ;
; 5:1                ; 256 bits  ; 768 ALUTs     ; 512 ALUTs            ; 256 ALUTs              ; Yes        ; |bitcoin_hash|simplified_sha256:generate_sha256_blocks[8].block|d[0]       ;
; 5:1                ; 32 bits   ; 96 ALUTs      ; 0 ALUTs              ; 96 ALUTs               ; Yes        ; |bitcoin_hash|simplified_sha256:generate_sha256_blocks[8].block|w[15][27]  ;
; 5:1                ; 32 bits   ; 96 ALUTs      ; 0 ALUTs              ; 96 ALUTs               ; Yes        ; |bitcoin_hash|simplified_sha256:generate_sha256_blocks[8].block|w[14][2]   ;
; 5:1                ; 32 bits   ; 96 ALUTs      ; 0 ALUTs              ; 96 ALUTs               ; Yes        ; |bitcoin_hash|simplified_sha256:generate_sha256_blocks[8].block|w[13][27]  ;
; 5:1                ; 32 bits   ; 96 ALUTs      ; 0 ALUTs              ; 96 ALUTs               ; Yes        ; |bitcoin_hash|simplified_sha256:generate_sha256_blocks[8].block|w[12][24]  ;
; 5:1                ; 32 bits   ; 96 ALUTs      ; 0 ALUTs              ; 96 ALUTs               ; Yes        ; |bitcoin_hash|simplified_sha256:generate_sha256_blocks[8].block|w[11][25]  ;
; 5:1                ; 32 bits   ; 96 ALUTs      ; 0 ALUTs              ; 96 ALUTs               ; Yes        ; |bitcoin_hash|simplified_sha256:generate_sha256_blocks[8].block|w[10][30]  ;
; 5:1                ; 32 bits   ; 96 ALUTs      ; 0 ALUTs              ; 96 ALUTs               ; Yes        ; |bitcoin_hash|simplified_sha256:generate_sha256_blocks[8].block|w[9][9]    ;
; 5:1                ; 32 bits   ; 96 ALUTs      ; 0 ALUTs              ; 96 ALUTs               ; Yes        ; |bitcoin_hash|simplified_sha256:generate_sha256_blocks[8].block|w[8][14]   ;
; 5:1                ; 32 bits   ; 96 ALUTs      ; 0 ALUTs              ; 96 ALUTs               ; Yes        ; |bitcoin_hash|simplified_sha256:generate_sha256_blocks[8].block|w[7][30]   ;
; 5:1                ; 32 bits   ; 96 ALUTs      ; 0 ALUTs              ; 96 ALUTs               ; Yes        ; |bitcoin_hash|simplified_sha256:generate_sha256_blocks[8].block|w[6][7]    ;
; 5:1                ; 32 bits   ; 96 ALUTs      ; 0 ALUTs              ; 96 ALUTs               ; Yes        ; |bitcoin_hash|simplified_sha256:generate_sha256_blocks[8].block|w[5][19]   ;
; 5:1                ; 32 bits   ; 96 ALUTs      ; 0 ALUTs              ; 96 ALUTs               ; Yes        ; |bitcoin_hash|simplified_sha256:generate_sha256_blocks[8].block|w[4][19]   ;
; 5:1                ; 32 bits   ; 96 ALUTs      ; 0 ALUTs              ; 96 ALUTs               ; Yes        ; |bitcoin_hash|simplified_sha256:generate_sha256_blocks[8].block|w[3][29]   ;
; 5:1                ; 32 bits   ; 96 ALUTs      ; 0 ALUTs              ; 96 ALUTs               ; Yes        ; |bitcoin_hash|simplified_sha256:generate_sha256_blocks[8].block|w[2][26]   ;
; 5:1                ; 32 bits   ; 96 ALUTs      ; 0 ALUTs              ; 96 ALUTs               ; Yes        ; |bitcoin_hash|simplified_sha256:generate_sha256_blocks[8].block|w[1][11]   ;
; 5:1                ; 32 bits   ; 96 ALUTs      ; 0 ALUTs              ; 96 ALUTs               ; Yes        ; |bitcoin_hash|simplified_sha256:generate_sha256_blocks[8].block|w[0][13]   ;
; 5:1                ; 8 bits    ; 24 ALUTs      ; 0 ALUTs              ; 24 ALUTs               ; Yes        ; |bitcoin_hash|simplified_sha256:generate_sha256_blocks[7].block|tem[4]     ;
; 5:1                ; 256 bits  ; 768 ALUTs     ; 0 ALUTs              ; 768 ALUTs              ; Yes        ; |bitcoin_hash|simplified_sha256:generate_sha256_blocks[7].block|h1[6]      ;
; 5:1                ; 256 bits  ; 768 ALUTs     ; 512 ALUTs            ; 256 ALUTs              ; Yes        ; |bitcoin_hash|simplified_sha256:generate_sha256_blocks[7].block|h[24]      ;
; 5:1                ; 32 bits   ; 96 ALUTs      ; 0 ALUTs              ; 96 ALUTs               ; Yes        ; |bitcoin_hash|simplified_sha256:generate_sha256_blocks[7].block|w[15][31]  ;
; 5:1                ; 32 bits   ; 96 ALUTs      ; 0 ALUTs              ; 96 ALUTs               ; Yes        ; |bitcoin_hash|simplified_sha256:generate_sha256_blocks[7].block|w[14][12]  ;
; 5:1                ; 32 bits   ; 96 ALUTs      ; 0 ALUTs              ; 96 ALUTs               ; Yes        ; |bitcoin_hash|simplified_sha256:generate_sha256_blocks[7].block|w[13][17]  ;
; 5:1                ; 32 bits   ; 96 ALUTs      ; 0 ALUTs              ; 96 ALUTs               ; Yes        ; |bitcoin_hash|simplified_sha256:generate_sha256_blocks[7].block|w[12][3]   ;
; 5:1                ; 32 bits   ; 96 ALUTs      ; 0 ALUTs              ; 96 ALUTs               ; Yes        ; |bitcoin_hash|simplified_sha256:generate_sha256_blocks[7].block|w[11][29]  ;
; 5:1                ; 32 bits   ; 96 ALUTs      ; 0 ALUTs              ; 96 ALUTs               ; Yes        ; |bitcoin_hash|simplified_sha256:generate_sha256_blocks[7].block|w[10][24]  ;
; 5:1                ; 32 bits   ; 96 ALUTs      ; 0 ALUTs              ; 96 ALUTs               ; Yes        ; |bitcoin_hash|simplified_sha256:generate_sha256_blocks[7].block|w[9][22]   ;
; 5:1                ; 32 bits   ; 96 ALUTs      ; 0 ALUTs              ; 96 ALUTs               ; Yes        ; |bitcoin_hash|simplified_sha256:generate_sha256_blocks[7].block|w[8][31]   ;
; 5:1                ; 32 bits   ; 96 ALUTs      ; 0 ALUTs              ; 96 ALUTs               ; Yes        ; |bitcoin_hash|simplified_sha256:generate_sha256_blocks[7].block|w[7][20]   ;
; 5:1                ; 32 bits   ; 96 ALUTs      ; 0 ALUTs              ; 96 ALUTs               ; Yes        ; |bitcoin_hash|simplified_sha256:generate_sha256_blocks[7].block|w[6][5]    ;
; 5:1                ; 32 bits   ; 96 ALUTs      ; 0 ALUTs              ; 96 ALUTs               ; Yes        ; |bitcoin_hash|simplified_sha256:generate_sha256_blocks[7].block|w[5][0]    ;
; 5:1                ; 32 bits   ; 96 ALUTs      ; 0 ALUTs              ; 96 ALUTs               ; Yes        ; |bitcoin_hash|simplified_sha256:generate_sha256_blocks[7].block|w[4][16]   ;
; 5:1                ; 32 bits   ; 96 ALUTs      ; 0 ALUTs              ; 96 ALUTs               ; Yes        ; |bitcoin_hash|simplified_sha256:generate_sha256_blocks[7].block|w[3][25]   ;
; 5:1                ; 32 bits   ; 96 ALUTs      ; 0 ALUTs              ; 96 ALUTs               ; Yes        ; |bitcoin_hash|simplified_sha256:generate_sha256_blocks[7].block|w[2][4]    ;
; 5:1                ; 32 bits   ; 96 ALUTs      ; 0 ALUTs              ; 96 ALUTs               ; Yes        ; |bitcoin_hash|simplified_sha256:generate_sha256_blocks[7].block|w[1][12]   ;
; 5:1                ; 32 bits   ; 96 ALUTs      ; 0 ALUTs              ; 96 ALUTs               ; Yes        ; |bitcoin_hash|simplified_sha256:generate_sha256_blocks[7].block|w[0][7]    ;
; 5:1                ; 8 bits    ; 24 ALUTs      ; 0 ALUTs              ; 24 ALUTs               ; Yes        ; |bitcoin_hash|simplified_sha256:generate_sha256_blocks[6].block|tem[3]     ;
; 5:1                ; 256 bits  ; 768 ALUTs     ; 0 ALUTs              ; 768 ALUTs              ; Yes        ; |bitcoin_hash|simplified_sha256:generate_sha256_blocks[6].block|h2[31]     ;
; 5:1                ; 256 bits  ; 768 ALUTs     ; 512 ALUTs            ; 256 ALUTs              ; Yes        ; |bitcoin_hash|simplified_sha256:generate_sha256_blocks[6].block|b[15]      ;
; 5:1                ; 32 bits   ; 96 ALUTs      ; 0 ALUTs              ; 96 ALUTs               ; Yes        ; |bitcoin_hash|simplified_sha256:generate_sha256_blocks[6].block|w[15][24]  ;
; 5:1                ; 32 bits   ; 96 ALUTs      ; 0 ALUTs              ; 96 ALUTs               ; Yes        ; |bitcoin_hash|simplified_sha256:generate_sha256_blocks[6].block|w[14][26]  ;
; 5:1                ; 32 bits   ; 96 ALUTs      ; 0 ALUTs              ; 96 ALUTs               ; Yes        ; |bitcoin_hash|simplified_sha256:generate_sha256_blocks[6].block|w[13][0]   ;
; 5:1                ; 32 bits   ; 96 ALUTs      ; 0 ALUTs              ; 96 ALUTs               ; Yes        ; |bitcoin_hash|simplified_sha256:generate_sha256_blocks[6].block|w[12][17]  ;
; 5:1                ; 32 bits   ; 96 ALUTs      ; 0 ALUTs              ; 96 ALUTs               ; Yes        ; |bitcoin_hash|simplified_sha256:generate_sha256_blocks[6].block|w[11][16]  ;
; 5:1                ; 32 bits   ; 96 ALUTs      ; 0 ALUTs              ; 96 ALUTs               ; Yes        ; |bitcoin_hash|simplified_sha256:generate_sha256_blocks[6].block|w[10][31]  ;
; 5:1                ; 32 bits   ; 96 ALUTs      ; 0 ALUTs              ; 96 ALUTs               ; Yes        ; |bitcoin_hash|simplified_sha256:generate_sha256_blocks[6].block|w[9][28]   ;
; 5:1                ; 32 bits   ; 96 ALUTs      ; 0 ALUTs              ; 96 ALUTs               ; Yes        ; |bitcoin_hash|simplified_sha256:generate_sha256_blocks[6].block|w[8][0]    ;
; 5:1                ; 32 bits   ; 96 ALUTs      ; 0 ALUTs              ; 96 ALUTs               ; Yes        ; |bitcoin_hash|simplified_sha256:generate_sha256_blocks[6].block|w[7][17]   ;
; 5:1                ; 32 bits   ; 96 ALUTs      ; 0 ALUTs              ; 96 ALUTs               ; Yes        ; |bitcoin_hash|simplified_sha256:generate_sha256_blocks[6].block|w[6][31]   ;
; 5:1                ; 32 bits   ; 96 ALUTs      ; 0 ALUTs              ; 96 ALUTs               ; Yes        ; |bitcoin_hash|simplified_sha256:generate_sha256_blocks[6].block|w[5][22]   ;
; 5:1                ; 32 bits   ; 96 ALUTs      ; 0 ALUTs              ; 96 ALUTs               ; Yes        ; |bitcoin_hash|simplified_sha256:generate_sha256_blocks[6].block|w[4][0]    ;
; 5:1                ; 32 bits   ; 96 ALUTs      ; 0 ALUTs              ; 96 ALUTs               ; Yes        ; |bitcoin_hash|simplified_sha256:generate_sha256_blocks[6].block|w[3][17]   ;
; 5:1                ; 32 bits   ; 96 ALUTs      ; 0 ALUTs              ; 96 ALUTs               ; Yes        ; |bitcoin_hash|simplified_sha256:generate_sha256_blocks[6].block|w[2][14]   ;
; 5:1                ; 32 bits   ; 96 ALUTs      ; 0 ALUTs              ; 96 ALUTs               ; Yes        ; |bitcoin_hash|simplified_sha256:generate_sha256_blocks[6].block|w[1][18]   ;
; 5:1                ; 32 bits   ; 96 ALUTs      ; 0 ALUTs              ; 96 ALUTs               ; Yes        ; |bitcoin_hash|simplified_sha256:generate_sha256_blocks[6].block|w[0][1]    ;
; 5:1                ; 8 bits    ; 24 ALUTs      ; 0 ALUTs              ; 24 ALUTs               ; Yes        ; |bitcoin_hash|simplified_sha256:generate_sha256_blocks[5].block|tem[2]     ;
; 5:1                ; 256 bits  ; 768 ALUTs     ; 0 ALUTs              ; 768 ALUTs              ; Yes        ; |bitcoin_hash|simplified_sha256:generate_sha256_blocks[5].block|h3[14]     ;
; 5:1                ; 256 bits  ; 768 ALUTs     ; 512 ALUTs            ; 256 ALUTs              ; Yes        ; |bitcoin_hash|simplified_sha256:generate_sha256_blocks[5].block|f[30]      ;
; 5:1                ; 32 bits   ; 96 ALUTs      ; 0 ALUTs              ; 96 ALUTs               ; Yes        ; |bitcoin_hash|simplified_sha256:generate_sha256_blocks[5].block|w[15][25]  ;
; 5:1                ; 32 bits   ; 96 ALUTs      ; 0 ALUTs              ; 96 ALUTs               ; Yes        ; |bitcoin_hash|simplified_sha256:generate_sha256_blocks[5].block|w[14][19]  ;
; 5:1                ; 32 bits   ; 96 ALUTs      ; 0 ALUTs              ; 96 ALUTs               ; Yes        ; |bitcoin_hash|simplified_sha256:generate_sha256_blocks[5].block|w[13][29]  ;
; 5:1                ; 32 bits   ; 96 ALUTs      ; 0 ALUTs              ; 96 ALUTs               ; Yes        ; |bitcoin_hash|simplified_sha256:generate_sha256_blocks[5].block|w[12][31]  ;
; 5:1                ; 32 bits   ; 96 ALUTs      ; 0 ALUTs              ; 96 ALUTs               ; Yes        ; |bitcoin_hash|simplified_sha256:generate_sha256_blocks[5].block|w[11][0]   ;
; 5:1                ; 32 bits   ; 96 ALUTs      ; 0 ALUTs              ; 96 ALUTs               ; Yes        ; |bitcoin_hash|simplified_sha256:generate_sha256_blocks[5].block|w[10][22]  ;
; 5:1                ; 32 bits   ; 96 ALUTs      ; 0 ALUTs              ; 96 ALUTs               ; Yes        ; |bitcoin_hash|simplified_sha256:generate_sha256_blocks[5].block|w[9][8]    ;
; 5:1                ; 32 bits   ; 96 ALUTs      ; 0 ALUTs              ; 96 ALUTs               ; Yes        ; |bitcoin_hash|simplified_sha256:generate_sha256_blocks[5].block|w[8][2]    ;
; 5:1                ; 32 bits   ; 96 ALUTs      ; 0 ALUTs              ; 96 ALUTs               ; Yes        ; |bitcoin_hash|simplified_sha256:generate_sha256_blocks[5].block|w[7][12]   ;
; 5:1                ; 32 bits   ; 96 ALUTs      ; 0 ALUTs              ; 96 ALUTs               ; Yes        ; |bitcoin_hash|simplified_sha256:generate_sha256_blocks[5].block|w[6][31]   ;
; 5:1                ; 32 bits   ; 96 ALUTs      ; 0 ALUTs              ; 96 ALUTs               ; Yes        ; |bitcoin_hash|simplified_sha256:generate_sha256_blocks[5].block|w[5][0]    ;
; 5:1                ; 32 bits   ; 96 ALUTs      ; 0 ALUTs              ; 96 ALUTs               ; Yes        ; |bitcoin_hash|simplified_sha256:generate_sha256_blocks[5].block|w[4][8]    ;
; 5:1                ; 32 bits   ; 96 ALUTs      ; 0 ALUTs              ; 96 ALUTs               ; Yes        ; |bitcoin_hash|simplified_sha256:generate_sha256_blocks[5].block|w[3][29]   ;
; 5:1                ; 32 bits   ; 96 ALUTs      ; 0 ALUTs              ; 96 ALUTs               ; Yes        ; |bitcoin_hash|simplified_sha256:generate_sha256_blocks[5].block|w[2][13]   ;
; 5:1                ; 32 bits   ; 96 ALUTs      ; 0 ALUTs              ; 96 ALUTs               ; Yes        ; |bitcoin_hash|simplified_sha256:generate_sha256_blocks[5].block|w[1][26]   ;
; 5:1                ; 32 bits   ; 96 ALUTs      ; 0 ALUTs              ; 96 ALUTs               ; Yes        ; |bitcoin_hash|simplified_sha256:generate_sha256_blocks[5].block|w[0][12]   ;
; 5:1                ; 8 bits    ; 24 ALUTs      ; 0 ALUTs              ; 24 ALUTs               ; Yes        ; |bitcoin_hash|simplified_sha256:generate_sha256_blocks[4].block|tem[5]     ;
; 5:1                ; 256 bits  ; 768 ALUTs     ; 0 ALUTs              ; 768 ALUTs              ; Yes        ; |bitcoin_hash|simplified_sha256:generate_sha256_blocks[4].block|h4[29]     ;
; 5:1                ; 256 bits  ; 768 ALUTs     ; 512 ALUTs            ; 256 ALUTs              ; Yes        ; |bitcoin_hash|simplified_sha256:generate_sha256_blocks[4].block|c[26]      ;
; 5:1                ; 32 bits   ; 96 ALUTs      ; 0 ALUTs              ; 96 ALUTs               ; Yes        ; |bitcoin_hash|simplified_sha256:generate_sha256_blocks[4].block|w[15][22]  ;
; 5:1                ; 32 bits   ; 96 ALUTs      ; 0 ALUTs              ; 96 ALUTs               ; Yes        ; |bitcoin_hash|simplified_sha256:generate_sha256_blocks[4].block|w[14][1]   ;
; 5:1                ; 32 bits   ; 96 ALUTs      ; 0 ALUTs              ; 96 ALUTs               ; Yes        ; |bitcoin_hash|simplified_sha256:generate_sha256_blocks[4].block|w[13][24]  ;
; 5:1                ; 32 bits   ; 96 ALUTs      ; 0 ALUTs              ; 96 ALUTs               ; Yes        ; |bitcoin_hash|simplified_sha256:generate_sha256_blocks[4].block|w[12][27]  ;
; 5:1                ; 32 bits   ; 96 ALUTs      ; 0 ALUTs              ; 96 ALUTs               ; Yes        ; |bitcoin_hash|simplified_sha256:generate_sha256_blocks[4].block|w[11][23]  ;
; 5:1                ; 32 bits   ; 96 ALUTs      ; 0 ALUTs              ; 96 ALUTs               ; Yes        ; |bitcoin_hash|simplified_sha256:generate_sha256_blocks[4].block|w[10][26]  ;
; 5:1                ; 32 bits   ; 96 ALUTs      ; 0 ALUTs              ; 96 ALUTs               ; Yes        ; |bitcoin_hash|simplified_sha256:generate_sha256_blocks[4].block|w[9][13]   ;
; 5:1                ; 32 bits   ; 96 ALUTs      ; 0 ALUTs              ; 96 ALUTs               ; Yes        ; |bitcoin_hash|simplified_sha256:generate_sha256_blocks[4].block|w[8][31]   ;
; 5:1                ; 32 bits   ; 96 ALUTs      ; 0 ALUTs              ; 96 ALUTs               ; Yes        ; |bitcoin_hash|simplified_sha256:generate_sha256_blocks[4].block|w[7][2]    ;
; 5:1                ; 32 bits   ; 96 ALUTs      ; 0 ALUTs              ; 96 ALUTs               ; Yes        ; |bitcoin_hash|simplified_sha256:generate_sha256_blocks[4].block|w[6][23]   ;
; 5:1                ; 32 bits   ; 96 ALUTs      ; 0 ALUTs              ; 96 ALUTs               ; Yes        ; |bitcoin_hash|simplified_sha256:generate_sha256_blocks[4].block|w[5][18]   ;
; 5:1                ; 32 bits   ; 96 ALUTs      ; 0 ALUTs              ; 96 ALUTs               ; Yes        ; |bitcoin_hash|simplified_sha256:generate_sha256_blocks[4].block|w[4][23]   ;
; 5:1                ; 32 bits   ; 96 ALUTs      ; 0 ALUTs              ; 96 ALUTs               ; Yes        ; |bitcoin_hash|simplified_sha256:generate_sha256_blocks[4].block|w[3][30]   ;
; 5:1                ; 32 bits   ; 96 ALUTs      ; 0 ALUTs              ; 96 ALUTs               ; Yes        ; |bitcoin_hash|simplified_sha256:generate_sha256_blocks[4].block|w[2][3]    ;
; 5:1                ; 32 bits   ; 96 ALUTs      ; 0 ALUTs              ; 96 ALUTs               ; Yes        ; |bitcoin_hash|simplified_sha256:generate_sha256_blocks[4].block|w[1][27]   ;
; 5:1                ; 32 bits   ; 96 ALUTs      ; 0 ALUTs              ; 96 ALUTs               ; Yes        ; |bitcoin_hash|simplified_sha256:generate_sha256_blocks[4].block|w[0][31]   ;
; 5:1                ; 8 bits    ; 24 ALUTs      ; 0 ALUTs              ; 24 ALUTs               ; Yes        ; |bitcoin_hash|simplified_sha256:generate_sha256_blocks[3].block|tem[6]     ;
; 5:1                ; 256 bits  ; 768 ALUTs     ; 0 ALUTs              ; 768 ALUTs              ; Yes        ; |bitcoin_hash|simplified_sha256:generate_sha256_blocks[3].block|h3[0]      ;
; 5:1                ; 256 bits  ; 768 ALUTs     ; 512 ALUTs            ; 256 ALUTs              ; Yes        ; |bitcoin_hash|simplified_sha256:generate_sha256_blocks[3].block|h[18]      ;
; 5:1                ; 32 bits   ; 96 ALUTs      ; 0 ALUTs              ; 96 ALUTs               ; Yes        ; |bitcoin_hash|simplified_sha256:generate_sha256_blocks[3].block|w[15][17]  ;
; 5:1                ; 32 bits   ; 96 ALUTs      ; 0 ALUTs              ; 96 ALUTs               ; Yes        ; |bitcoin_hash|simplified_sha256:generate_sha256_blocks[3].block|w[14][19]  ;
; 5:1                ; 32 bits   ; 96 ALUTs      ; 0 ALUTs              ; 96 ALUTs               ; Yes        ; |bitcoin_hash|simplified_sha256:generate_sha256_blocks[3].block|w[13][15]  ;
; 5:1                ; 32 bits   ; 96 ALUTs      ; 0 ALUTs              ; 96 ALUTs               ; Yes        ; |bitcoin_hash|simplified_sha256:generate_sha256_blocks[3].block|w[12][31]  ;
; 5:1                ; 32 bits   ; 96 ALUTs      ; 0 ALUTs              ; 96 ALUTs               ; Yes        ; |bitcoin_hash|simplified_sha256:generate_sha256_blocks[3].block|w[11][8]   ;
; 5:1                ; 32 bits   ; 96 ALUTs      ; 0 ALUTs              ; 96 ALUTs               ; Yes        ; |bitcoin_hash|simplified_sha256:generate_sha256_blocks[3].block|w[10][4]   ;
; 5:1                ; 32 bits   ; 96 ALUTs      ; 0 ALUTs              ; 96 ALUTs               ; Yes        ; |bitcoin_hash|simplified_sha256:generate_sha256_blocks[3].block|w[9][1]    ;
; 5:1                ; 32 bits   ; 96 ALUTs      ; 0 ALUTs              ; 96 ALUTs               ; Yes        ; |bitcoin_hash|simplified_sha256:generate_sha256_blocks[3].block|w[8][15]   ;
; 5:1                ; 32 bits   ; 96 ALUTs      ; 0 ALUTs              ; 96 ALUTs               ; Yes        ; |bitcoin_hash|simplified_sha256:generate_sha256_blocks[3].block|w[7][20]   ;
; 5:1                ; 32 bits   ; 96 ALUTs      ; 0 ALUTs              ; 96 ALUTs               ; Yes        ; |bitcoin_hash|simplified_sha256:generate_sha256_blocks[3].block|w[6][30]   ;
; 5:1                ; 32 bits   ; 96 ALUTs      ; 0 ALUTs              ; 96 ALUTs               ; Yes        ; |bitcoin_hash|simplified_sha256:generate_sha256_blocks[3].block|w[5][8]    ;
; 5:1                ; 32 bits   ; 96 ALUTs      ; 0 ALUTs              ; 96 ALUTs               ; Yes        ; |bitcoin_hash|simplified_sha256:generate_sha256_blocks[3].block|w[4][19]   ;
; 5:1                ; 32 bits   ; 96 ALUTs      ; 0 ALUTs              ; 96 ALUTs               ; Yes        ; |bitcoin_hash|simplified_sha256:generate_sha256_blocks[3].block|w[3][5]    ;
; 5:1                ; 32 bits   ; 96 ALUTs      ; 0 ALUTs              ; 96 ALUTs               ; Yes        ; |bitcoin_hash|simplified_sha256:generate_sha256_blocks[3].block|w[2][11]   ;
; 5:1                ; 32 bits   ; 96 ALUTs      ; 0 ALUTs              ; 96 ALUTs               ; Yes        ; |bitcoin_hash|simplified_sha256:generate_sha256_blocks[3].block|w[1][30]   ;
; 5:1                ; 32 bits   ; 96 ALUTs      ; 0 ALUTs              ; 96 ALUTs               ; Yes        ; |bitcoin_hash|simplified_sha256:generate_sha256_blocks[3].block|w[0][13]   ;
; 5:1                ; 8 bits    ; 24 ALUTs      ; 0 ALUTs              ; 24 ALUTs               ; Yes        ; |bitcoin_hash|simplified_sha256:generate_sha256_blocks[2].block|tem[1]     ;
; 5:1                ; 256 bits  ; 768 ALUTs     ; 0 ALUTs              ; 768 ALUTs              ; Yes        ; |bitcoin_hash|simplified_sha256:generate_sha256_blocks[2].block|h6[0]      ;
; 5:1                ; 256 bits  ; 768 ALUTs     ; 512 ALUTs            ; 256 ALUTs              ; Yes        ; |bitcoin_hash|simplified_sha256:generate_sha256_blocks[2].block|c[20]      ;
; 5:1                ; 32 bits   ; 96 ALUTs      ; 0 ALUTs              ; 96 ALUTs               ; Yes        ; |bitcoin_hash|simplified_sha256:generate_sha256_blocks[2].block|w[15][29]  ;
; 5:1                ; 32 bits   ; 96 ALUTs      ; 0 ALUTs              ; 96 ALUTs               ; Yes        ; |bitcoin_hash|simplified_sha256:generate_sha256_blocks[2].block|w[14][7]   ;
; 5:1                ; 32 bits   ; 96 ALUTs      ; 0 ALUTs              ; 96 ALUTs               ; Yes        ; |bitcoin_hash|simplified_sha256:generate_sha256_blocks[2].block|w[13][20]  ;
; 5:1                ; 32 bits   ; 96 ALUTs      ; 0 ALUTs              ; 96 ALUTs               ; Yes        ; |bitcoin_hash|simplified_sha256:generate_sha256_blocks[2].block|w[12][5]   ;
; 5:1                ; 32 bits   ; 96 ALUTs      ; 0 ALUTs              ; 96 ALUTs               ; Yes        ; |bitcoin_hash|simplified_sha256:generate_sha256_blocks[2].block|w[11][23]  ;
; 5:1                ; 32 bits   ; 96 ALUTs      ; 0 ALUTs              ; 96 ALUTs               ; Yes        ; |bitcoin_hash|simplified_sha256:generate_sha256_blocks[2].block|w[10][10]  ;
; 5:1                ; 32 bits   ; 96 ALUTs      ; 0 ALUTs              ; 96 ALUTs               ; Yes        ; |bitcoin_hash|simplified_sha256:generate_sha256_blocks[2].block|w[9][25]   ;
; 5:1                ; 32 bits   ; 96 ALUTs      ; 0 ALUTs              ; 96 ALUTs               ; Yes        ; |bitcoin_hash|simplified_sha256:generate_sha256_blocks[2].block|w[8][9]    ;
; 5:1                ; 32 bits   ; 96 ALUTs      ; 0 ALUTs              ; 96 ALUTs               ; Yes        ; |bitcoin_hash|simplified_sha256:generate_sha256_blocks[2].block|w[7][28]   ;
; 5:1                ; 32 bits   ; 96 ALUTs      ; 0 ALUTs              ; 96 ALUTs               ; Yes        ; |bitcoin_hash|simplified_sha256:generate_sha256_blocks[2].block|w[6][22]   ;
; 5:1                ; 32 bits   ; 96 ALUTs      ; 0 ALUTs              ; 96 ALUTs               ; Yes        ; |bitcoin_hash|simplified_sha256:generate_sha256_blocks[2].block|w[5][2]    ;
; 5:1                ; 32 bits   ; 96 ALUTs      ; 0 ALUTs              ; 96 ALUTs               ; Yes        ; |bitcoin_hash|simplified_sha256:generate_sha256_blocks[2].block|w[4][10]   ;
; 5:1                ; 32 bits   ; 96 ALUTs      ; 0 ALUTs              ; 96 ALUTs               ; Yes        ; |bitcoin_hash|simplified_sha256:generate_sha256_blocks[2].block|w[3][10]   ;
; 5:1                ; 32 bits   ; 96 ALUTs      ; 0 ALUTs              ; 96 ALUTs               ; Yes        ; |bitcoin_hash|simplified_sha256:generate_sha256_blocks[2].block|w[2][24]   ;
; 5:1                ; 32 bits   ; 96 ALUTs      ; 0 ALUTs              ; 96 ALUTs               ; Yes        ; |bitcoin_hash|simplified_sha256:generate_sha256_blocks[2].block|w[1][9]    ;
; 5:1                ; 32 bits   ; 96 ALUTs      ; 0 ALUTs              ; 96 ALUTs               ; Yes        ; |bitcoin_hash|simplified_sha256:generate_sha256_blocks[2].block|w[0][1]    ;
; 5:1                ; 8 bits    ; 24 ALUTs      ; 0 ALUTs              ; 24 ALUTs               ; Yes        ; |bitcoin_hash|simplified_sha256:generate_sha256_blocks[1].block|tem[7]     ;
; 5:1                ; 256 bits  ; 768 ALUTs     ; 0 ALUTs              ; 768 ALUTs              ; Yes        ; |bitcoin_hash|simplified_sha256:generate_sha256_blocks[1].block|h2[26]     ;
; 5:1                ; 256 bits  ; 768 ALUTs     ; 512 ALUTs            ; 256 ALUTs              ; Yes        ; |bitcoin_hash|simplified_sha256:generate_sha256_blocks[1].block|g[22]      ;
; 5:1                ; 32 bits   ; 96 ALUTs      ; 0 ALUTs              ; 96 ALUTs               ; Yes        ; |bitcoin_hash|simplified_sha256:generate_sha256_blocks[1].block|w[15][16]  ;
; 5:1                ; 32 bits   ; 96 ALUTs      ; 0 ALUTs              ; 96 ALUTs               ; Yes        ; |bitcoin_hash|simplified_sha256:generate_sha256_blocks[1].block|w[14][24]  ;
; 5:1                ; 32 bits   ; 96 ALUTs      ; 0 ALUTs              ; 96 ALUTs               ; Yes        ; |bitcoin_hash|simplified_sha256:generate_sha256_blocks[1].block|w[13][5]   ;
; 5:1                ; 32 bits   ; 96 ALUTs      ; 0 ALUTs              ; 96 ALUTs               ; Yes        ; |bitcoin_hash|simplified_sha256:generate_sha256_blocks[1].block|w[12][31]  ;
; 5:1                ; 32 bits   ; 96 ALUTs      ; 0 ALUTs              ; 96 ALUTs               ; Yes        ; |bitcoin_hash|simplified_sha256:generate_sha256_blocks[1].block|w[11][28]  ;
; 5:1                ; 32 bits   ; 96 ALUTs      ; 0 ALUTs              ; 96 ALUTs               ; Yes        ; |bitcoin_hash|simplified_sha256:generate_sha256_blocks[1].block|w[10][2]   ;
; 5:1                ; 32 bits   ; 96 ALUTs      ; 0 ALUTs              ; 96 ALUTs               ; Yes        ; |bitcoin_hash|simplified_sha256:generate_sha256_blocks[1].block|w[9][19]   ;
; 5:1                ; 32 bits   ; 96 ALUTs      ; 0 ALUTs              ; 96 ALUTs               ; Yes        ; |bitcoin_hash|simplified_sha256:generate_sha256_blocks[1].block|w[8][9]    ;
; 5:1                ; 32 bits   ; 96 ALUTs      ; 0 ALUTs              ; 96 ALUTs               ; Yes        ; |bitcoin_hash|simplified_sha256:generate_sha256_blocks[1].block|w[7][29]   ;
; 5:1                ; 32 bits   ; 96 ALUTs      ; 0 ALUTs              ; 96 ALUTs               ; Yes        ; |bitcoin_hash|simplified_sha256:generate_sha256_blocks[1].block|w[6][27]   ;
; 5:1                ; 32 bits   ; 96 ALUTs      ; 0 ALUTs              ; 96 ALUTs               ; Yes        ; |bitcoin_hash|simplified_sha256:generate_sha256_blocks[1].block|w[5][29]   ;
; 5:1                ; 32 bits   ; 96 ALUTs      ; 0 ALUTs              ; 96 ALUTs               ; Yes        ; |bitcoin_hash|simplified_sha256:generate_sha256_blocks[1].block|w[4][24]   ;
; 5:1                ; 32 bits   ; 96 ALUTs      ; 0 ALUTs              ; 96 ALUTs               ; Yes        ; |bitcoin_hash|simplified_sha256:generate_sha256_blocks[1].block|w[3][31]   ;
; 5:1                ; 32 bits   ; 96 ALUTs      ; 0 ALUTs              ; 96 ALUTs               ; Yes        ; |bitcoin_hash|simplified_sha256:generate_sha256_blocks[1].block|w[2][3]    ;
; 5:1                ; 32 bits   ; 96 ALUTs      ; 0 ALUTs              ; 96 ALUTs               ; Yes        ; |bitcoin_hash|simplified_sha256:generate_sha256_blocks[1].block|w[1][14]   ;
; 5:1                ; 32 bits   ; 96 ALUTs      ; 0 ALUTs              ; 96 ALUTs               ; Yes        ; |bitcoin_hash|simplified_sha256:generate_sha256_blocks[1].block|w[0][31]   ;
; 5:1                ; 8 bits    ; 24 ALUTs      ; 0 ALUTs              ; 24 ALUTs               ; Yes        ; |bitcoin_hash|simplified_sha256:generate_sha256_blocks[0].block|tem[0]     ;
; 5:1                ; 256 bits  ; 768 ALUTs     ; 0 ALUTs              ; 768 ALUTs              ; Yes        ; |bitcoin_hash|simplified_sha256:generate_sha256_blocks[0].block|h0[27]     ;
; 5:1                ; 256 bits  ; 768 ALUTs     ; 512 ALUTs            ; 256 ALUTs              ; Yes        ; |bitcoin_hash|simplified_sha256:generate_sha256_blocks[0].block|b[7]       ;
; 5:1                ; 32 bits   ; 96 ALUTs      ; 0 ALUTs              ; 96 ALUTs               ; Yes        ; |bitcoin_hash|simplified_sha256:generate_sha256_blocks[0].block|w[15][9]   ;
; 5:1                ; 32 bits   ; 96 ALUTs      ; 0 ALUTs              ; 96 ALUTs               ; Yes        ; |bitcoin_hash|simplified_sha256:generate_sha256_blocks[0].block|w[14][22]  ;
; 5:1                ; 32 bits   ; 96 ALUTs      ; 0 ALUTs              ; 96 ALUTs               ; Yes        ; |bitcoin_hash|simplified_sha256:generate_sha256_blocks[0].block|w[13][5]   ;
; 5:1                ; 32 bits   ; 96 ALUTs      ; 0 ALUTs              ; 96 ALUTs               ; Yes        ; |bitcoin_hash|simplified_sha256:generate_sha256_blocks[0].block|w[12][1]   ;
; 5:1                ; 32 bits   ; 96 ALUTs      ; 0 ALUTs              ; 96 ALUTs               ; Yes        ; |bitcoin_hash|simplified_sha256:generate_sha256_blocks[0].block|w[11][31]  ;
; 5:1                ; 32 bits   ; 96 ALUTs      ; 0 ALUTs              ; 96 ALUTs               ; Yes        ; |bitcoin_hash|simplified_sha256:generate_sha256_blocks[0].block|w[10][3]   ;
; 5:1                ; 32 bits   ; 96 ALUTs      ; 0 ALUTs              ; 96 ALUTs               ; Yes        ; |bitcoin_hash|simplified_sha256:generate_sha256_blocks[0].block|w[9][9]    ;
; 5:1                ; 32 bits   ; 96 ALUTs      ; 0 ALUTs              ; 96 ALUTs               ; Yes        ; |bitcoin_hash|simplified_sha256:generate_sha256_blocks[0].block|w[8][6]    ;
; 5:1                ; 32 bits   ; 96 ALUTs      ; 0 ALUTs              ; 96 ALUTs               ; Yes        ; |bitcoin_hash|simplified_sha256:generate_sha256_blocks[0].block|w[7][30]   ;
; 5:1                ; 32 bits   ; 96 ALUTs      ; 0 ALUTs              ; 96 ALUTs               ; Yes        ; |bitcoin_hash|simplified_sha256:generate_sha256_blocks[0].block|w[6][30]   ;
; 5:1                ; 32 bits   ; 96 ALUTs      ; 0 ALUTs              ; 96 ALUTs               ; Yes        ; |bitcoin_hash|simplified_sha256:generate_sha256_blocks[0].block|w[5][20]   ;
; 5:1                ; 32 bits   ; 96 ALUTs      ; 0 ALUTs              ; 96 ALUTs               ; Yes        ; |bitcoin_hash|simplified_sha256:generate_sha256_blocks[0].block|w[4][8]    ;
; 5:1                ; 32 bits   ; 96 ALUTs      ; 0 ALUTs              ; 96 ALUTs               ; Yes        ; |bitcoin_hash|simplified_sha256:generate_sha256_blocks[0].block|w[3][1]    ;
; 5:1                ; 32 bits   ; 96 ALUTs      ; 0 ALUTs              ; 96 ALUTs               ; Yes        ; |bitcoin_hash|simplified_sha256:generate_sha256_blocks[0].block|w[2][23]   ;
; 5:1                ; 32 bits   ; 96 ALUTs      ; 0 ALUTs              ; 96 ALUTs               ; Yes        ; |bitcoin_hash|simplified_sha256:generate_sha256_blocks[0].block|w[1][4]    ;
; 5:1                ; 32 bits   ; 96 ALUTs      ; 0 ALUTs              ; 96 ALUTs               ; Yes        ; |bitcoin_hash|simplified_sha256:generate_sha256_blocks[0].block|w[0][30]   ;
; 5:1                ; 8 bits    ; 24 ALUTs      ; 0 ALUTs              ; 24 ALUTs               ; Yes        ; |bitcoin_hash|simplified_sha256:sha256_phase1|tem[1]                       ;
; 5:1                ; 256 bits  ; 768 ALUTs     ; 0 ALUTs              ; 768 ALUTs              ; Yes        ; |bitcoin_hash|simplified_sha256:sha256_phase1|h5[25]                       ;
; 5:1                ; 256 bits  ; 768 ALUTs     ; 512 ALUTs            ; 256 ALUTs              ; Yes        ; |bitcoin_hash|simplified_sha256:sha256_phase1|d[5]                         ;
; 5:1                ; 32 bits   ; 96 ALUTs      ; 0 ALUTs              ; 96 ALUTs               ; Yes        ; |bitcoin_hash|simplified_sha256:sha256_phase1|w[15][31]                    ;
; 5:1                ; 32 bits   ; 96 ALUTs      ; 0 ALUTs              ; 96 ALUTs               ; Yes        ; |bitcoin_hash|simplified_sha256:sha256_phase1|w[14][21]                    ;
; 5:1                ; 32 bits   ; 96 ALUTs      ; 0 ALUTs              ; 96 ALUTs               ; Yes        ; |bitcoin_hash|simplified_sha256:sha256_phase1|w[13][13]                    ;
; 5:1                ; 32 bits   ; 96 ALUTs      ; 0 ALUTs              ; 96 ALUTs               ; Yes        ; |bitcoin_hash|simplified_sha256:sha256_phase1|w[12][16]                    ;
; 5:1                ; 32 bits   ; 96 ALUTs      ; 0 ALUTs              ; 96 ALUTs               ; Yes        ; |bitcoin_hash|simplified_sha256:sha256_phase1|w[11][17]                    ;
; 5:1                ; 32 bits   ; 96 ALUTs      ; 0 ALUTs              ; 96 ALUTs               ; Yes        ; |bitcoin_hash|simplified_sha256:sha256_phase1|w[10][16]                    ;
; 5:1                ; 32 bits   ; 96 ALUTs      ; 0 ALUTs              ; 96 ALUTs               ; Yes        ; |bitcoin_hash|simplified_sha256:sha256_phase1|w[9][29]                     ;
; 5:1                ; 32 bits   ; 96 ALUTs      ; 0 ALUTs              ; 96 ALUTs               ; Yes        ; |bitcoin_hash|simplified_sha256:sha256_phase1|w[8][26]                     ;
; 5:1                ; 32 bits   ; 96 ALUTs      ; 0 ALUTs              ; 96 ALUTs               ; Yes        ; |bitcoin_hash|simplified_sha256:sha256_phase1|w[7][1]                      ;
; 5:1                ; 32 bits   ; 96 ALUTs      ; 0 ALUTs              ; 96 ALUTs               ; Yes        ; |bitcoin_hash|simplified_sha256:sha256_phase1|w[6][2]                      ;
; 5:1                ; 32 bits   ; 96 ALUTs      ; 0 ALUTs              ; 96 ALUTs               ; Yes        ; |bitcoin_hash|simplified_sha256:sha256_phase1|w[5][27]                     ;
; 5:1                ; 32 bits   ; 96 ALUTs      ; 0 ALUTs              ; 96 ALUTs               ; Yes        ; |bitcoin_hash|simplified_sha256:sha256_phase1|w[4][4]                      ;
; 5:1                ; 32 bits   ; 96 ALUTs      ; 0 ALUTs              ; 96 ALUTs               ; Yes        ; |bitcoin_hash|simplified_sha256:sha256_phase1|w[3][11]                     ;
; 5:1                ; 32 bits   ; 96 ALUTs      ; 0 ALUTs              ; 96 ALUTs               ; Yes        ; |bitcoin_hash|simplified_sha256:sha256_phase1|w[2][5]                      ;
; 5:1                ; 32 bits   ; 96 ALUTs      ; 0 ALUTs              ; 96 ALUTs               ; Yes        ; |bitcoin_hash|simplified_sha256:sha256_phase1|w[1][10]                     ;
; 5:1                ; 32 bits   ; 96 ALUTs      ; 0 ALUTs              ; 96 ALUTs               ; Yes        ; |bitcoin_hash|simplified_sha256:sha256_phase1|w[0][30]                     ;
; 7:1                ; 256 bits  ; 1024 ALUTs    ; 256 ALUTs            ; 768 ALUTs              ; Yes        ; |bitcoin_hash|h_ini[1][16]                                                 ;
; 7:1                ; 256 bits  ; 1024 ALUTs    ; 512 ALUTs            ; 512 ALUTs              ; Yes        ; |bitcoin_hash|w[0][15][22]                                                 ;
; 7:1                ; 32 bits   ; 128 ALUTs     ; 0 ALUTs              ; 128 ALUTs              ; Yes        ; |bitcoin_hash|w[0][3][22]                                                  ;
; 7:1                ; 224 bits  ; 896 ALUTs     ; 448 ALUTs            ; 448 ALUTs              ; Yes        ; |bitcoin_hash|w[0][5][25]                                                  ;
; 7:1                ; 8 bits    ; 32 ALUTs      ; 0 ALUTs              ; 32 ALUTs               ; Yes        ; |bitcoin_hash|offset[10]                                                   ;
; 7:1                ; 8 bits    ; 32 ALUTs      ; 0 ALUTs              ; 32 ALUTs               ; Yes        ; |bitcoin_hash|offset[5]                                                    ;
; 256:1              ; 32 bits   ; 5440 ALUTs    ; 320 ALUTs            ; 5120 ALUTs             ; Yes        ; |bitcoin_hash|cur_write_data[29]                                           ;
; 10:1               ; 8 bits    ; 48 ALUTs      ; 0 ALUTs              ; 48 ALUTs               ; Yes        ; |bitcoin_hash|simplified_sha256:generate_sha256_blocks[15].block|i[7]      ;
; 10:1               ; 8 bits    ; 48 ALUTs      ; 0 ALUTs              ; 48 ALUTs               ; Yes        ; |bitcoin_hash|simplified_sha256:generate_sha256_blocks[14].block|i[3]      ;
; 10:1               ; 8 bits    ; 48 ALUTs      ; 0 ALUTs              ; 48 ALUTs               ; Yes        ; |bitcoin_hash|simplified_sha256:generate_sha256_blocks[13].block|i[2]      ;
; 10:1               ; 8 bits    ; 48 ALUTs      ; 0 ALUTs              ; 48 ALUTs               ; Yes        ; |bitcoin_hash|simplified_sha256:generate_sha256_blocks[12].block|i[7]      ;
; 10:1               ; 8 bits    ; 48 ALUTs      ; 0 ALUTs              ; 48 ALUTs               ; Yes        ; |bitcoin_hash|simplified_sha256:generate_sha256_blocks[11].block|i[6]      ;
; 10:1               ; 8 bits    ; 48 ALUTs      ; 0 ALUTs              ; 48 ALUTs               ; Yes        ; |bitcoin_hash|simplified_sha256:generate_sha256_blocks[10].block|i[3]      ;
; 10:1               ; 8 bits    ; 48 ALUTs      ; 0 ALUTs              ; 48 ALUTs               ; Yes        ; |bitcoin_hash|simplified_sha256:generate_sha256_blocks[9].block|i[2]       ;
; 10:1               ; 8 bits    ; 48 ALUTs      ; 0 ALUTs              ; 48 ALUTs               ; Yes        ; |bitcoin_hash|simplified_sha256:generate_sha256_blocks[8].block|i[1]       ;
; 10:1               ; 8 bits    ; 48 ALUTs      ; 0 ALUTs              ; 48 ALUTs               ; Yes        ; |bitcoin_hash|simplified_sha256:generate_sha256_blocks[7].block|i[7]       ;
; 10:1               ; 8 bits    ; 48 ALUTs      ; 0 ALUTs              ; 48 ALUTs               ; Yes        ; |bitcoin_hash|simplified_sha256:generate_sha256_blocks[6].block|i[2]       ;
; 10:1               ; 8 bits    ; 48 ALUTs      ; 0 ALUTs              ; 48 ALUTs               ; Yes        ; |bitcoin_hash|simplified_sha256:generate_sha256_blocks[5].block|i[2]       ;
; 10:1               ; 8 bits    ; 48 ALUTs      ; 0 ALUTs              ; 48 ALUTs               ; Yes        ; |bitcoin_hash|simplified_sha256:generate_sha256_blocks[4].block|i[2]       ;
; 10:1               ; 8 bits    ; 48 ALUTs      ; 0 ALUTs              ; 48 ALUTs               ; Yes        ; |bitcoin_hash|simplified_sha256:generate_sha256_blocks[3].block|i[1]       ;
; 10:1               ; 8 bits    ; 48 ALUTs      ; 0 ALUTs              ; 48 ALUTs               ; Yes        ; |bitcoin_hash|simplified_sha256:generate_sha256_blocks[2].block|i[0]       ;
; 10:1               ; 8 bits    ; 48 ALUTs      ; 0 ALUTs              ; 48 ALUTs               ; Yes        ; |bitcoin_hash|simplified_sha256:generate_sha256_blocks[1].block|i[7]       ;
; 10:1               ; 8 bits    ; 48 ALUTs      ; 0 ALUTs              ; 48 ALUTs               ; Yes        ; |bitcoin_hash|simplified_sha256:generate_sha256_blocks[0].block|i[4]       ;
; 10:1               ; 8 bits    ; 48 ALUTs      ; 0 ALUTs              ; 48 ALUTs               ; Yes        ; |bitcoin_hash|simplified_sha256:sha256_phase1|i[2]                         ;
; 11:1               ; 8 bits    ; 56 ALUTs      ; 0 ALUTs              ; 56 ALUTs               ; Yes        ; |bitcoin_hash|i[3]                                                         ;
; 16:1               ; 32 bits   ; 320 ALUTs     ; 320 ALUTs            ; 0 ALUTs                ; No         ; |bitcoin_hash|simplified_sha256:generate_sha256_blocks[15].block|Mux3      ;
; 16:1               ; 32 bits   ; 320 ALUTs     ; 320 ALUTs            ; 0 ALUTs                ; No         ; |bitcoin_hash|simplified_sha256:generate_sha256_blocks[14].block|Mux6      ;
; 16:1               ; 32 bits   ; 320 ALUTs     ; 320 ALUTs            ; 0 ALUTs                ; No         ; |bitcoin_hash|simplified_sha256:generate_sha256_blocks[13].block|Mux7      ;
; 16:1               ; 32 bits   ; 320 ALUTs     ; 320 ALUTs            ; 0 ALUTs                ; No         ; |bitcoin_hash|simplified_sha256:generate_sha256_blocks[12].block|Mux15     ;
; 16:1               ; 32 bits   ; 320 ALUTs     ; 320 ALUTs            ; 0 ALUTs                ; No         ; |bitcoin_hash|simplified_sha256:generate_sha256_blocks[11].block|Mux31     ;
; 16:1               ; 32 bits   ; 320 ALUTs     ; 320 ALUTs            ; 0 ALUTs                ; No         ; |bitcoin_hash|simplified_sha256:generate_sha256_blocks[10].block|Mux26     ;
; 16:1               ; 32 bits   ; 320 ALUTs     ; 320 ALUTs            ; 0 ALUTs                ; No         ; |bitcoin_hash|simplified_sha256:generate_sha256_blocks[9].block|Mux3       ;
; 16:1               ; 32 bits   ; 320 ALUTs     ; 320 ALUTs            ; 0 ALUTs                ; No         ; |bitcoin_hash|simplified_sha256:generate_sha256_blocks[8].block|Mux24      ;
; 16:1               ; 32 bits   ; 320 ALUTs     ; 320 ALUTs            ; 0 ALUTs                ; No         ; |bitcoin_hash|simplified_sha256:generate_sha256_blocks[7].block|Mux21      ;
; 16:1               ; 32 bits   ; 320 ALUTs     ; 320 ALUTs            ; 0 ALUTs                ; No         ; |bitcoin_hash|simplified_sha256:generate_sha256_blocks[6].block|Mux2       ;
; 16:1               ; 32 bits   ; 320 ALUTs     ; 320 ALUTs            ; 0 ALUTs                ; No         ; |bitcoin_hash|simplified_sha256:generate_sha256_blocks[5].block|Mux29      ;
; 16:1               ; 32 bits   ; 320 ALUTs     ; 320 ALUTs            ; 0 ALUTs                ; No         ; |bitcoin_hash|simplified_sha256:generate_sha256_blocks[4].block|Mux18      ;
; 16:1               ; 32 bits   ; 320 ALUTs     ; 320 ALUTs            ; 0 ALUTs                ; No         ; |bitcoin_hash|simplified_sha256:generate_sha256_blocks[3].block|Mux1       ;
; 16:1               ; 32 bits   ; 320 ALUTs     ; 320 ALUTs            ; 0 ALUTs                ; No         ; |bitcoin_hash|simplified_sha256:generate_sha256_blocks[2].block|Mux7       ;
; 16:1               ; 32 bits   ; 320 ALUTs     ; 320 ALUTs            ; 0 ALUTs                ; No         ; |bitcoin_hash|simplified_sha256:generate_sha256_blocks[1].block|Mux7       ;
; 16:1               ; 32 bits   ; 320 ALUTs     ; 320 ALUTs            ; 0 ALUTs                ; No         ; |bitcoin_hash|simplified_sha256:generate_sha256_blocks[0].block|Mux2       ;
; 16:1               ; 32 bits   ; 320 ALUTs     ; 320 ALUTs            ; 0 ALUTs                ; No         ; |bitcoin_hash|simplified_sha256:sha256_phase1|Mux6                         ;
+--------------------+-----------+---------------+----------------------+------------------------+------------+----------------------------------------------------------------------------+


+--------------------------------------------------------------------------------------------------------------------+
; Parameter Settings for User Entity Instance: Top-level Entity: |bitcoin_hash                                       ;
+----------------+----------------------------------------------------------------------------------+----------------+
; Parameter Name ; Value                                                                            ; Type           ;
+----------------+----------------------------------------------------------------------------------+----------------+
; num_nonces     ; 16                                                                               ; Signed Integer ;
; k              ; (1116352408,1899447441,-1245643825,-373957723,961987163,1508970993,-1841331548,- ; Array/Record   ;
; k              ; 1424204075,-670586216,310598401,607225278,1426881987,1925078388,-2132889090,-168 ;                ;
; k              ; 0079193,-1046744716,-459576895,-272742522,264347078,604807628,770255983,12491501 ;                ;
; k              ; 22,1555081692,1996064986,-1740746414,-1473132947,-1341970488,-1084653625,-958395 ;                ;
; k              ; 405,-710438585,113926993,338241895,666307205,773529912,1294757372,1396182291,169 ;                ;
; k              ; 5183700,1986661051,-2117940946,-1838011259,-1564481375,-1474664885,-1035236496,- ;                ;
; k              ; 949202525,-778901479,-694614492,-200395387,275423344,430227734,506948616,6590605 ;                ;
; k              ; 56,883997877,958139571,1322822218,1537002063,1747873779,1955562222,2024104815,-2 ;                ;
;                ; 067236844,-1933114872,-1866530822,-1538233109,-1090935817,-965641998)            ;                ;
+----------------+----------------------------------------------------------------------------------+----------------+
Note: In order to hide this table in the UI and the text report file, please set the "Show Parameter Settings in Synthesis Report" option in "Analysis and Synthesis Settings -> More Settings" to "Off".


+------------------------------------------------------------------------------+
; Parameter Settings for User Entity Instance: simplified_sha256:sha256_phase1 ;
+----------------+-------+-----------------------------------------------------+
; Parameter Name ; Value ; Type                                                ;
+----------------+-------+-----------------------------------------------------+
; NUM_OF_WORDS   ; 16    ; Signed Integer                                      ;
+----------------+-------+-----------------------------------------------------+
Note: In order to hide this table in the UI and the text report file, please set the "Show Parameter Settings in Synthesis Report" option in "Analysis and Synthesis Settings -> More Settings" to "Off".


+------------------------------------------------------------------------------------------------+
; Parameter Settings for User Entity Instance: simplified_sha256:generate_sha256_blocks[0].block ;
+----------------+-------+-----------------------------------------------------------------------+
; Parameter Name ; Value ; Type                                                                  ;
+----------------+-------+-----------------------------------------------------------------------+
; NUM_OF_WORDS   ; 16    ; Signed Integer                                                        ;
+----------------+-------+-----------------------------------------------------------------------+
Note: In order to hide this table in the UI and the text report file, please set the "Show Parameter Settings in Synthesis Report" option in "Analysis and Synthesis Settings -> More Settings" to "Off".


+------------------------------------------------------------------------------------------------+
; Parameter Settings for User Entity Instance: simplified_sha256:generate_sha256_blocks[1].block ;
+----------------+-------+-----------------------------------------------------------------------+
; Parameter Name ; Value ; Type                                                                  ;
+----------------+-------+-----------------------------------------------------------------------+
; NUM_OF_WORDS   ; 16    ; Signed Integer                                                        ;
+----------------+-------+-----------------------------------------------------------------------+
Note: In order to hide this table in the UI and the text report file, please set the "Show Parameter Settings in Synthesis Report" option in "Analysis and Synthesis Settings -> More Settings" to "Off".


+------------------------------------------------------------------------------------------------+
; Parameter Settings for User Entity Instance: simplified_sha256:generate_sha256_blocks[2].block ;
+----------------+-------+-----------------------------------------------------------------------+
; Parameter Name ; Value ; Type                                                                  ;
+----------------+-------+-----------------------------------------------------------------------+
; NUM_OF_WORDS   ; 16    ; Signed Integer                                                        ;
+----------------+-------+-----------------------------------------------------------------------+
Note: In order to hide this table in the UI and the text report file, please set the "Show Parameter Settings in Synthesis Report" option in "Analysis and Synthesis Settings -> More Settings" to "Off".


+------------------------------------------------------------------------------------------------+
; Parameter Settings for User Entity Instance: simplified_sha256:generate_sha256_blocks[3].block ;
+----------------+-------+-----------------------------------------------------------------------+
; Parameter Name ; Value ; Type                                                                  ;
+----------------+-------+-----------------------------------------------------------------------+
; NUM_OF_WORDS   ; 16    ; Signed Integer                                                        ;
+----------------+-------+-----------------------------------------------------------------------+
Note: In order to hide this table in the UI and the text report file, please set the "Show Parameter Settings in Synthesis Report" option in "Analysis and Synthesis Settings -> More Settings" to "Off".


+------------------------------------------------------------------------------------------------+
; Parameter Settings for User Entity Instance: simplified_sha256:generate_sha256_blocks[4].block ;
+----------------+-------+-----------------------------------------------------------------------+
; Parameter Name ; Value ; Type                                                                  ;
+----------------+-------+-----------------------------------------------------------------------+
; NUM_OF_WORDS   ; 16    ; Signed Integer                                                        ;
+----------------+-------+-----------------------------------------------------------------------+
Note: In order to hide this table in the UI and the text report file, please set the "Show Parameter Settings in Synthesis Report" option in "Analysis and Synthesis Settings -> More Settings" to "Off".


+------------------------------------------------------------------------------------------------+
; Parameter Settings for User Entity Instance: simplified_sha256:generate_sha256_blocks[5].block ;
+----------------+-------+-----------------------------------------------------------------------+
; Parameter Name ; Value ; Type                                                                  ;
+----------------+-------+-----------------------------------------------------------------------+
; NUM_OF_WORDS   ; 16    ; Signed Integer                                                        ;
+----------------+-------+-----------------------------------------------------------------------+
Note: In order to hide this table in the UI and the text report file, please set the "Show Parameter Settings in Synthesis Report" option in "Analysis and Synthesis Settings -> More Settings" to "Off".


+------------------------------------------------------------------------------------------------+
; Parameter Settings for User Entity Instance: simplified_sha256:generate_sha256_blocks[6].block ;
+----------------+-------+-----------------------------------------------------------------------+
; Parameter Name ; Value ; Type                                                                  ;
+----------------+-------+-----------------------------------------------------------------------+
; NUM_OF_WORDS   ; 16    ; Signed Integer                                                        ;
+----------------+-------+-----------------------------------------------------------------------+
Note: In order to hide this table in the UI and the text report file, please set the "Show Parameter Settings in Synthesis Report" option in "Analysis and Synthesis Settings -> More Settings" to "Off".


+------------------------------------------------------------------------------------------------+
; Parameter Settings for User Entity Instance: simplified_sha256:generate_sha256_blocks[7].block ;
+----------------+-------+-----------------------------------------------------------------------+
; Parameter Name ; Value ; Type                                                                  ;
+----------------+-------+-----------------------------------------------------------------------+
; NUM_OF_WORDS   ; 16    ; Signed Integer                                                        ;
+----------------+-------+-----------------------------------------------------------------------+
Note: In order to hide this table in the UI and the text report file, please set the "Show Parameter Settings in Synthesis Report" option in "Analysis and Synthesis Settings -> More Settings" to "Off".


+------------------------------------------------------------------------------------------------+
; Parameter Settings for User Entity Instance: simplified_sha256:generate_sha256_blocks[8].block ;
+----------------+-------+-----------------------------------------------------------------------+
; Parameter Name ; Value ; Type                                                                  ;
+----------------+-------+-----------------------------------------------------------------------+
; NUM_OF_WORDS   ; 16    ; Signed Integer                                                        ;
+----------------+-------+-----------------------------------------------------------------------+
Note: In order to hide this table in the UI and the text report file, please set the "Show Parameter Settings in Synthesis Report" option in "Analysis and Synthesis Settings -> More Settings" to "Off".


+------------------------------------------------------------------------------------------------+
; Parameter Settings for User Entity Instance: simplified_sha256:generate_sha256_blocks[9].block ;
+----------------+-------+-----------------------------------------------------------------------+
; Parameter Name ; Value ; Type                                                                  ;
+----------------+-------+-----------------------------------------------------------------------+
; NUM_OF_WORDS   ; 16    ; Signed Integer                                                        ;
+----------------+-------+-----------------------------------------------------------------------+
Note: In order to hide this table in the UI and the text report file, please set the "Show Parameter Settings in Synthesis Report" option in "Analysis and Synthesis Settings -> More Settings" to "Off".


+-------------------------------------------------------------------------------------------------+
; Parameter Settings for User Entity Instance: simplified_sha256:generate_sha256_blocks[10].block ;
+----------------+-------+------------------------------------------------------------------------+
; Parameter Name ; Value ; Type                                                                   ;
+----------------+-------+------------------------------------------------------------------------+
; NUM_OF_WORDS   ; 16    ; Signed Integer                                                         ;
+----------------+-------+------------------------------------------------------------------------+
Note: In order to hide this table in the UI and the text report file, please set the "Show Parameter Settings in Synthesis Report" option in "Analysis and Synthesis Settings -> More Settings" to "Off".


+-------------------------------------------------------------------------------------------------+
; Parameter Settings for User Entity Instance: simplified_sha256:generate_sha256_blocks[11].block ;
+----------------+-------+------------------------------------------------------------------------+
; Parameter Name ; Value ; Type                                                                   ;
+----------------+-------+------------------------------------------------------------------------+
; NUM_OF_WORDS   ; 16    ; Signed Integer                                                         ;
+----------------+-------+------------------------------------------------------------------------+
Note: In order to hide this table in the UI and the text report file, please set the "Show Parameter Settings in Synthesis Report" option in "Analysis and Synthesis Settings -> More Settings" to "Off".


+-------------------------------------------------------------------------------------------------+
; Parameter Settings for User Entity Instance: simplified_sha256:generate_sha256_blocks[12].block ;
+----------------+-------+------------------------------------------------------------------------+
; Parameter Name ; Value ; Type                                                                   ;
+----------------+-------+------------------------------------------------------------------------+
; NUM_OF_WORDS   ; 16    ; Signed Integer                                                         ;
+----------------+-------+------------------------------------------------------------------------+
Note: In order to hide this table in the UI and the text report file, please set the "Show Parameter Settings in Synthesis Report" option in "Analysis and Synthesis Settings -> More Settings" to "Off".


+-------------------------------------------------------------------------------------------------+
; Parameter Settings for User Entity Instance: simplified_sha256:generate_sha256_blocks[13].block ;
+----------------+-------+------------------------------------------------------------------------+
; Parameter Name ; Value ; Type                                                                   ;
+----------------+-------+------------------------------------------------------------------------+
; NUM_OF_WORDS   ; 16    ; Signed Integer                                                         ;
+----------------+-------+------------------------------------------------------------------------+
Note: In order to hide this table in the UI and the text report file, please set the "Show Parameter Settings in Synthesis Report" option in "Analysis and Synthesis Settings -> More Settings" to "Off".


+-------------------------------------------------------------------------------------------------+
; Parameter Settings for User Entity Instance: simplified_sha256:generate_sha256_blocks[14].block ;
+----------------+-------+------------------------------------------------------------------------+
; Parameter Name ; Value ; Type                                                                   ;
+----------------+-------+------------------------------------------------------------------------+
; NUM_OF_WORDS   ; 16    ; Signed Integer                                                         ;
+----------------+-------+------------------------------------------------------------------------+
Note: In order to hide this table in the UI and the text report file, please set the "Show Parameter Settings in Synthesis Report" option in "Analysis and Synthesis Settings -> More Settings" to "Off".


+-------------------------------------------------------------------------------------------------+
; Parameter Settings for User Entity Instance: simplified_sha256:generate_sha256_blocks[15].block ;
+----------------+-------+------------------------------------------------------------------------+
; Parameter Name ; Value ; Type                                                                   ;
+----------------+-------+------------------------------------------------------------------------+
; NUM_OF_WORDS   ; 16    ; Signed Integer                                                         ;
+----------------+-------+------------------------------------------------------------------------+
Note: In order to hide this table in the UI and the text report file, please set the "Show Parameter Settings in Synthesis Report" option in "Analysis and Synthesis Settings -> More Settings" to "Off".


+-----------------------------------------------------------------------------------------------------------------------------------------+
; Port Connectivity Checks: "simplified_sha256:generate_sha256_blocks[15].block"                                                          ;
+----------+--------+----------+----------------------------------------------------------------------------------------------------------+
; Port     ; Type   ; Severity ; Details                                                                                                  ;
+----------+--------+----------+----------------------------------------------------------------------------------------------------------+
; mem_clk  ; Output ; Warning  ; Declared by entity but not connected by instance. Logic that only feeds a dangling port will be removed. ;
; mem_we   ; Output ; Warning  ; Declared by entity but not connected by instance. Logic that only feeds a dangling port will be removed. ;
; mem_addr ; Output ; Warning  ; Declared by entity but not connected by instance. Logic that only feeds a dangling port will be removed. ;
+----------+--------+----------+----------------------------------------------------------------------------------------------------------+


+-----------------------------------------------------------------------------------------------------------------------------------------+
; Port Connectivity Checks: "simplified_sha256:generate_sha256_blocks[14].block"                                                          ;
+----------+--------+----------+----------------------------------------------------------------------------------------------------------+
; Port     ; Type   ; Severity ; Details                                                                                                  ;
+----------+--------+----------+----------------------------------------------------------------------------------------------------------+
; done     ; Output ; Info     ; Connected to dangling logic. Logic that only feeds a dangling port will be removed.                      ;
; mem_clk  ; Output ; Warning  ; Declared by entity but not connected by instance. Logic that only feeds a dangling port will be removed. ;
; mem_we   ; Output ; Warning  ; Declared by entity but not connected by instance. Logic that only feeds a dangling port will be removed. ;
; mem_addr ; Output ; Warning  ; Declared by entity but not connected by instance. Logic that only feeds a dangling port will be removed. ;
+----------+--------+----------+----------------------------------------------------------------------------------------------------------+


+-----------------------------------------------------------------------------------------------------------------------------------------+
; Port Connectivity Checks: "simplified_sha256:generate_sha256_blocks[13].block"                                                          ;
+----------+--------+----------+----------------------------------------------------------------------------------------------------------+
; Port     ; Type   ; Severity ; Details                                                                                                  ;
+----------+--------+----------+----------------------------------------------------------------------------------------------------------+
; done     ; Output ; Info     ; Connected to dangling logic. Logic that only feeds a dangling port will be removed.                      ;
; mem_clk  ; Output ; Warning  ; Declared by entity but not connected by instance. Logic that only feeds a dangling port will be removed. ;
; mem_we   ; Output ; Warning  ; Declared by entity but not connected by instance. Logic that only feeds a dangling port will be removed. ;
; mem_addr ; Output ; Warning  ; Declared by entity but not connected by instance. Logic that only feeds a dangling port will be removed. ;
+----------+--------+----------+----------------------------------------------------------------------------------------------------------+


+-----------------------------------------------------------------------------------------------------------------------------------------+
; Port Connectivity Checks: "simplified_sha256:generate_sha256_blocks[12].block"                                                          ;
+----------+--------+----------+----------------------------------------------------------------------------------------------------------+
; Port     ; Type   ; Severity ; Details                                                                                                  ;
+----------+--------+----------+----------------------------------------------------------------------------------------------------------+
; done     ; Output ; Info     ; Connected to dangling logic. Logic that only feeds a dangling port will be removed.                      ;
; mem_clk  ; Output ; Warning  ; Declared by entity but not connected by instance. Logic that only feeds a dangling port will be removed. ;
; mem_we   ; Output ; Warning  ; Declared by entity but not connected by instance. Logic that only feeds a dangling port will be removed. ;
; mem_addr ; Output ; Warning  ; Declared by entity but not connected by instance. Logic that only feeds a dangling port will be removed. ;
+----------+--------+----------+----------------------------------------------------------------------------------------------------------+


+-----------------------------------------------------------------------------------------------------------------------------------------+
; Port Connectivity Checks: "simplified_sha256:generate_sha256_blocks[11].block"                                                          ;
+----------+--------+----------+----------------------------------------------------------------------------------------------------------+
; Port     ; Type   ; Severity ; Details                                                                                                  ;
+----------+--------+----------+----------------------------------------------------------------------------------------------------------+
; done     ; Output ; Info     ; Connected to dangling logic. Logic that only feeds a dangling port will be removed.                      ;
; mem_clk  ; Output ; Warning  ; Declared by entity but not connected by instance. Logic that only feeds a dangling port will be removed. ;
; mem_we   ; Output ; Warning  ; Declared by entity but not connected by instance. Logic that only feeds a dangling port will be removed. ;
; mem_addr ; Output ; Warning  ; Declared by entity but not connected by instance. Logic that only feeds a dangling port will be removed. ;
+----------+--------+----------+----------------------------------------------------------------------------------------------------------+


+-----------------------------------------------------------------------------------------------------------------------------------------+
; Port Connectivity Checks: "simplified_sha256:generate_sha256_blocks[10].block"                                                          ;
+----------+--------+----------+----------------------------------------------------------------------------------------------------------+
; Port     ; Type   ; Severity ; Details                                                                                                  ;
+----------+--------+----------+----------------------------------------------------------------------------------------------------------+
; done     ; Output ; Info     ; Connected to dangling logic. Logic that only feeds a dangling port will be removed.                      ;
; mem_clk  ; Output ; Warning  ; Declared by entity but not connected by instance. Logic that only feeds a dangling port will be removed. ;
; mem_we   ; Output ; Warning  ; Declared by entity but not connected by instance. Logic that only feeds a dangling port will be removed. ;
; mem_addr ; Output ; Warning  ; Declared by entity but not connected by instance. Logic that only feeds a dangling port will be removed. ;
+----------+--------+----------+----------------------------------------------------------------------------------------------------------+


+-----------------------------------------------------------------------------------------------------------------------------------------+
; Port Connectivity Checks: "simplified_sha256:generate_sha256_blocks[9].block"                                                           ;
+----------+--------+----------+----------------------------------------------------------------------------------------------------------+
; Port     ; Type   ; Severity ; Details                                                                                                  ;
+----------+--------+----------+----------------------------------------------------------------------------------------------------------+
; done     ; Output ; Info     ; Connected to dangling logic. Logic that only feeds a dangling port will be removed.                      ;
; mem_clk  ; Output ; Warning  ; Declared by entity but not connected by instance. Logic that only feeds a dangling port will be removed. ;
; mem_we   ; Output ; Warning  ; Declared by entity but not connected by instance. Logic that only feeds a dangling port will be removed. ;
; mem_addr ; Output ; Warning  ; Declared by entity but not connected by instance. Logic that only feeds a dangling port will be removed. ;
+----------+--------+----------+----------------------------------------------------------------------------------------------------------+


+-----------------------------------------------------------------------------------------------------------------------------------------+
; Port Connectivity Checks: "simplified_sha256:generate_sha256_blocks[8].block"                                                           ;
+----------+--------+----------+----------------------------------------------------------------------------------------------------------+
; Port     ; Type   ; Severity ; Details                                                                                                  ;
+----------+--------+----------+----------------------------------------------------------------------------------------------------------+
; done     ; Output ; Info     ; Connected to dangling logic. Logic that only feeds a dangling port will be removed.                      ;
; mem_clk  ; Output ; Warning  ; Declared by entity but not connected by instance. Logic that only feeds a dangling port will be removed. ;
; mem_we   ; Output ; Warning  ; Declared by entity but not connected by instance. Logic that only feeds a dangling port will be removed. ;
; mem_addr ; Output ; Warning  ; Declared by entity but not connected by instance. Logic that only feeds a dangling port will be removed. ;
+----------+--------+----------+----------------------------------------------------------------------------------------------------------+


+-----------------------------------------------------------------------------------------------------------------------------------------+
; Port Connectivity Checks: "simplified_sha256:generate_sha256_blocks[7].block"                                                           ;
+----------+--------+----------+----------------------------------------------------------------------------------------------------------+
; Port     ; Type   ; Severity ; Details                                                                                                  ;
+----------+--------+----------+----------------------------------------------------------------------------------------------------------+
; done     ; Output ; Info     ; Connected to dangling logic. Logic that only feeds a dangling port will be removed.                      ;
; mem_clk  ; Output ; Warning  ; Declared by entity but not connected by instance. Logic that only feeds a dangling port will be removed. ;
; mem_we   ; Output ; Warning  ; Declared by entity but not connected by instance. Logic that only feeds a dangling port will be removed. ;
; mem_addr ; Output ; Warning  ; Declared by entity but not connected by instance. Logic that only feeds a dangling port will be removed. ;
+----------+--------+----------+----------------------------------------------------------------------------------------------------------+


+-----------------------------------------------------------------------------------------------------------------------------------------+
; Port Connectivity Checks: "simplified_sha256:generate_sha256_blocks[6].block"                                                           ;
+----------+--------+----------+----------------------------------------------------------------------------------------------------------+
; Port     ; Type   ; Severity ; Details                                                                                                  ;
+----------+--------+----------+----------------------------------------------------------------------------------------------------------+
; done     ; Output ; Info     ; Connected to dangling logic. Logic that only feeds a dangling port will be removed.                      ;
; mem_clk  ; Output ; Warning  ; Declared by entity but not connected by instance. Logic that only feeds a dangling port will be removed. ;
; mem_we   ; Output ; Warning  ; Declared by entity but not connected by instance. Logic that only feeds a dangling port will be removed. ;
; mem_addr ; Output ; Warning  ; Declared by entity but not connected by instance. Logic that only feeds a dangling port will be removed. ;
+----------+--------+----------+----------------------------------------------------------------------------------------------------------+


+-----------------------------------------------------------------------------------------------------------------------------------------+
; Port Connectivity Checks: "simplified_sha256:generate_sha256_blocks[5].block"                                                           ;
+----------+--------+----------+----------------------------------------------------------------------------------------------------------+
; Port     ; Type   ; Severity ; Details                                                                                                  ;
+----------+--------+----------+----------------------------------------------------------------------------------------------------------+
; done     ; Output ; Info     ; Connected to dangling logic. Logic that only feeds a dangling port will be removed.                      ;
; mem_clk  ; Output ; Warning  ; Declared by entity but not connected by instance. Logic that only feeds a dangling port will be removed. ;
; mem_we   ; Output ; Warning  ; Declared by entity but not connected by instance. Logic that only feeds a dangling port will be removed. ;
; mem_addr ; Output ; Warning  ; Declared by entity but not connected by instance. Logic that only feeds a dangling port will be removed. ;
+----------+--------+----------+----------------------------------------------------------------------------------------------------------+


+-----------------------------------------------------------------------------------------------------------------------------------------+
; Port Connectivity Checks: "simplified_sha256:generate_sha256_blocks[4].block"                                                           ;
+----------+--------+----------+----------------------------------------------------------------------------------------------------------+
; Port     ; Type   ; Severity ; Details                                                                                                  ;
+----------+--------+----------+----------------------------------------------------------------------------------------------------------+
; done     ; Output ; Info     ; Connected to dangling logic. Logic that only feeds a dangling port will be removed.                      ;
; mem_clk  ; Output ; Warning  ; Declared by entity but not connected by instance. Logic that only feeds a dangling port will be removed. ;
; mem_we   ; Output ; Warning  ; Declared by entity but not connected by instance. Logic that only feeds a dangling port will be removed. ;
; mem_addr ; Output ; Warning  ; Declared by entity but not connected by instance. Logic that only feeds a dangling port will be removed. ;
+----------+--------+----------+----------------------------------------------------------------------------------------------------------+


+-----------------------------------------------------------------------------------------------------------------------------------------+
; Port Connectivity Checks: "simplified_sha256:generate_sha256_blocks[3].block"                                                           ;
+----------+--------+----------+----------------------------------------------------------------------------------------------------------+
; Port     ; Type   ; Severity ; Details                                                                                                  ;
+----------+--------+----------+----------------------------------------------------------------------------------------------------------+
; done     ; Output ; Info     ; Connected to dangling logic. Logic that only feeds a dangling port will be removed.                      ;
; mem_clk  ; Output ; Warning  ; Declared by entity but not connected by instance. Logic that only feeds a dangling port will be removed. ;
; mem_we   ; Output ; Warning  ; Declared by entity but not connected by instance. Logic that only feeds a dangling port will be removed. ;
; mem_addr ; Output ; Warning  ; Declared by entity but not connected by instance. Logic that only feeds a dangling port will be removed. ;
+----------+--------+----------+----------------------------------------------------------------------------------------------------------+


+-----------------------------------------------------------------------------------------------------------------------------------------+
; Port Connectivity Checks: "simplified_sha256:generate_sha256_blocks[2].block"                                                           ;
+----------+--------+----------+----------------------------------------------------------------------------------------------------------+
; Port     ; Type   ; Severity ; Details                                                                                                  ;
+----------+--------+----------+----------------------------------------------------------------------------------------------------------+
; done     ; Output ; Info     ; Connected to dangling logic. Logic that only feeds a dangling port will be removed.                      ;
; mem_clk  ; Output ; Warning  ; Declared by entity but not connected by instance. Logic that only feeds a dangling port will be removed. ;
; mem_we   ; Output ; Warning  ; Declared by entity but not connected by instance. Logic that only feeds a dangling port will be removed. ;
; mem_addr ; Output ; Warning  ; Declared by entity but not connected by instance. Logic that only feeds a dangling port will be removed. ;
+----------+--------+----------+----------------------------------------------------------------------------------------------------------+


+-----------------------------------------------------------------------------------------------------------------------------------------+
; Port Connectivity Checks: "simplified_sha256:generate_sha256_blocks[1].block"                                                           ;
+----------+--------+----------+----------------------------------------------------------------------------------------------------------+
; Port     ; Type   ; Severity ; Details                                                                                                  ;
+----------+--------+----------+----------------------------------------------------------------------------------------------------------+
; done     ; Output ; Info     ; Connected to dangling logic. Logic that only feeds a dangling port will be removed.                      ;
; mem_clk  ; Output ; Warning  ; Declared by entity but not connected by instance. Logic that only feeds a dangling port will be removed. ;
; mem_we   ; Output ; Warning  ; Declared by entity but not connected by instance. Logic that only feeds a dangling port will be removed. ;
; mem_addr ; Output ; Warning  ; Declared by entity but not connected by instance. Logic that only feeds a dangling port will be removed. ;
+----------+--------+----------+----------------------------------------------------------------------------------------------------------+


+-----------------------------------------------------------------------------------------------------------------------------------------+
; Port Connectivity Checks: "simplified_sha256:generate_sha256_blocks[0].block"                                                           ;
+----------+--------+----------+----------------------------------------------------------------------------------------------------------+
; Port     ; Type   ; Severity ; Details                                                                                                  ;
+----------+--------+----------+----------------------------------------------------------------------------------------------------------+
; mem_clk  ; Output ; Warning  ; Declared by entity but not connected by instance. Logic that only feeds a dangling port will be removed. ;
; mem_we   ; Output ; Warning  ; Declared by entity but not connected by instance. Logic that only feeds a dangling port will be removed. ;
; mem_addr ; Output ; Warning  ; Declared by entity but not connected by instance. Logic that only feeds a dangling port will be removed. ;
+----------+--------+----------+----------------------------------------------------------------------------------------------------------+


+-----------------------------------------------------------------------------------------------------------------------------------------+
; Port Connectivity Checks: "simplified_sha256:sha256_phase1"                                                                             ;
+----------+--------+----------+----------------------------------------------------------------------------------------------------------+
; Port     ; Type   ; Severity ; Details                                                                                                  ;
+----------+--------+----------+----------------------------------------------------------------------------------------------------------+
; mem_clk  ; Output ; Warning  ; Declared by entity but not connected by instance. Logic that only feeds a dangling port will be removed. ;
; mem_we   ; Output ; Warning  ; Declared by entity but not connected by instance. Logic that only feeds a dangling port will be removed. ;
; mem_addr ; Output ; Warning  ; Declared by entity but not connected by instance. Logic that only feeds a dangling port will be removed. ;
+----------+--------+----------+----------------------------------------------------------------------------------------------------------+


+-----------------------------------------------------+
; Post-Synthesis Netlist Statistics for Top Partition ;
+-----------------------+-----------------------------+
; Type                  ; Count                       ;
+-----------------------+-----------------------------+
; arriaii_ff            ; 27762                       ;
;     CLR               ; 24                          ;
;     ENA               ; 4642                        ;
;     ENA SCLR          ; 1310                        ;
;     ENA SCLR SLD      ; 40                          ;
;     ENA SLD           ; 21010                       ;
;     plain             ; 736                         ;
; boundary_port         ; 118                         ;
; stratixiv_lcell_comb  ; 18953                       ;
;     arith             ; 5543                        ;
;         0 data inputs ; 1                           ;
;         1 data inputs ; 86                          ;
;         2 data inputs ; 5286                        ;
;         3 data inputs ; 170                         ;
;     extend            ; 1                           ;
;         7 data inputs ; 1                           ;
;     normal            ; 11233                       ;
;         1 data inputs ; 1                           ;
;         2 data inputs ; 372                         ;
;         3 data inputs ; 7893                        ;
;         4 data inputs ; 92                          ;
;         5 data inputs ; 767                         ;
;         6 data inputs ; 2108                        ;
;     shared            ; 2176                        ;
;         3 data inputs ; 2176                        ;
;                       ;                             ;
; Max LUT depth         ; 8.10                        ;
; Average LUT depth     ; 3.55                        ;
+-----------------------+-----------------------------+


+-------------------------------+
; Elapsed Time Per Partition    ;
+----------------+--------------+
; Partition Name ; Elapsed Time ;
+----------------+--------------+
; Top            ; 00:00:46     ;
+----------------+--------------+


+-------------------------------+
; Analysis & Synthesis Messages ;
+-------------------------------+
Info: *******************************************************************
Info: Running Quartus Prime Analysis & Synthesis
    Info: Version 20.1.0 Build 711 06/05/2020 SJ Lite Edition
    Info: Processing started: Mon Mar 23 10:10:38 2026
Info: Command: quartus_map --read_settings_files=on --write_settings_files=off bitcoin_hash -c bitcoin_hash
Warning (18236): Number of processors has not been specified which may cause overloading on shared machines.  Set the global assignment NUM_PARALLEL_PROCESSORS in your QSF to an appropriate value for best performance.
Info (20030): Parallel compilation is enabled and will use 16 of the 16 processors detected
Info (12021): Found 1 design units, including 1 entities, in source file simplified_sha256.sv
    Info (12023): Found entity 1: simplified_sha256 File: C:/Users/cyroc/Documents/projects/bitcoin_hash/simplified_sha256.sv Line: 1
Info (12021): Found 1 design units, including 1 entities, in source file bitcoin_hash.sv
    Info (12023): Found entity 1: bitcoin_hash File: C:/Users/cyroc/Documents/projects/bitcoin_hash/bitcoin_hash.sv Line: 1
Warning (10222): Verilog HDL Parameter Declaration warning at simplified_sha256.sv(30): Parameter Declaration in module "simplified_sha256" behaves as a Local Parameter Declaration because the module has a Module Parameter Port List File: C:/Users/cyroc/Documents/projects/bitcoin_hash/simplified_sha256.sv Line: 30
Info (12127): Elaborating entity "bitcoin_hash" for the top level hierarchy
Info (10008): Verilog HDL or VHDL information: EDA Netlist Writer cannot regroup multidimensional array "w" into its bus
Info (10008): Verilog HDL or VHDL information: EDA Netlist Writer cannot regroup multidimensional array "h" into its bus
Info (12128): Elaborating entity "simplified_sha256" for hierarchy "simplified_sha256:sha256_phase1" File: C:/Users/cyroc/Documents/projects/bitcoin_hash/bitcoin_hash.sv Line: 51
Warning (10858): Verilog HDL warning at simplified_sha256.sv(24): object cur_addr used but never assigned File: C:/Users/cyroc/Documents/projects/bitcoin_hash/simplified_sha256.sv Line: 24
Warning (10230): Verilog HDL assignment warning at simplified_sha256.sv(45): truncated value with size 32 to match size of target (16) File: C:/Users/cyroc/Documents/projects/bitcoin_hash/simplified_sha256.sv Line: 45
Warning (10230): Verilog HDL assignment warning at simplified_sha256.sv(49): truncated value with size 16 to match size of target (8) File: C:/Users/cyroc/Documents/projects/bitcoin_hash/simplified_sha256.sv Line: 49
Warning (10030): Net "cur_addr" at simplified_sha256.sv(24) has no driver or initial value, using a default initial value '0' File: C:/Users/cyroc/Documents/projects/bitcoin_hash/simplified_sha256.sv Line: 24
Warning (12241): 17 hierarchies have connectivity warnings - see the Connectivity Checks report folder
Info (286030): Timing-Driven Synthesis is running
Info (17049): 38 registers lost all their fanouts during netlist optimizations.
Info (16010): Generating hard_block partition "hard_block:auto_generated_inst"
    Info (16011): Adding 0 node(s), including 0 DDIO, 0 PLL, 0 transceiver and 0 LCELL
Info (21057): Implemented 40333 device resources after synthesis - the final resource count might be different
    Info (21058): Implemented 67 input pins
    Info (21059): Implemented 51 output pins
    Info (21061): Implemented 40215 logic cells
Info: Quartus Prime Analysis & Synthesis was successful. 0 errors, 7 warnings
    Info: Peak virtual memory: 5235 megabytes
    Info: Processing ended: Mon Mar 23 10:11:51 2026
    Info: Elapsed time: 00:01:13
    Info: Total CPU time (on all processors): 00:01:27


