Fitter report for bitcoin_hash
Fri Apr 03 17:47:55 2026
Quartus Prime Version 20.1.0 Build 711 06/05/2020 SJ Lite Edition


---------------------
; Table of Contents ;
---------------------
  1. Legal Notice
  2. Fitter Summary
  3. Fitter Settings
  4. Parallel Compilation
  5. Fitter Netlist Optimizations
  6. Incremental Compilation Preservation Summary
  7. Incremental Compilation Partition Settings
  8. Incremental Compilation Placement Preservation
  9. Pin-Out File
 10. Fitter Resource Usage Summary
 11. Fitter Partition Statistics
 12. Input Pins
 13. Output Pins
 14. Dual Purpose and Dedicated Pins
 15. I/O Bank Usage
 16. All Package Pins
 17. I/O Assignment Warnings
 18. Fitter Resource Utilization by Entity
 19. Delay Chain Summary
 20. Pad To Core Delay Chain Fanout
 21. Control Signals
 22. Global & Other Fast Signals
 23. Non-Global High Fan-Out Signals
 24. Routing Usage Summary
 25. LAB Logic Elements
 26. LAB-wide Signals
 27. LAB Signals Sourced
 28. LAB Signals Sourced Out
 29. LAB Distinct Inputs
 30. I/O Rules Summary
 31. I/O Rules Details
 32. I/O Rules Matrix
 33. Fitter Device Options
 34. Operating Settings and Conditions
 35. Fitter Messages
 36. Fitter Suppressed Messages



----------------
; Legal Notice ;
----------------
Copyright (C) 2020  Intel Corporation. All rights reserved.
Your use of Intel Corporation's design tools, logic functions 
and other software and tools, and any partner logic 
functions, and any output files from any of the foregoing 
(including device programming or simulation files), and any 
associated documentation or information are expressly subject 
to the terms and conditions of the Intel Program License 
Subscription Agreement, the Intel Quartus Prime License Agreement,
the Intel FPGA IP License Agreement, or other applicable license
agreement, including, without limitation, that your use is for
the sole purpose of programming logic devices manufactured by
Intel and sold by Intel or its authorized distributors.  Please
refer to the applicable agreement for further details, at
https://fpgasoftware.intel.com/eula.



+---------------------------------------------------------------------------------+
; Fitter Summary                                                                  ;
+-----------------------------------+---------------------------------------------+
; Fitter Status                     ; Successful - Fri Apr 03 17:47:54 2026       ;
; Quartus Prime Version             ; 20.1.0 Build 711 06/05/2020 SJ Lite Edition ;
; Revision Name                     ; bitcoin_hash                                ;
; Top-level Entity Name             ; bitcoin_hash                                ;
; Family                            ; Arria II GX                                 ;
; Device                            ; EP2AGX45DF29I5                              ;
; Timing Models                     ; Final                                       ;
; Logic utilization                 ; 93 %                                        ;
;     Combinational ALUTs           ; 12,481 / 36,100 ( 35 % )                    ;
;     Memory ALUTs                  ; 0 / 18,050 ( 0 % )                          ;
;     Dedicated logic registers     ; 27,232 / 36,100 ( 75 % )                    ;
; Total registers                   ; 27232                                       ;
; Total pins                        ; 118 / 404 ( 29 % )                          ;
; Total virtual pins                ; 0                                           ;
; Total block memory bits           ; 0 / 2,939,904 ( 0 % )                       ;
; DSP block 18-bit elements         ; 0 / 232 ( 0 % )                             ;
; Total GXB Receiver Channel PCS    ; 0 / 8 ( 0 % )                               ;
; Total GXB Receiver Channel PMA    ; 0 / 8 ( 0 % )                               ;
; Total GXB Transmitter Channel PCS ; 0 / 8 ( 0 % )                               ;
; Total GXB Transmitter Channel PMA ; 0 / 8 ( 0 % )                               ;
; Total PLLs                        ; 0 / 4 ( 0 % )                               ;
; Total DLLs                        ; 0 / 2 ( 0 % )                               ;
+-----------------------------------+---------------------------------------------+


+----------------------------------------------------------------------------------------------------------------------------------------------------+
; Fitter Settings                                                                                                                                    ;
+--------------------------------------------------------------------+---------------------------------------+---------------------------------------+
; Option                                                             ; Setting                               ; Default Value                         ;
+--------------------------------------------------------------------+---------------------------------------+---------------------------------------+
; Device                                                             ; EP2AGX45DF29I5                        ;                                       ;
; Minimum Core Junction Temperature                                  ; -40                                   ;                                       ;
; Maximum Core Junction Temperature                                  ; 100                                   ;                                       ;
; Fit Attempts to Skip                                               ; 0                                     ; 0.0                                   ;
; Use smart compilation                                              ; Off                                   ; Off                                   ;
; Enable parallel Assembler and Timing Analyzer during compilation   ; On                                    ; On                                    ;
; Enable compact report table                                        ; Off                                   ; Off                                   ;
; Auto Merge PLLs                                                    ; On                                    ; On                                    ;
; Router Timing Optimization Level                                   ; Normal                                ; Normal                                ;
; Perform Clocking Topology Analysis During Routing                  ; Off                                   ; Off                                   ;
; Placement Effort Multiplier                                        ; 1.0                                   ; 1.0                                   ;
; Router Effort Multiplier                                           ; 1.0                                   ; 1.0                                   ;
; Optimize Hold Timing                                               ; All Paths                             ; All Paths                             ;
; Optimize Multi-Corner Timing                                       ; On                                    ; On                                    ;
; Auto RAM to MLAB Conversion                                        ; On                                    ; On                                    ;
; Equivalent RAM and MLAB Power Up                                   ; Auto                                  ; Auto                                  ;
; Equivalent RAM and MLAB Paused Read Capabilities                   ; Care                                  ; Care                                  ;
; Power Optimization During Fitting                                  ; Normal compilation                    ; Normal compilation                    ;
; SSN Optimization                                                   ; Off                                   ; Off                                   ;
; Optimize Timing                                                    ; Normal compilation                    ; Normal compilation                    ;
; Optimize Timing for ECOs                                           ; Off                                   ; Off                                   ;
; Regenerate Full Fit Report During ECO Compiles                     ; Off                                   ; Off                                   ;
; Optimize IOC Register Placement for Timing                         ; Normal                                ; Normal                                ;
; Limit to One Fitting Attempt                                       ; Off                                   ; Off                                   ;
; Final Placement Optimizations                                      ; Automatically                         ; Automatically                         ;
; Fitter Aggressive Routability Optimizations                        ; Automatically                         ; Automatically                         ;
; Fitter Initial Placement Seed                                      ; 1                                     ; 1                                     ;
; Periphery to Core Placement and Routing Optimization               ; Off                                   ; Off                                   ;
; Weak Pull-Up Resistor                                              ; Off                                   ; Off                                   ;
; Enable Bus-Hold Circuitry                                          ; Off                                   ; Off                                   ;
; Auto Packed Registers                                              ; Auto                                  ; Auto                                  ;
; Auto Delay Chains                                                  ; On                                    ; On                                    ;
; Auto Delay Chains for High Fanout Input Pins                       ; Off                                   ; Off                                   ;
; Allow Single-ended Buffer for Differential-XSTL Input              ; Off                                   ; Off                                   ;
; Treat Bidirectional Pin as Output Pin                              ; Off                                   ; Off                                   ;
; Perform Physical Synthesis for Combinational Logic for Fitting     ; Off                                   ; Off                                   ;
; Perform Physical Synthesis for Combinational Logic for Performance ; Off                                   ; Off                                   ;
; Perform Register Duplication for Performance                       ; Off                                   ; Off                                   ;
; Perform Logic to Memory Mapping for Fitting                        ; Off                                   ; Off                                   ;
; Perform Register Retiming for Performance                          ; Off                                   ; Off                                   ;
; Perform Asynchronous Signal Pipelining                             ; Off                                   ; Off                                   ;
; Fitter Effort                                                      ; Auto Fit                              ; Auto Fit                              ;
; Physical Synthesis Effort Level                                    ; Normal                                ; Normal                                ;
; Logic Cell Insertion - Logic Duplication                           ; Auto                                  ; Auto                                  ;
; Auto Register Duplication                                          ; Auto                                  ; Auto                                  ;
; Auto Global Clock                                                  ; On                                    ; On                                    ;
; Auto Global Register Control Signals                               ; On                                    ; On                                    ;
; Generate GXB Reconfig MIF                                          ; Off                                   ; Off                                   ;
; Reserve all unused pins                                            ; As input tri-stated with weak pull-up ; As input tri-stated with weak pull-up ;
; Synchronizer Identification                                        ; Auto                                  ; Auto                                  ;
; Enable Beneficial Skew Optimization                                ; On                                    ; On                                    ;
; Optimize Design for Metastability                                  ; On                                    ; On                                    ;
; Active Serial clock source                                         ; FREQ_40MHz                            ; FREQ_40MHz                            ;
; Force Fitter to Avoid Periphery Placement Warnings                 ; Off                                   ; Off                                   ;
; Clamping Diode                                                     ; Off                                   ; Off                                   ;
; Enable input tri-state on active configuration pins in user mode   ; Off                                   ; Off                                   ;
+--------------------------------------------------------------------+---------------------------------------+---------------------------------------+


+------------------------------------------+
; Parallel Compilation                     ;
+----------------------------+-------------+
; Processors                 ; Number      ;
+----------------------------+-------------+
; Number detected on machine ; 16          ;
; Maximum allowed            ; 16          ;
;                            ;             ;
; Average used               ; 1.53        ;
; Maximum used               ; 16          ;
;                            ;             ;
; Usage by Processor         ; % Time Used ;
;     Processor 1            ; 100.0%      ;
;     Processor 2            ;   5.2%      ;
;     Processor 3            ;   4.5%      ;
;     Processor 4            ;   4.3%      ;
;     Processor 5            ;   4.0%      ;
;     Processor 6            ;   3.8%      ;
;     Processor 7            ;   3.6%      ;
;     Processor 8            ;   3.4%      ;
;     Processors 9-16        ;   3.0%      ;
+----------------------------+-------------+


+----------------------------------------------------------------------------------------------------------------------------------------------------------------------------------------------------------------------------------------------------------------------------------------------------------+
; Fitter Netlist Optimizations                                                                                                                                                                                                                                                                             ;
+--------------------------------------------------------------+------------+---------------------------------------------------+--------------------------+-----------+----------------+-----------------------------------------------------------------------+------------------+-----------------------+
; Node                                                         ; Action     ; Operation                                         ; Reason                   ; Node Port ; Node Port Name ; Destination Node                                                      ; Destination Port ; Destination Port Name ;
+--------------------------------------------------------------+------------+---------------------------------------------------+--------------------------+-----------+----------------+-----------------------------------------------------------------------+------------------+-----------------------+
; simplified_sha256:generate_sha256_blocks[0].block|WideOr1~0  ; Duplicated ; Router Logic Cell Insertion and Logic Duplication ; Routability optimization ;           ;                ; simplified_sha256:generate_sha256_blocks[0].block|WideOr1~0DUPLICATE  ;                  ;                       ;
; simplified_sha256:generate_sha256_blocks[0].block|WideOr2~0  ; Duplicated ; Router Logic Cell Insertion and Logic Duplication ; Routability optimization ;           ;                ; simplified_sha256:generate_sha256_blocks[0].block|WideOr2~0DUPLICATE  ;                  ;                       ;
; simplified_sha256:generate_sha256_blocks[0].block|WideOr4~0  ; Duplicated ; Router Logic Cell Insertion and Logic Duplication ; Routability optimization ;           ;                ; simplified_sha256:generate_sha256_blocks[0].block|WideOr4~0DUPLICATE  ;                  ;                       ;
; simplified_sha256:generate_sha256_blocks[0].block|WideOr5~0  ; Duplicated ; Router Logic Cell Insertion and Logic Duplication ; Routability optimization ;           ;                ; simplified_sha256:generate_sha256_blocks[0].block|WideOr5~0DUPLICATE  ;                  ;                       ;
; simplified_sha256:generate_sha256_blocks[0].block|WideOr7~0  ; Duplicated ; Router Logic Cell Insertion and Logic Duplication ; Routability optimization ;           ;                ; simplified_sha256:generate_sha256_blocks[0].block|WideOr7~0DUPLICATE  ;                  ;                       ;
; simplified_sha256:generate_sha256_blocks[0].block|WideOr8~0  ; Duplicated ; Router Logic Cell Insertion and Logic Duplication ; Routability optimization ;           ;                ; simplified_sha256:generate_sha256_blocks[0].block|WideOr8~0DUPLICATE  ;                  ;                       ;
; simplified_sha256:generate_sha256_blocks[0].block|WideOr9~0  ; Duplicated ; Router Logic Cell Insertion and Logic Duplication ; Routability optimization ;           ;                ; simplified_sha256:generate_sha256_blocks[0].block|WideOr9~0DUPLICATE  ;                  ;                       ;
; simplified_sha256:generate_sha256_blocks[0].block|WideOr11~0 ; Duplicated ; Router Logic Cell Insertion and Logic Duplication ; Routability optimization ;           ;                ; simplified_sha256:generate_sha256_blocks[0].block|WideOr11~0DUPLICATE ;                  ;                       ;
; simplified_sha256:generate_sha256_blocks[0].block|WideOr12~0 ; Duplicated ; Router Logic Cell Insertion and Logic Duplication ; Routability optimization ;           ;                ; simplified_sha256:generate_sha256_blocks[0].block|WideOr12~0DUPLICATE ;                  ;                       ;
; simplified_sha256:generate_sha256_blocks[0].block|WideOr13~0 ; Duplicated ; Router Logic Cell Insertion and Logic Duplication ; Routability optimization ;           ;                ; simplified_sha256:generate_sha256_blocks[0].block|WideOr13~0DUPLICATE ;                  ;                       ;
; simplified_sha256:generate_sha256_blocks[0].block|WideOr15~0 ; Duplicated ; Router Logic Cell Insertion and Logic Duplication ; Routability optimization ;           ;                ; simplified_sha256:generate_sha256_blocks[0].block|WideOr15~0DUPLICATE ;                  ;                       ;
; simplified_sha256:generate_sha256_blocks[0].block|WideOr17~0 ; Duplicated ; Router Logic Cell Insertion and Logic Duplication ; Routability optimization ;           ;                ; simplified_sha256:generate_sha256_blocks[0].block|WideOr17~0DUPLICATE ;                  ;                       ;
; simplified_sha256:generate_sha256_blocks[0].block|WideOr18~0 ; Duplicated ; Router Logic Cell Insertion and Logic Duplication ; Routability optimization ;           ;                ; simplified_sha256:generate_sha256_blocks[0].block|WideOr18~0DUPLICATE ;                  ;                       ;
; simplified_sha256:generate_sha256_blocks[0].block|WideOr20~0 ; Duplicated ; Router Logic Cell Insertion and Logic Duplication ; Routability optimization ;           ;                ; simplified_sha256:generate_sha256_blocks[0].block|WideOr20~0DUPLICATE ;                  ;                       ;
; simplified_sha256:generate_sha256_blocks[0].block|WideOr21~0 ; Duplicated ; Router Logic Cell Insertion and Logic Duplication ; Routability optimization ;           ;                ; simplified_sha256:generate_sha256_blocks[0].block|WideOr21~0DUPLICATE ;                  ;                       ;
; simplified_sha256:generate_sha256_blocks[0].block|WideOr24~0 ; Duplicated ; Router Logic Cell Insertion and Logic Duplication ; Routability optimization ;           ;                ; simplified_sha256:generate_sha256_blocks[0].block|WideOr24~0DUPLICATE ;                  ;                       ;
; simplified_sha256:generate_sha256_blocks[0].block|WideOr27~0 ; Duplicated ; Router Logic Cell Insertion and Logic Duplication ; Routability optimization ;           ;                ; simplified_sha256:generate_sha256_blocks[0].block|WideOr27~0DUPLICATE ;                  ;                       ;
; simplified_sha256:generate_sha256_blocks[0].block|WideOr30~0 ; Duplicated ; Router Logic Cell Insertion and Logic Duplication ; Routability optimization ;           ;                ; simplified_sha256:generate_sha256_blocks[0].block|WideOr30~0DUPLICATE ;                  ;                       ;
; simplified_sha256:generate_sha256_blocks[0].block|WideOr31~0 ; Duplicated ; Router Logic Cell Insertion and Logic Duplication ; Routability optimization ;           ;                ; simplified_sha256:generate_sha256_blocks[0].block|WideOr31~0DUPLICATE ;                  ;                       ;
+--------------------------------------------------------------+------------+---------------------------------------------------+--------------------------+-----------+----------------+-----------------------------------------------------------------------+------------------+-----------------------+


+----------------------------------------------------------------------------------------------------+
; Incremental Compilation Preservation Summary                                                       ;
+---------------------+----------------------+----------------------------+--------------------------+
; Type                ; Total [A + B]        ; From Design Partitions [A] ; From Rapid Recompile [B] ;
+---------------------+----------------------+----------------------------+--------------------------+
; Placement (by node) ;                      ;                            ;                          ;
;     -- Requested    ; 0.00 % ( 0 / 39935 ) ; 0.00 % ( 0 / 39935 )       ; 0.00 % ( 0 / 39935 )     ;
;     -- Achieved     ; 0.00 % ( 0 / 39935 ) ; 0.00 % ( 0 / 39935 )       ; 0.00 % ( 0 / 39935 )     ;
;                     ;                      ;                            ;                          ;
; Routing (by net)    ;                      ;                            ;                          ;
;     -- Requested    ; 0.00 % ( 0 / 0 )     ; 0.00 % ( 0 / 0 )           ; 0.00 % ( 0 / 0 )         ;
;     -- Achieved     ; 0.00 % ( 0 / 0 )     ; 0.00 % ( 0 / 0 )           ; 0.00 % ( 0 / 0 )         ;
+---------------------+----------------------+----------------------------+--------------------------+


+----------------------------------------------------------------------------------------------------------------------------------------------------------------------------------------+
; Incremental Compilation Partition Settings                                                                                                                                             ;
+--------------------------------+----------------+-------------------+-------------------------+------------------------+------------------------------+--------------------------------+
; Partition Name                 ; Partition Type ; Netlist Type Used ; Preservation Level Used ; Netlist Type Requested ; Preservation Level Requested ; Contents                       ;
+--------------------------------+----------------+-------------------+-------------------------+------------------------+------------------------------+--------------------------------+
; Top                            ; User-created   ; Source File       ; N/A                     ; Source File            ; N/A                          ;                                ;
; hard_block:auto_generated_inst ; Auto-generated ; Source File       ; N/A                     ; Source File            ; N/A                          ; hard_block:auto_generated_inst ;
+--------------------------------+----------------+-------------------+-------------------------+------------------------+------------------------------+--------------------------------+


+------------------------------------------------------------------------------------------------------------------------------------+
; Incremental Compilation Placement Preservation                                                                                     ;
+--------------------------------+-----------------------+-------------------------+-------------------+---------------------+-------+
; Partition Name                 ; Preservation Achieved ; Preservation Level Used ; Netlist Type Used ; Preservation Method ; Notes ;
+--------------------------------+-----------------------+-------------------------+-------------------+---------------------+-------+
; Top                            ; 0.00 % ( 0 / 39933 )  ; N/A                     ; Source File       ; N/A                 ;       ;
; hard_block:auto_generated_inst ; 0.00 % ( 0 / 2 )      ; N/A                     ; Source File       ; N/A                 ;       ;
+--------------------------------+-----------------------+-------------------------+-------------------+---------------------+-------+


+--------------+
; Pin-Out File ;
+--------------+
The pin-out file can be found in C:/Users/cyroc/Documents/projects/bitcoin-hash-model/output_files/bitcoin_hash.pin.


+--------------------------------------------------------------------------------------------------------------+
; Fitter Resource Usage Summary                                                                                ;
+-----------------------------------------------------------------------------------+--------------------------+
; Resource                                                                          ; Usage                    ;
+-----------------------------------------------------------------------------------+--------------------------+
; ALUTs Used                                                                        ; 12,481 / 36,100 ( 35 % ) ;
;     -- Combinational ALUTs                                                        ; 12,481 / 36,100 ( 35 % ) ;
;     -- Memory ALUTs                                                               ; 0 / 18,050 ( 0 % )       ;
;     -- LUT_REGs                                                                   ; 0 / 36,100 ( 0 % )       ;
; Dedicated logic registers                                                         ; 27,232 / 36,100 ( 75 % ) ;
;                                                                                   ;                          ;
; Combinational ALUT usage by number of inputs                                      ;                          ;
;     -- 7 input functions                                                          ; 1                        ;
;     -- 6 input functions                                                          ; 281                      ;
;     -- 5 input functions                                                          ; 760                      ;
;     -- 4 input functions                                                          ; 81                       ;
;     -- <=3 input functions                                                        ; 11358                    ;
;                                                                                   ;                          ;
; Combinational ALUTs by mode                                                       ;                          ;
;     -- normal mode                                                                ; 4779                     ;
;     -- extended LUT mode                                                          ; 1                        ;
;     -- arithmetic mode                                                            ; 5525                     ;
;     -- shared arithmetic mode                                                     ; 2176                     ;
;                                                                                   ;                          ;
; Logic utilization                                                                 ; 33,469 / 36,100 ( 93 % ) ;
;     -- Difficulty Clustering Design                                               ; Medium                   ;
;     -- Combinational ALUT/register pairs used in final Placement                  ; 32717                    ;
;         -- Combinational with no register                                         ; 5485                     ;
;         -- Register only                                                          ; 20236                    ;
;         -- Combinational with a register                                          ; 6996                     ;
;     -- Estimated pairs recoverable by pairing ALUTs and registers as design grows ; -191                     ;
;     -- Estimated Combinational ALUT/register pairs unavailable                    ; 943                      ;
;         -- Unavailable due to Memory LAB use                                      ; 0                        ;
;         -- Unavailable due to unpartnered 7 LUTs                                  ; 0                        ;
;         -- Unavailable due to unpartnered 6 LUTs                                  ; 83                       ;
;         -- Unavailable due to unpartnered 5 LUTs                                  ; 0                        ;
;         -- Unavailable due to LAB-wide signal conflicts                           ; 263                      ;
;         -- Unavailable due to LAB input limits                                    ; 597                      ;
;                                                                                   ;                          ;
; Total registers*                                                                  ; 27232                    ;
;     -- Dedicated logic registers                                                  ; 27,232 / 36,100 ( 75 % ) ;
;     -- I/O registers                                                              ; 0 / 2,232 ( 0 % )        ;
;     -- LUT_REGs                                                                   ; 0                        ;
;                                                                                   ;                          ;
; ALMs:  partially or completely used                                               ; 17,280 / 18,050 ( 96 % ) ;
;                                                                                   ;                          ;
; Total LABs:  partially or completely used                                         ; 1,802 / 1,805 ( 100 % )  ;
;     -- Logic LABs                                                                 ; 1,802 / 1,802 ( 100 % )  ;
;     -- Memory LABs                                                                ; 0 / 1,802 ( 0 % )        ;
;                                                                                   ;                          ;
; Virtual pins                                                                      ; 0                        ;
; I/O pins                                                                          ; 118 / 404 ( 29 % )       ;
;     -- Clock pins                                                                 ; 1 / 10 ( 10 % )          ;
;     -- Dedicated input pins                                                       ; 0 / 28 ( 0 % )           ;
;                                                                                   ;                          ;
; M9K blocks                                                                        ; 0 / 319 ( 0 % )          ;
; Total MLAB memory bits                                                            ; 0                        ;
; Total block memory bits                                                           ; 0 / 2,939,904 ( 0 % )    ;
; Total block memory implementation bits                                            ; 0 / 2,939,904 ( 0 % )    ;
; DSP block 18-bit elements                                                         ; 0 / 232 ( 0 % )          ;
; PLLs                                                                              ; 0 / 4 ( 0 % )            ;
; Global signals                                                                    ; 2                        ;
;     -- Global clocks                                                              ; 2 / 16 ( 13 % )          ;
;     -- Quadrant clocks                                                            ; 0 / 48 ( 0 % )           ;
;     -- Periphery clocks                                                           ; 0 / 50 ( 0 % )           ;
; SERDES receivers                                                                  ; 0 / 28 ( 0 % )           ;
; JTAGs                                                                             ; 0 / 1 ( 0 % )            ;
; ASMI blocks                                                                       ; 0 / 1 ( 0 % )            ;
; CRC blocks                                                                        ; 0 / 1 ( 0 % )            ;
; Remote update blocks                                                              ; 0 / 1 ( 0 % )            ;
; Oscillator blocks                                                                 ; 0 / 1 ( 0 % )            ;
; GXB Receiver channel PCSs                                                         ; 0 / 8 ( 0 % )            ;
; GXB Receiver channel PMAs                                                         ; 0 / 8 ( 0 % )            ;
; GXB Transmitter channel PCSs                                                      ; 0 / 8 ( 0 % )            ;
; GXB Transmitter channel PMAs                                                      ; 0 / 8 ( 0 % )            ;
; HSSI CMU PLLs                                                                     ; 0 / 4 ( 0 % )            ;
; Impedance control blocks                                                          ; 0 / 3 ( 0 % )            ;
; Average interconnect usage (total/H/V)                                            ; 33.1% / 32.0% / 35.1%    ;
; Peak interconnect usage (total/H/V)                                               ; 65.1% / 67.3% / 64.4%    ;
; Maximum fan-out                                                                   ; 27232                    ;
; Highest non-global fan-out                                                        ; 16391                    ;
; Total fan-out                                                                     ; 183362                   ;
; Average fan-out                                                                   ; 3.19                     ;
+-----------------------------------------------------------------------------------+--------------------------+
*  Register count does not include registers inside RAM blocks or DSP blocks.



+---------------------------------------------------------------------------------------------------------------------------------------------+
; Fitter Partition Statistics                                                                                                                 ;
+-----------------------------------------------------------------------------------+------------------------+--------------------------------+
; Statistic                                                                         ; Top                    ; hard_block:auto_generated_inst ;
+-----------------------------------------------------------------------------------+------------------------+--------------------------------+
; Difficulty Clustering Region                                                      ; Medium                 ; Medium                         ;
;                                                                                   ;                        ;                                ;
; Logic utilization                                                                 ; 33469 / 36100 ( 93 % ) ; 0 / 36100 ( 0 % )              ;
;     -- Combinational ALUT/register pairs used in final Placement                  ; 32717                  ; 0                              ;
;         -- Combinational with no register                                         ; 5485                   ; 0                              ;
;         -- Register only                                                          ; 20236                  ; 0                              ;
;         -- Combinational with a register                                          ; 6996                   ; 0                              ;
;     -- Estimated pairs recoverable by pairing ALUTs and registers as design grows ; -191                   ; 0                              ;
;     -- Estimated Combinational ALUT/register pairs unavailable                    ; 943                    ; 0                              ;
;         -- Unavailable due to Memory LAB use                                      ; 0                      ; 0                              ;
;         -- Unavailable due to unpartnered 7 LUTs                                  ; 0                      ; 0                              ;
;         -- Unavailable due to unpartnered 6 LUTs                                  ; 83                     ; 0                              ;
;         -- Unavailable due to unpartnered 5 LUTs                                  ; 0                      ; 0                              ;
;         -- Unavailable due to LAB-wide signal conflicts                           ; 263                    ; 0                              ;
;         -- Unavailable due to LAB input limits                                    ; 597                    ; 0                              ;
;                                                                                   ;                        ;                                ;
; ALUTs Used                                                                        ; 12481 / 36100 ( 35 % ) ; 0 / 36100 ( 0 % )              ;
;     -- Combinational ALUTs                                                        ; 12481 / 36100 ( 35 % ) ; 0 / 36100 ( 0 % )              ;
;     -- Memory ALUTs                                                               ; 0 / 18050 ( 0 % )      ; 0 / 18050 ( 0 % )              ;
;     -- LUT_REGs                                                                   ; 0 / 36100 ( 0 % )      ; 0 / 36100 ( 0 % )              ;
; Dedicated logic registers                                                         ; 27232 / 36100 ( 75 % ) ; 0 / 36100 ( 0 % )              ;
;                                                                                   ;                        ;                                ;
; Combinational ALUT usage by number of inputs                                      ;                        ;                                ;
;     -- 7 input functions                                                          ; 1                      ; 0                              ;
;     -- 6 input functions                                                          ; 281                    ; 0                              ;
;     -- 5 input functions                                                          ; 760                    ; 0                              ;
;     -- 4 input functions                                                          ; 81                     ; 0                              ;
;     -- <=3 input functions                                                        ; 11358                  ; 0                              ;
;                                                                                   ;                        ;                                ;
; Combinational ALUTs by mode                                                       ;                        ;                                ;
;     -- normal mode                                                                ; 4779                   ; 0                              ;
;     -- extended LUT mode                                                          ; 1                      ; 0                              ;
;     -- arithmetic mode                                                            ; 5525                   ; 0                              ;
;     -- shared arithmetic mode                                                     ; 2176                   ; 0                              ;
;                                                                                   ;                        ;                                ;
; Total registers                                                                   ; 27232                  ; 0                              ;
;     -- Dedicated logic registers                                                  ; 27232 / 36100 ( 75 % ) ; 0 / 36100 ( 0 % )              ;
;     -- I/O registers                                                              ; 0                      ; 0                              ;
;     -- LUT_REGs                                                                   ; 0                      ; 0                              ;
;                                                                                   ;                        ;                                ;
; Memory LAB cells by mode                                                          ;                        ;                                ;
;     -- 64-address deep                                                            ; 0                      ; 0                              ;
;     -- 32-address deep                                                            ; 0                      ; 0                              ;
;                                                                                   ;                        ;                                ;
; ALMs:  partially or completely used                                               ; 17280 / 18050 ( 96 % ) ; 0 / 18050 ( 0 % )              ;
;                                                                                   ;                        ;                                ;
; Total LABs:  partially or completely used                                         ; 1802 / 1805 ( 100 % )  ; 0 / 1805 ( 0 % )               ;
;     -- Logic LABs                                                                 ; 1802                   ; 0                              ;
;     -- Memory LABs                                                                ; 0                      ; 0                              ;
;                                                                                   ;                        ;                                ;
; Virtual pins                                                                      ; 0                      ; 0                              ;
; I/O pins                                                                          ; 118                    ; 0                              ;
; DSP block 18-bit elements                                                         ; 0 / 232 ( 0 % )        ; 0 / 232 ( 0 % )                ;
; Total block memory bits                                                           ; 0                      ; 0                              ;
; Total block memory implementation bits                                            ; 0                      ; 0                              ;
; Clock enable block                                                                ; 2 / 126 ( 1 % )        ; 0 / 126 ( 0 % )                ;
;                                                                                   ;                        ;                                ;
; Connections                                                                       ;                        ;                                ;
;     -- Input Connections                                                          ; 0                      ; 0                              ;
;     -- Registered Input Connections                                               ; 0                      ; 0                              ;
;     -- Output Connections                                                         ; 0                      ; 0                              ;
;     -- Registered Output Connections                                              ; 0                      ; 0                              ;
;                                                                                   ;                        ;                                ;
; Internal Connections                                                              ;                        ;                                ;
;     -- Total Connections                                                          ; 185469                 ; 1                              ;
;     -- Registered Connections                                                     ; 87979                  ; 0                              ;
;                                                                                   ;                        ;                                ;
; External Connections                                                              ;                        ;                                ;
;     -- Top                                                                        ; 0                      ; 0                              ;
;     -- hard_block:auto_generated_inst                                             ; 0                      ; 0                              ;
;                                                                                   ;                        ;                                ;
; Partition Interface                                                               ;                        ;                                ;
;     -- Input Ports                                                                ; 67                     ; 0                              ;
;     -- Output Ports                                                               ; 51                     ; 0                              ;
;     -- Bidir Ports                                                                ; 0                      ; 0                              ;
;                                                                                   ;                        ;                                ;
; Registered Ports                                                                  ;                        ;                                ;
;     -- Registered Input Ports                                                     ; 0                      ; 0                              ;
;     -- Registered Output Ports                                                    ; 0                      ; 0                              ;
;                                                                                   ;                        ;                                ;
; Port Connectivity                                                                 ;                        ;                                ;
;     -- Input Ports driven by GND                                                  ; 0                      ; 0                              ;
;     -- Output Ports driven by GND                                                 ; 0                      ; 0                              ;
;     -- Input Ports driven by VCC                                                  ; 0                      ; 0                              ;
;     -- Output Ports driven by VCC                                                 ; 0                      ; 0                              ;
;     -- Input Ports with no Source                                                 ; 0                      ; 0                              ;
;     -- Output Ports with no Source                                                ; 0                      ; 0                              ;
;     -- Input Ports with no Fanout                                                 ; 0                      ; 0                              ;
;     -- Output Ports with no Fanout                                                ; 0                      ; 0                              ;
+-----------------------------------------------------------------------------------+------------------------+--------------------------------+


+------------------------------------------------------------------------------------------------------------------------------------------------------------------------------------------------------------------------------------------------------------------------------------------------------------------+
; Input Pins                                                                                                                                                                                                                                                                                                       ;
+-------------------+-------+----------+--------------+--------------+--------------+-----------------------+--------------------+--------+----------------+---------------+-----------------+----------+--------------+--------------+-------------+---------------------------+----------------------+-----------+
; Name              ; Pin # ; I/O Bank ; X coordinate ; Y coordinate ; Z coordinate ; Combinational Fan-Out ; Registered Fan-Out ; Global ; Input Register ; Power Up High ; PCI I/O Enabled ; Bus Hold ; Weak Pull Up ; I/O Standard ; Termination ; Termination Control Block ; Location assigned by ; Slew Rate ;
+-------------------+-------+----------+--------------+--------------+--------------+-----------------------+--------------------+--------+----------------+---------------+-----------------+----------+--------------+--------------+-------------+---------------------------+----------------------+-----------+
; clk               ; AE15  ; 3A       ; 26           ; 0            ; 31           ; 27233                 ; 0                  ; yes    ; no             ; no            ; no              ; no       ; Off          ; 2.5 V        ; Off         ; --                        ; Fitter               ; no        ;
; mem_read_data[0]  ; AE3   ; 5A       ; 59           ; 9            ; 62           ; 30                    ; 0                  ; no     ; no             ; no            ; no              ; no       ; Off          ; 2.5 V        ; Off         ; --                        ; Fitter               ; no        ;
; mem_read_data[10] ; AB1   ; 5A       ; 59           ; 16           ; 31           ; 30                    ; 0                  ; no     ; no             ; no            ; no              ; no       ; Off          ; 2.5 V        ; Off         ; --                        ; Fitter               ; no        ;
; mem_read_data[11] ; W1    ; 5A       ; 59           ; 19           ; 93           ; 30                    ; 0                  ; no     ; no             ; no            ; no              ; no       ; Off          ; 2.5 V        ; Off         ; --                        ; Fitter               ; no        ;
; mem_read_data[12] ; AE1   ; 5A       ; 59           ; 15           ; 62           ; 30                    ; 0                  ; no     ; no             ; no            ; no              ; no       ; Off          ; 2.5 V        ; Off         ; --                        ; Fitter               ; no        ;
; mem_read_data[13] ; AD4   ; 5A       ; 59           ; 4            ; 62           ; 30                    ; 0                  ; no     ; no             ; no            ; no              ; no       ; Off          ; 2.5 V        ; Off         ; --                        ; Fitter               ; no        ;
; mem_read_data[14] ; T7    ; 5A       ; 59           ; 15           ; 31           ; 30                    ; 0                  ; no     ; no             ; no            ; no              ; no       ; Off          ; 2.5 V        ; Off         ; --                        ; Fitter               ; no        ;
; mem_read_data[15] ; W3    ; 5A       ; 59           ; 19           ; 0            ; 30                    ; 0                  ; no     ; no             ; no            ; no              ; no       ; Off          ; 2.5 V        ; Off         ; --                        ; Fitter               ; no        ;
; mem_read_data[16] ; AA1   ; 5A       ; 59           ; 16           ; 62           ; 30                    ; 0                  ; no     ; no             ; no            ; no              ; no       ; Off          ; 2.5 V        ; Off         ; --                        ; Fitter               ; no        ;
; mem_read_data[17] ; V1    ; 5A       ; 59           ; 19           ; 31           ; 30                    ; 0                  ; no     ; no             ; no            ; no              ; no       ; Off          ; 2.5 V        ; Off         ; --                        ; Fitter               ; no        ;
; mem_read_data[18] ; P5    ; 5A       ; 59           ; 18           ; 31           ; 30                    ; 0                  ; no     ; no             ; no            ; no              ; no       ; Off          ; 2.5 V        ; Off         ; --                        ; Fitter               ; no        ;
; mem_read_data[19] ; AB2   ; 5A       ; 59           ; 13           ; 93           ; 30                    ; 0                  ; no     ; no             ; no            ; no              ; no       ; Off          ; 2.5 V        ; Off         ; --                        ; Fitter               ; no        ;
; mem_read_data[1]  ; V3    ; 5A       ; 59           ; 18           ; 62           ; 30                    ; 0                  ; no     ; no             ; no            ; no              ; no       ; Off          ; 2.5 V        ; Off         ; --                        ; Fitter               ; no        ;
; mem_read_data[20] ; Y3    ; 5A       ; 59           ; 13           ; 62           ; 30                    ; 0                  ; no     ; no             ; no            ; no              ; no       ; Off          ; 2.5 V        ; Off         ; --                        ; Fitter               ; no        ;
; mem_read_data[21] ; U6    ; 5A       ; 59           ; 12           ; 31           ; 30                    ; 0                  ; no     ; no             ; no            ; no              ; no       ; Off          ; 2.5 V        ; Off         ; --                        ; Fitter               ; no        ;
; mem_read_data[22] ; AC2   ; 5A       ; 59           ; 10           ; 93           ; 30                    ; 0                  ; no     ; no             ; no            ; no              ; no       ; Off          ; 2.5 V        ; Off         ; --                        ; Fitter               ; no        ;
; mem_read_data[23] ; AA4   ; 5A       ; 59           ; 10           ; 0            ; 30                    ; 0                  ; no     ; no             ; no            ; no              ; no       ; Off          ; 2.5 V        ; Off         ; --                        ; Fitter               ; no        ;
; mem_read_data[24] ; W5    ; 5A       ; 59           ; 12           ; 0            ; 30                    ; 0                  ; no     ; no             ; no            ; no              ; no       ; Off          ; 2.5 V        ; Off         ; --                        ; Fitter               ; no        ;
; mem_read_data[25] ; V6    ; 5A       ; 59           ; 12           ; 93           ; 30                    ; 0                  ; no     ; no             ; no            ; no              ; no       ; Off          ; 2.5 V        ; Off         ; --                        ; Fitter               ; no        ;
; mem_read_data[26] ; W4    ; 5A       ; 59           ; 12           ; 62           ; 30                    ; 0                  ; no     ; no             ; no            ; no              ; no       ; Off          ; 2.5 V        ; Off         ; --                        ; Fitter               ; no        ;
; mem_read_data[27] ; AA3   ; 5A       ; 59           ; 10           ; 62           ; 30                    ; 0                  ; no     ; no             ; no            ; no              ; no       ; Off          ; 2.5 V        ; Off         ; --                        ; Fitter               ; no        ;
; mem_read_data[28] ; W6    ; 5A       ; 59           ; 9            ; 93           ; 30                    ; 0                  ; no     ; no             ; no            ; no              ; no       ; Off          ; 2.5 V        ; Off         ; --                        ; Fitter               ; no        ;
; mem_read_data[29] ; V7    ; 5A       ; 59           ; 9            ; 31           ; 30                    ; 0                  ; no     ; no             ; no            ; no              ; no       ; Off          ; 2.5 V        ; Off         ; --                        ; Fitter               ; no        ;
; mem_read_data[2]  ; Y1    ; 5A       ; 59           ; 16           ; 0            ; 30                    ; 0                  ; no     ; no             ; no            ; no              ; no       ; Off          ; 2.5 V        ; Off         ; --                        ; Fitter               ; no        ;
; mem_read_data[30] ; P6    ; 5A       ; 59           ; 21           ; 31           ; 30                    ; 0                  ; no     ; no             ; no            ; no              ; no       ; Off          ; 2.5 V        ; Off         ; --                        ; Fitter               ; no        ;
; mem_read_data[31] ; Y5    ; 5A       ; 59           ; 7            ; 62           ; 31                    ; 0                  ; no     ; no             ; no            ; no              ; no       ; Off          ; 2.5 V        ; Off         ; --                        ; Fitter               ; no        ;
; mem_read_data[3]  ; AD3   ; 5A       ; 59           ; 9            ; 0            ; 30                    ; 0                  ; no     ; no             ; no            ; no              ; no       ; Off          ; 2.5 V        ; Off         ; --                        ; Fitter               ; no        ;
; mem_read_data[4]  ; V4    ; 5A       ; 59           ; 18           ; 0            ; 30                    ; 0                  ; no     ; no             ; no            ; no              ; no       ; Off          ; 2.5 V        ; Off         ; --                        ; Fitter               ; no        ;
; mem_read_data[5]  ; AC3   ; 5A       ; 59           ; 10           ; 31           ; 30                    ; 0                  ; no     ; no             ; no            ; no              ; no       ; Off          ; 2.5 V        ; Off         ; --                        ; Fitter               ; no        ;
; mem_read_data[6]  ; AB3   ; 5A       ; 59           ; 13           ; 31           ; 30                    ; 0                  ; no     ; no             ; no            ; no              ; no       ; Off          ; 2.5 V        ; Off         ; --                        ; Fitter               ; no        ;
; mem_read_data[7]  ; T6    ; 5A       ; 59           ; 15           ; 93           ; 31                    ; 0                  ; no     ; no             ; no            ; no              ; no       ; Off          ; 2.5 V        ; Off         ; --                        ; Fitter               ; no        ;
; mem_read_data[8]  ; AC1   ; 5A       ; 59           ; 16           ; 93           ; 30                    ; 0                  ; no     ; no             ; no            ; no              ; no       ; Off          ; 2.5 V        ; Off         ; --                        ; Fitter               ; no        ;
; mem_read_data[9]  ; Y4    ; 5A       ; 59           ; 13           ; 0            ; 31                    ; 0                  ; no     ; no             ; no            ; no              ; no       ; Off          ; 2.5 V        ; Off         ; --                        ; Fitter               ; no        ;
; message_addr[0]   ; AH9   ; 4A       ; 32           ; 0            ; 62           ; 1                     ; 0                  ; no     ; no             ; no            ; no              ; no       ; Off          ; 2.5 V        ; Off         ; --                        ; Fitter               ; no        ;
; message_addr[10]  ; AH6   ; 4A       ; 33           ; 0            ; 62           ; 1                     ; 0                  ; no     ; no             ; no            ; no              ; no       ; Off          ; 2.5 V        ; Off         ; --                        ; Fitter               ; no        ;
; message_addr[11]  ; AE7   ; 4A       ; 43           ; 0            ; 0            ; 1                     ; 0                  ; no     ; no             ; no            ; no              ; no       ; Off          ; 2.5 V        ; Off         ; --                        ; Fitter               ; no        ;
; message_addr[12]  ; AE9   ; 4A       ; 41           ; 0            ; 0            ; 1                     ; 0                  ; no     ; no             ; no            ; no              ; no       ; Off          ; 2.5 V        ; Off         ; --                        ; Fitter               ; no        ;
; message_addr[13]  ; AE4   ; 4A       ; 50           ; 0            ; 0            ; 1                     ; 0                  ; no     ; no             ; no            ; no              ; no       ; Off          ; 2.5 V        ; Off         ; --                        ; Fitter               ; no        ;
; message_addr[14]  ; AF7   ; 4A       ; 43           ; 0            ; 62           ; 1                     ; 0                  ; no     ; no             ; no            ; no              ; no       ; Off          ; 2.5 V        ; Off         ; --                        ; Fitter               ; no        ;
; message_addr[15]  ; AF4   ; 4A       ; 50           ; 0            ; 62           ; 1                     ; 0                  ; no     ; no             ; no            ; no              ; no       ; Off          ; 2.5 V        ; Off         ; --                        ; Fitter               ; no        ;
; message_addr[1]   ; AG6   ; 4A       ; 33           ; 0            ; 0            ; 1                     ; 0                  ; no     ; no             ; no            ; no              ; no       ; Off          ; 2.5 V        ; Off         ; --                        ; Fitter               ; no        ;
; message_addr[2]   ; AE8   ; 4A       ; 43           ; 0            ; 31           ; 1                     ; 0                  ; no     ; no             ; no            ; no              ; no       ; Off          ; 2.5 V        ; Off         ; --                        ; Fitter               ; no        ;
; message_addr[3]   ; AH2   ; 4A       ; 50           ; 0            ; 31           ; 1                     ; 0                  ; no     ; no             ; no            ; no              ; no       ; Off          ; 2.5 V        ; Off         ; --                        ; Fitter               ; no        ;
; message_addr[4]   ; W12   ; 4A       ; 41           ; 0            ; 31           ; 1                     ; 0                  ; no     ; no             ; no            ; no              ; no       ; Off          ; 2.5 V        ; Off         ; --                        ; Fitter               ; no        ;
; message_addr[5]   ; AG9   ; 4A       ; 32           ; 0            ; 0            ; 1                     ; 0                  ; no     ; no             ; no            ; no              ; no       ; Off          ; 2.5 V        ; Off         ; --                        ; Fitter               ; no        ;
; message_addr[6]   ; AF11  ; 4A       ; 39           ; 0            ; 62           ; 1                     ; 0                  ; no     ; no             ; no            ; no              ; no       ; Off          ; 2.5 V        ; Off         ; --                        ; Fitter               ; no        ;
; message_addr[7]   ; AB14  ; 4A       ; 33           ; 0            ; 31           ; 1                     ; 0                  ; no     ; no             ; no            ; no              ; no       ; Off          ; 2.5 V        ; Off         ; --                        ; Fitter               ; no        ;
; message_addr[8]   ; AF8   ; 4A       ; 43           ; 0            ; 93           ; 1                     ; 0                  ; no     ; no             ; no            ; no              ; no       ; Off          ; 2.5 V        ; Off         ; --                        ; Fitter               ; no        ;
; message_addr[9]   ; AH3   ; 4A       ; 50           ; 0            ; 93           ; 1                     ; 0                  ; no     ; no             ; no            ; no              ; no       ; Off          ; 2.5 V        ; Off         ; --                        ; Fitter               ; no        ;
; output_addr[0]    ; AF10  ; 4A       ; 39           ; 0            ; 93           ; 1                     ; 0                  ; no     ; no             ; no            ; no              ; no       ; Off          ; 2.5 V        ; Off         ; --                        ; Fitter               ; no        ;
; output_addr[10]   ; AB13  ; 4A       ; 37           ; 0            ; 31           ; 1                     ; 0                  ; no     ; no             ; no            ; no              ; no       ; Off          ; 2.5 V        ; Off         ; --                        ; Fitter               ; no        ;
; output_addr[11]   ; AE13  ; 4A       ; 35           ; 0            ; 0            ; 1                     ; 0                  ; no     ; no             ; no            ; no              ; no       ; Off          ; 2.5 V        ; Off         ; --                        ; Fitter               ; no        ;
; output_addr[12]   ; AC14  ; 4A       ; 33           ; 0            ; 93           ; 1                     ; 0                  ; no     ; no             ; no            ; no              ; no       ; Off          ; 2.5 V        ; Off         ; --                        ; Fitter               ; no        ;
; output_addr[13]   ; AD12  ; 4A       ; 47           ; 0            ; 93           ; 1                     ; 0                  ; no     ; no             ; no            ; no              ; no       ; Off          ; 2.5 V        ; Off         ; --                        ; Fitter               ; no        ;
; output_addr[14]   ; AH5   ; 4A       ; 35           ; 0            ; 93           ; 1                     ; 0                  ; no     ; no             ; no            ; no              ; no       ; Off          ; 2.5 V        ; Off         ; --                        ; Fitter               ; no        ;
; output_addr[15]   ; AF13  ; 4A       ; 35           ; 0            ; 62           ; 1                     ; 0                  ; no     ; no             ; no            ; no              ; no       ; Off          ; 2.5 V        ; Off         ; --                        ; Fitter               ; no        ;
; output_addr[1]    ; AF9   ; 4A       ; 41           ; 0            ; 62           ; 1                     ; 0                  ; no     ; no             ; no            ; no              ; no       ; Off          ; 2.5 V        ; Off         ; --                        ; Fitter               ; no        ;
; output_addr[2]    ; AF5   ; 4A       ; 47           ; 0            ; 62           ; 1                     ; 0                  ; no     ; no             ; no            ; no              ; no       ; Off          ; 2.5 V        ; Off         ; --                        ; Fitter               ; no        ;
; output_addr[3]    ; AC12  ; 4A       ; 47           ; 0            ; 31           ; 1                     ; 0                  ; no     ; no             ; no            ; no              ; no       ; Off          ; 2.5 V        ; Off         ; --                        ; Fitter               ; no        ;
; output_addr[4]    ; AE10  ; 4A       ; 39           ; 0            ; 31           ; 1                     ; 0                  ; no     ; no             ; no            ; no              ; no       ; Off          ; 2.5 V        ; Off         ; --                        ; Fitter               ; no        ;
; output_addr[5]    ; AE11  ; 4A       ; 39           ; 0            ; 0            ; 1                     ; 0                  ; no     ; no             ; no            ; no              ; no       ; Off          ; 2.5 V        ; Off         ; --                        ; Fitter               ; no        ;
; output_addr[6]    ; AG1   ; 4A       ; 54           ; 0            ; 62           ; 1                     ; 0                  ; no     ; no             ; no            ; no              ; no       ; Off          ; 2.5 V        ; Off         ; --                        ; Fitter               ; no        ;
; output_addr[7]    ; AF12  ; 4A       ; 37           ; 0            ; 62           ; 1                     ; 0                  ; no     ; no             ; no            ; no              ; no       ; Off          ; 2.5 V        ; Off         ; --                        ; Fitter               ; no        ;
; output_addr[8]    ; AH4   ; 4A       ; 35           ; 0            ; 31           ; 1                     ; 0                  ; no     ; no             ; no            ; no              ; no       ; Off          ; 2.5 V        ; Off         ; --                        ; Fitter               ; no        ;
; output_addr[9]    ; W13   ; 4A       ; 41           ; 0            ; 93           ; 1                     ; 0                  ; no     ; no             ; no            ; no              ; no       ; Off          ; 2.5 V        ; Off         ; --                        ; Fitter               ; no        ;
; reset_n           ; AF15  ; 3A       ; 26           ; 0            ; 93           ; 820                   ; 0                  ; yes    ; no             ; no            ; no              ; no       ; Off          ; 2.5 V        ; Off         ; --                        ; Fitter               ; no        ;
; start             ; AC5   ; 5A       ; 59           ; 4            ; 0            ; 9                     ; 0                  ; no     ; no             ; no            ; no              ; no       ; Off          ; 2.5 V        ; Off         ; --                        ; Fitter               ; no        ;
+-------------------+-------+----------+--------------+--------------+--------------+-----------------------+--------------------+--------+----------------+---------------+-----------------+----------+--------------+--------------+-------------+---------------------------+----------------------+-----------+


+---------------------------------------------------------------------------------------------------------------------------------------------------------------------------------------------------------------------------------------------------------------------------------------------------------------------------------------------------------------------------------------------------------------------------------------------------------------------+
; Output Pins                                                                                                                                                                                                                                                                                                                                                                                                                                                         ;
+--------------------+-------+----------+--------------+--------------+--------------+-----------------+------------------------+---------------+-----------+-----------------+------------+---------------+----------+--------------+--------------+------------------+-----------------------------------+---------------------------+----------------------------+-----------------------------+----------------------+----------------------+---------------------+
; Name               ; Pin # ; I/O Bank ; X coordinate ; Y coordinate ; Z coordinate ; Output Register ; Output Enable Register ; Power Up High ; Slew Rate ; PCI I/O Enabled ; Open Drain ; TRI Primitive ; Bus Hold ; Weak Pull Up ; I/O Standard ; Current Strength ; Termination                       ; Termination Control Block ; Output Buffer Pre-emphasis ; Voltage Output Differential ; Location assigned by ; Output Enable Source ; Output Enable Group ;
+--------------------+-------+----------+--------------+--------------+--------------+-----------------+------------------------+---------------+-----------+-----------------+------------+---------------+----------+--------------+--------------+------------------+-----------------------------------+---------------------------+----------------------------+-----------------------------+----------------------+----------------------+---------------------+
; done               ; AB7   ; 5A       ; 59           ; 4            ; 31           ; no              ; no                     ; no            ; 1         ; no              ; no         ; no            ; no       ; Off          ; 2.5 V        ; Default          ; Series 50 Ohm without Calibration ; --                        ; no                         ; no                          ; Fitter               ; -                    ; -                   ;
; mem_addr[0]        ; AE12  ; 4A       ; 37           ; 0            ; 0            ; no              ; no                     ; no            ; 1         ; no              ; no         ; no            ; no       ; Off          ; 2.5 V        ; Default          ; Series 50 Ohm without Calibration ; --                        ; no                         ; no                          ; Fitter               ; -                    ; -                   ;
; mem_addr[10]       ; AF3   ; 4A       ; 52           ; 0            ; 62           ; no              ; no                     ; no            ; 1         ; no              ; no         ; no            ; no       ; Off          ; 2.5 V        ; Default          ; Series 50 Ohm without Calibration ; --                        ; no                         ; no                          ; Fitter               ; -                    ; -                   ;
; mem_addr[11]       ; W10   ; 4A       ; 52           ; 0            ; 31           ; no              ; no                     ; no            ; 1         ; no              ; no         ; no            ; no       ; Off          ; 2.5 V        ; Default          ; Series 50 Ohm without Calibration ; --                        ; no                         ; no                          ; Fitter               ; -                    ; -                   ;
; mem_addr[12]       ; AG4   ; 4A       ; 48           ; 0            ; 62           ; no              ; no                     ; no            ; 1         ; no              ; no         ; no            ; no       ; Off          ; 2.5 V        ; Default          ; Series 50 Ohm without Calibration ; --                        ; no                         ; no                          ; Fitter               ; -                    ; -                   ;
; mem_addr[13]       ; AF6   ; 4A       ; 45           ; 0            ; 62           ; no              ; no                     ; no            ; 1         ; no              ; no         ; no            ; no       ; Off          ; 2.5 V        ; Default          ; Series 50 Ohm without Calibration ; --                        ; no                         ; no                          ; Fitter               ; -                    ; -                   ;
; mem_addr[14]       ; AB11  ; 4A       ; 48           ; 0            ; 31           ; no              ; no                     ; no            ; 1         ; no              ; no         ; no            ; no       ; Off          ; 2.5 V        ; Default          ; Series 50 Ohm without Calibration ; --                        ; no                         ; no                          ; Fitter               ; -                    ; -                   ;
; mem_addr[15]       ; AF2   ; 4A       ; 52           ; 0            ; 0            ; no              ; no                     ; no            ; 1         ; no              ; no         ; no            ; no       ; Off          ; 2.5 V        ; Default          ; Series 50 Ohm without Calibration ; --                        ; no                         ; no                          ; Fitter               ; -                    ; -                   ;
; mem_addr[1]        ; W11   ; 4A       ; 45           ; 0            ; 31           ; no              ; no                     ; no            ; 1         ; no              ; no         ; no            ; no       ; Off          ; 2.5 V        ; Default          ; Series 50 Ohm without Calibration ; --                        ; no                         ; no                          ; Fitter               ; -                    ; -                   ;
; mem_addr[2]        ; Y12   ; 4A       ; 45           ; 0            ; 93           ; no              ; no                     ; no            ; 1         ; no              ; no         ; no            ; no       ; Off          ; 2.5 V        ; Default          ; Series 50 Ohm without Calibration ; --                        ; no                         ; no                          ; Fitter               ; -                    ; -                   ;
; mem_addr[3]        ; AC11  ; 4A       ; 48           ; 0            ; 93           ; no              ; no                     ; no            ; 1         ; no              ; no         ; no            ; no       ; Off          ; 2.5 V        ; Default          ; Series 50 Ohm without Calibration ; --                        ; no                         ; no                          ; Fitter               ; -                    ; -                   ;
; mem_addr[4]        ; AA6   ; 5A       ; 59           ; 4            ; 93           ; no              ; no                     ; no            ; 1         ; no              ; no         ; no            ; no       ; Off          ; 2.5 V        ; Default          ; Series 50 Ohm without Calibration ; --                        ; no                         ; no                          ; Fitter               ; -                    ; -                   ;
; mem_addr[5]        ; AE5   ; 4A       ; 47           ; 0            ; 0            ; no              ; no                     ; no            ; 1         ; no              ; no         ; no            ; no       ; Off          ; 2.5 V        ; Default          ; Series 50 Ohm without Calibration ; --                        ; no                         ; no                          ; Fitter               ; -                    ; -                   ;
; mem_addr[6]        ; Y11   ; 4A       ; 52           ; 0            ; 93           ; no              ; no                     ; no            ; 1         ; no              ; no         ; no            ; no       ; Off          ; 2.5 V        ; Default          ; Series 50 Ohm without Calibration ; --                        ; no                         ; no                          ; Fitter               ; -                    ; -                   ;
; mem_addr[7]        ; AE6   ; 4A       ; 45           ; 0            ; 0            ; no              ; no                     ; no            ; 1         ; no              ; no         ; no            ; no       ; Off          ; 2.5 V        ; Default          ; Series 50 Ohm without Calibration ; --                        ; no                         ; no                          ; Fitter               ; -                    ; -                   ;
; mem_addr[8]        ; AC13  ; 4A       ; 37           ; 0            ; 93           ; no              ; no                     ; no            ; 1         ; no              ; no         ; no            ; no       ; Off          ; 2.5 V        ; Default          ; Series 50 Ohm without Calibration ; --                        ; no                         ; no                          ; Fitter               ; -                    ; -                   ;
; mem_addr[9]        ; AG3   ; 4A       ; 48           ; 0            ; 0            ; no              ; no                     ; no            ; 1         ; no              ; no         ; no            ; no       ; Off          ; 2.5 V        ; Default          ; Series 50 Ohm without Calibration ; --                        ; no                         ; no                          ; Fitter               ; -                    ; -                   ;
; mem_clk            ; AH15  ; 3A       ; 25           ; 0            ; 62           ; no              ; no                     ; no            ; 1         ; no              ; no         ; no            ; no       ; Off          ; 2.5 V        ; Default          ; Series 50 Ohm without Calibration ; --                        ; no                         ; no                          ; Fitter               ; -                    ; -                   ;
; mem_we             ; AD1   ; 5A       ; 59           ; 15           ; 0            ; no              ; no                     ; no            ; 1         ; no              ; no         ; no            ; no       ; Off          ; 2.5 V        ; Default          ; Series 50 Ohm without Calibration ; --                        ; no                         ; no                          ; Fitter               ; -                    ; -                   ;
; mem_write_data[0]  ; M5    ; 5A       ; 59           ; 26           ; 93           ; no              ; no                     ; no            ; 1         ; no              ; no         ; no            ; no       ; Off          ; 2.5 V        ; Default          ; Series 50 Ohm without Calibration ; --                        ; no                         ; no                          ; Fitter               ; -                    ; -                   ;
; mem_write_data[10] ; E1    ; 6A       ; 59           ; 34           ; 62           ; no              ; no                     ; no            ; 1         ; no              ; no         ; no            ; no       ; Off          ; 2.5 V        ; Default          ; Series 50 Ohm without Calibration ; --                        ; no                         ; no                          ; Fitter               ; -                    ; -                   ;
; mem_write_data[11] ; U1    ; 5A       ; 59           ; 23           ; 62           ; no              ; no                     ; no            ; 1         ; no              ; no         ; no            ; no       ; Off          ; 2.5 V        ; Default          ; Series 50 Ohm without Calibration ; --                        ; no                         ; no                          ; Fitter               ; -                    ; -                   ;
; mem_write_data[12] ; N4    ; 5A       ; 59           ; 18           ; 93           ; no              ; no                     ; no            ; 1         ; no              ; no         ; no            ; no       ; Off          ; 2.5 V        ; Default          ; Series 50 Ohm without Calibration ; --                        ; no                         ; no                          ; Fitter               ; -                    ; -                   ;
; mem_write_data[13] ; R4    ; 5A       ; 59           ; 25           ; 62           ; no              ; no                     ; no            ; 1         ; no              ; no         ; no            ; no       ; Off          ; 2.5 V        ; Default          ; Series 50 Ohm without Calibration ; --                        ; no                         ; no                          ; Fitter               ; -                    ; -                   ;
; mem_write_data[14] ; P3    ; 5A       ; 59           ; 26           ; 62           ; no              ; no                     ; no            ; 1         ; no              ; no         ; no            ; no       ; Off          ; 2.5 V        ; Default          ; Series 50 Ohm without Calibration ; --                        ; no                         ; no                          ; Fitter               ; -                    ; -                   ;
; mem_write_data[15] ; K1    ; 6A       ; 59           ; 28           ; 31           ; no              ; no                     ; no            ; 1         ; no              ; no         ; no            ; no       ; Off          ; 2.5 V        ; Default          ; Series 50 Ohm without Calibration ; --                        ; no                         ; no                          ; Fitter               ; -                    ; -                   ;
; mem_write_data[16] ; W2    ; 5A       ; 59           ; 19           ; 62           ; no              ; no                     ; no            ; 1         ; no              ; no         ; no            ; no       ; Off          ; 2.5 V        ; Default          ; Series 50 Ohm without Calibration ; --                        ; no                         ; no                          ; Fitter               ; -                    ; -                   ;
; mem_write_data[17] ; L3    ; 6A       ; 59           ; 28           ; 0            ; no              ; no                     ; no            ; 1         ; no              ; no         ; no            ; no       ; Off          ; 2.5 V        ; Default          ; Series 50 Ohm without Calibration ; --                        ; no                         ; no                          ; Fitter               ; -                    ; -                   ;
; mem_write_data[18] ; M3    ; 6A       ; 59           ; 30           ; 62           ; no              ; no                     ; no            ; 1         ; no              ; no         ; no            ; no       ; Off          ; 2.5 V        ; Default          ; Series 50 Ohm without Calibration ; --                        ; no                         ; no                          ; Fitter               ; -                    ; -                   ;
; mem_write_data[19] ; R5    ; 5A       ; 59           ; 25           ; 0            ; no              ; no                     ; no            ; 1         ; no              ; no         ; no            ; no       ; Off          ; 2.5 V        ; Default          ; Series 50 Ohm without Calibration ; --                        ; no                         ; no                          ; Fitter               ; -                    ; -                   ;
; mem_write_data[1]  ; M6    ; 5A       ; 59           ; 23           ; 31           ; no              ; no                     ; no            ; 1         ; no              ; no         ; no            ; no       ; Off          ; 2.5 V        ; Default          ; Series 50 Ohm without Calibration ; --                        ; no                         ; no                          ; Fitter               ; -                    ; -                   ;
; mem_write_data[20] ; J7    ; 6A       ; 59           ; 33           ; 31           ; no              ; no                     ; no            ; 1         ; no              ; no         ; no            ; no       ; Off          ; 2.5 V        ; Default          ; Series 50 Ohm without Calibration ; --                        ; no                         ; no                          ; Fitter               ; -                    ; -                   ;
; mem_write_data[21] ; H1    ; 6A       ; 59           ; 31           ; 0            ; no              ; no                     ; no            ; 1         ; no              ; no         ; no            ; no       ; Off          ; 2.5 V        ; Default          ; Series 50 Ohm without Calibration ; --                        ; no                         ; no                          ; Fitter               ; -                    ; -                   ;
; mem_write_data[22] ; J6    ; 6A       ; 59           ; 33           ; 93           ; no              ; no                     ; no            ; 1         ; no              ; no         ; no            ; no       ; Off          ; 2.5 V        ; Default          ; Series 50 Ohm without Calibration ; --                        ; no                         ; no                          ; Fitter               ; -                    ; -                   ;
; mem_write_data[23] ; R1    ; 5A       ; 59           ; 25           ; 93           ; no              ; no                     ; no            ; 1         ; no              ; no         ; no            ; no       ; Off          ; 2.5 V        ; Default          ; Series 50 Ohm without Calibration ; --                        ; no                         ; no                          ; Fitter               ; -                    ; -                   ;
; mem_write_data[24] ; K4    ; 6A       ; 59           ; 39           ; 62           ; no              ; no                     ; no            ; 1         ; no              ; no         ; no            ; no       ; Off          ; 2.5 V        ; Default          ; Series 50 Ohm without Calibration ; --                        ; no                         ; no                          ; Fitter               ; -                    ; -                   ;
; mem_write_data[25] ; K5    ; 6A       ; 59           ; 39           ; 0            ; no              ; no                     ; no            ; 1         ; no              ; no         ; no            ; no       ; Off          ; 2.5 V        ; Default          ; Series 50 Ohm without Calibration ; --                        ; no                         ; no                          ; Fitter               ; -                    ; -                   ;
; mem_write_data[26] ; L1    ; 6A       ; 59           ; 28           ; 93           ; no              ; no                     ; no            ; 1         ; no              ; no         ; no            ; no       ; Off          ; 2.5 V        ; Default          ; Series 50 Ohm without Calibration ; --                        ; no                         ; no                          ; Fitter               ; -                    ; -                   ;
; mem_write_data[27] ; P1    ; 5A       ; 59           ; 25           ; 31           ; no              ; no                     ; no            ; 1         ; no              ; no         ; no            ; no       ; Off          ; 2.5 V        ; Default          ; Series 50 Ohm without Calibration ; --                        ; no                         ; no                          ; Fitter               ; -                    ; -                   ;
; mem_write_data[28] ; T1    ; 5A       ; 59           ; 23           ; 0            ; no              ; no                     ; no            ; 1         ; no              ; no         ; no            ; no       ; Off          ; 2.5 V        ; Default          ; Series 50 Ohm without Calibration ; --                        ; no                         ; no                          ; Fitter               ; -                    ; -                   ;
; mem_write_data[29] ; M2    ; 6A       ; 59           ; 28           ; 62           ; no              ; no                     ; no            ; 1         ; no              ; no         ; no            ; no       ; Off          ; 2.5 V        ; Default          ; Series 50 Ohm without Calibration ; --                        ; no                         ; no                          ; Fitter               ; -                    ; -                   ;
; mem_write_data[2]  ; T4    ; 5A       ; 59           ; 22           ; 31           ; no              ; no                     ; no            ; 1         ; no              ; no         ; no            ; no       ; Off          ; 2.5 V        ; Default          ; Series 50 Ohm without Calibration ; --                        ; no                         ; no                          ; Fitter               ; -                    ; -                   ;
; mem_write_data[30] ; T3    ; 5A       ; 59           ; 22           ; 62           ; no              ; no                     ; no            ; 1         ; no              ; no         ; no            ; no       ; Off          ; 2.5 V        ; Default          ; Series 50 Ohm without Calibration ; --                        ; no                         ; no                          ; Fitter               ; -                    ; -                   ;
; mem_write_data[31] ; K6    ; 6A       ; 59           ; 30           ; 93           ; no              ; no                     ; no            ; 1         ; no              ; no         ; no            ; no       ; Off          ; 2.5 V        ; Default          ; Series 50 Ohm without Calibration ; --                        ; no                         ; no                          ; Fitter               ; -                    ; -                   ;
; mem_write_data[3]  ; K9    ; 6A       ; 59           ; 39           ; 31           ; no              ; no                     ; no            ; 1         ; no              ; no         ; no            ; no       ; Off          ; 2.5 V        ; Default          ; Series 50 Ohm without Calibration ; --                        ; no                         ; no                          ; Fitter               ; -                    ; -                   ;
; mem_write_data[4]  ; N6    ; 5A       ; 59           ; 23           ; 93           ; no              ; no                     ; no            ; 1         ; no              ; no         ; no            ; no       ; Off          ; 2.5 V        ; Default          ; Series 50 Ohm without Calibration ; --                        ; no                         ; no                          ; Fitter               ; -                    ; -                   ;
; mem_write_data[5]  ; H4    ; 6A       ; 59           ; 37           ; 0            ; no              ; no                     ; no            ; 1         ; no              ; no         ; no            ; no       ; Off          ; 2.5 V        ; Default          ; Series 50 Ohm without Calibration ; --                        ; no                         ; no                          ; Fitter               ; -                    ; -                   ;
; mem_write_data[6]  ; J5    ; 6A       ; 59           ; 37           ; 31           ; no              ; no                     ; no            ; 1         ; no              ; no         ; no            ; no       ; Off          ; 2.5 V        ; Default          ; Series 50 Ohm without Calibration ; --                        ; no                         ; no                          ; Fitter               ; -                    ; -                   ;
; mem_write_data[7]  ; K8    ; 6A       ; 59           ; 39           ; 93           ; no              ; no                     ; no            ; 1         ; no              ; no         ; no            ; no       ; Off          ; 2.5 V        ; Default          ; Series 50 Ohm without Calibration ; --                        ; no                         ; no                          ; Fitter               ; -                    ; -                   ;
; mem_write_data[8]  ; R3    ; 5A       ; 59           ; 22           ; 0            ; no              ; no                     ; no            ; 1         ; no              ; no         ; no            ; no       ; Off          ; 2.5 V        ; Default          ; Series 50 Ohm without Calibration ; --                        ; no                         ; no                          ; Fitter               ; -                    ; -                   ;
; mem_write_data[9]  ; R6    ; 5A       ; 59           ; 21           ; 93           ; no              ; no                     ; no            ; 1         ; no              ; no         ; no            ; no       ; Off          ; 2.5 V        ; Default          ; Series 50 Ohm without Calibration ; --                        ; no                         ; no                          ; Fitter               ; -                    ; -                   ;
+--------------------+-------+----------+--------------+--------------+--------------+-----------------+------------------------+---------------+-----------+-----------------+------------+---------------+----------+--------------+--------------+------------------+-----------------------------------+---------------------------+----------------------------+-----------------------------+----------------------+----------------------+---------------------+


+---------------------------------------------------------------------------------------------------------------------+
; Dual Purpose and Dedicated Pins                                                                                     ;
+----------+----------------------------------+------------------------+------------------+---------------------------+
; Location ; Pin Name                         ; Reserved As            ; User Signal Name ; Pin Type                  ;
+----------+----------------------------------+------------------------+------------------+---------------------------+
; AA24     ; nCONFIG                          ; -                      ; -                ; Dedicated Programming Pin ;
; AA23     ; CONF_DONE                        ; -                      ; -                ; Dedicated Programming Pin ;
; AB24     ; MSEL3                            ; -                      ; -                ; Dedicated Programming Pin ;
; Y24      ; MSEL2                            ; -                      ; -                ; Dedicated Programming Pin ;
; Y23      ; MSEL1                            ; -                      ; -                ; Dedicated Programming Pin ;
; W24      ; MSEL0                            ; -                      ; -                ; Dedicated Programming Pin ;
; W23      ; nSTATUS                          ; -                      ; -                ; Dedicated Programming Pin ;
; AB22     ; nIO_PULLUP                       ; -                      ; -                ; Dedicated Programming Pin ;
; AA22     ; nCE                              ; -                      ; -                ; Dedicated Programming Pin ;
; AB16     ; DIFFIO_RX_B2p, DIFFOUT_B2p, nCEO ; Use as programming pin ; ~ALTERA_nCEO~    ; Dual Purpose Pin          ;
; J22      ; ASDO                             ; -                      ; -                ; Dedicated Programming Pin ;
; H22      ; nCSO                             ; -                      ; -                ; Dedicated Programming Pin ;
; K22      ; DATA0                            ; -                      ; -                ; Dedicated Programming Pin ;
; K24      ; DCLK                             ; -                      ; -                ; Dedicated Programming Pin ;
+----------+----------------------------------+------------------------+------------------+---------------------------+


+----------------------------------------------------------------------------+
; I/O Bank Usage                                                             ;
+----------+------------------+---------------+--------------+---------------+
; I/O Bank ; Usage            ; VCCIO Voltage ; VREF Voltage ; VCCPD Voltage ;
+----------+------------------+---------------+--------------+---------------+
; QL1      ; 0 / 20 ( 0 % )   ; --            ; --           ; --            ;
; QL0      ; 0 / 20 ( 0 % )   ; --            ; --           ; --            ;
; 3C       ; 0 / 0 ( -- )     ; 2.5V          ; --           ; 2.5V          ;
; 3A       ; 4 / 54 ( 7 % )   ; 2.5V          ; --           ; 2.5V          ;
; 4A       ; 47 / 70 ( 67 % ) ; 2.5V          ; --           ; 2.5V          ;
; 5A       ; 52 / 66 ( 79 % ) ; 2.5V          ; --           ; 2.5V          ;
; 6A       ; 16 / 50 ( 32 % ) ; 2.5V          ; --           ; 2.5V          ;
; 7A       ; 0 / 70 ( 0 % )   ; 2.5V          ; --           ; 2.5V          ;
; 8A       ; 0 / 54 ( 0 % )   ; 2.5V          ; --           ; 2.5V          ;
; 8C       ; 0 / 0 ( -- )     ; 2.5V          ; --           ; 2.5V          ;
+----------+------------------+---------------+--------------+---------------+


+--------------------------------------------------------------------------------------------------------------------------------------------------------------------------+
; All Package Pins                                                                                                                                                         ;
+----------+------------+----------+--------------------------------------------+--------+--------------+---------+------------+-----------------+----------+--------------+
; Location ; Pad Number ; I/O Bank ; Pin Name/Usage                             ; Dir.   ; I/O Standard ; Voltage ; I/O Type   ; User Assignment ; Bus Hold ; Weak Pull Up ;
+----------+------------+----------+--------------------------------------------+--------+--------------+---------+------------+-----------------+----------+--------------+
; A2       ; 291        ; 6A       ; RESERVED_INPUT_WITH_WEAK_PULLUP            ;        ;              ;         ; Row I/O    ;                 ; no       ; On           ;
; A3       ; 323        ; 7A       ; RESERVED_INPUT_WITH_WEAK_PULLUP            ;        ;              ;         ; Column I/O ;                 ; no       ; On           ;
; A4       ; 324        ; 7A       ; RESERVED_INPUT_WITH_WEAK_PULLUP            ;        ;              ;         ; Column I/O ;                 ; no       ; On           ;
; A5       ; 322        ; 7A       ; RESERVED_INPUT_WITH_WEAK_PULLUP            ;        ;              ;         ; Column I/O ;                 ; no       ; On           ;
; A6       ; 359        ; 7A       ; RESERVED_INPUT_WITH_WEAK_PULLUP            ;        ;              ;         ; Column I/O ;                 ; no       ; On           ;
; A7       ; 364        ; 7A       ; RESERVED_INPUT_WITH_WEAK_PULLUP            ;        ;              ;         ; Column I/O ;                 ; no       ; On           ;
; A8       ; 362        ; 7A       ; RESERVED_INPUT_WITH_WEAK_PULLUP            ;        ;              ;         ; Column I/O ;                 ; no       ; On           ;
; A9       ; 363        ; 7A       ; RESERVED_INPUT_WITH_WEAK_PULLUP            ;        ;              ;         ; Column I/O ;                 ; no       ; On           ;
; A10      ; 361        ; 7A       ; RESERVED_INPUT_WITH_WEAK_PULLUP            ;        ;              ;         ; Column I/O ;                 ; no       ; On           ;
; A11      ; 367        ; 7A       ; RESERVED_INPUT_WITH_WEAK_PULLUP            ;        ;              ;         ; Column I/O ;                 ; no       ; On           ;
; A12      ; 371        ; 7A       ; RESERVED_INPUT_WITH_WEAK_PULLUP            ;        ;              ;         ; Column I/O ;                 ; no       ; On           ;
; A13      ; 369        ; 7A       ; RESERVED_INPUT_WITH_WEAK_PULLUP            ;        ;              ;         ; Column I/O ;                 ; no       ; On           ;
; A14      ; 372        ; 7A       ; RESERVED_INPUT_WITH_WEAK_PULLUP            ;        ;              ;         ; Column I/O ;                 ; no       ; On           ;
; A15      ; 370        ; 7A       ; RESERVED_INPUT_WITH_WEAK_PULLUP            ;        ;              ;         ; Column I/O ;                 ; no       ; On           ;
; A16      ; 384        ; 8A       ; RESERVED_INPUT_WITH_WEAK_PULLUP            ;        ;              ;         ; Column I/O ;                 ; no       ; On           ;
; A17      ; 383        ; 8A       ; RESERVED_INPUT_WITH_WEAK_PULLUP            ;        ;              ;         ; Column I/O ;                 ; no       ; On           ;
; A18      ; 381        ; 8A       ; RESERVED_INPUT_WITH_WEAK_PULLUP            ;        ;              ;         ; Column I/O ;                 ; no       ; On           ;
; A19      ; 391        ; 8A       ; RESERVED_INPUT_WITH_WEAK_PULLUP            ;        ;              ;         ; Column I/O ;                 ; no       ; On           ;
; A20      ; 389        ; 8A       ; RESERVED_INPUT_WITH_WEAK_PULLUP            ;        ;              ;         ; Column I/O ;                 ; no       ; On           ;
; A21      ;            ;          ; GND                                        ; gnd    ;              ;         ; --         ;                 ; --       ; --           ;
; A22      ;            ;          ; NC                                         ;        ;              ;         ; --         ;                 ; --       ; --           ;
; A23      ;            ;          ; GND                                        ; gnd    ;              ;         ; --         ;                 ; --       ; --           ;
; A24      ;            ;          ; NC                                         ;        ;              ;         ; --         ;                 ; --       ; --           ;
; A25      ;            ;          ; GND                                        ; gnd    ;              ;         ; --         ;                 ; --       ; --           ;
; A26      ;            ;          ; NC                                         ;        ;              ;         ; --         ;                 ; --       ; --           ;
; A27      ;            ;          ; GND                                        ; gnd    ;              ;         ; --         ;                 ; --       ; --           ;
; AA1      ; 206        ; 5A       ; mem_read_data[16]                          ; input  ; 2.5 V        ;         ; Row I/O    ; N               ; no       ; Off          ;
; AA2      ;            ;          ; GND                                        ; gnd    ;              ;         ; --         ;                 ; --       ; --           ;
; AA3      ; 190        ; 5A       ; mem_read_data[27]                          ; input  ; 2.5 V        ;         ; Row I/O    ; N               ; no       ; Off          ;
; AA4      ; 192        ; 5A       ; mem_read_data[23]                          ; input  ; 2.5 V        ;         ; Row I/O    ; N               ; no       ; Off          ;
; AA5      ;            ;          ; GND                                        ; gnd    ;              ;         ; --         ;                 ; --       ; --           ;
; AA6      ; 173        ; 5A       ; mem_addr[4]                                ; output ; 2.5 V        ;         ; Row I/O    ; N               ; no       ; Off          ;
; AA7      ;            ;          ; VCCD_PLL_3                                 ; power  ;              ; 0.9V    ; --         ;                 ; --       ; --           ;
; AA8      ;            ;          ; GND                                        ; gnd    ;              ;         ; --         ;                 ; --       ; --           ;
; AA9      ;            ;          ; NC                                         ;        ;              ;         ; --         ;                 ; --       ; --           ;
; AA10     ; 165        ; 4A       ; RESERVED_INPUT_WITH_WEAK_PULLUP            ;        ;              ;         ; Column I/O ;                 ; no       ; On           ;
; AA11     ;            ;          ; GND                                        ; gnd    ;              ;         ; --         ;                 ; --       ; --           ;
; AA12     ;            ; 4A       ; VCCPD4A                                    ; power  ;              ; 2.5V    ; --         ;                 ; --       ; --           ;
; AA13     ;            ; 4A       ; VCCPD4A                                    ; power  ;              ; 2.5V    ; --         ;                 ; --       ; --           ;
; AA14     ;            ;          ; GND                                        ; gnd    ;              ;         ; --         ;                 ; --       ; --           ;
; AA15     ; 99         ; 3A       ; RESERVED_INPUT_WITH_WEAK_PULLUP            ;        ;              ;         ; Column I/O ;                 ; no       ; On           ;
; AA16     ; 81         ; 3A       ; RESERVED_INPUT_WITH_WEAK_PULLUP            ;        ;              ;         ; Column I/O ;                 ; no       ; On           ;
; AA17     ;            ;          ; GND                                        ; gnd    ;              ;         ; --         ;                 ; --       ; --           ;
; AA18     ;            ; 3A       ; VCCPD3A                                    ; power  ;              ; 2.5V    ; --         ;                 ; --       ; --           ;
; AA19     ; 89         ; 3A       ; RESERVED_INPUT_WITH_WEAK_PULLUP            ;        ;              ;         ; Column I/O ;                 ; no       ; On           ;
; AA20     ;            ;          ; GND                                        ; gnd    ;              ;         ; --         ;                 ; --       ; --           ;
; AA21     ;            ;          ; VCCD_PLL_4                                 ; power  ;              ; 0.9V    ; --         ;                 ; --       ; --           ;
; AA22     ; 48         ; 3C       ; ^nCE                                       ;        ;              ;         ; --         ;                 ; --       ; --           ;
; AA23     ; 41         ; 3C       ; ^CONF_DONE                                 ;        ;              ;         ; --         ;                 ; --       ; --           ;
; AA24     ; 40         ; 3C       ; ^nCONFIG                                   ;        ;              ;         ; --         ;                 ; --       ; --           ;
; AA25     ;            ;          ; GND                                        ; gnd    ;              ;         ; --         ;                 ; --       ; --           ;
; AA26     ;            ;          ; GND                                        ; gnd    ;              ;         ; --         ;                 ; --       ; --           ;
; AA27     ; 23         ; QL0      ; GXB_GND*                                   ;        ;              ;         ; --         ;                 ; --       ; --           ;
; AA28     ; 22         ; QL0      ; GXB_GND*                                   ;        ;              ;         ; --         ;                 ; --       ; --           ;
; AB1      ; 207        ; 5A       ; mem_read_data[10]                          ; input  ; 2.5 V        ;         ; Row I/O    ; N               ; no       ; Off          ;
; AB2      ; 197        ; 5A       ; mem_read_data[19]                          ; input  ; 2.5 V        ;         ; Row I/O    ; N               ; no       ; Off          ;
; AB3      ; 199        ; 5A       ; mem_read_data[6]                           ; input  ; 2.5 V        ;         ; Row I/O    ; N               ; no       ; Off          ;
; AB4      ; 183        ; 5A       ; RESERVED_INPUT_WITH_WEAK_PULLUP            ;        ;              ;         ; Row I/O    ;                 ; no       ; On           ;
; AB5      ; 178        ; 5A       ; RESERVED_INPUT_WITH_WEAK_PULLUP            ;        ;              ;         ; Row I/O    ;                 ; no       ; On           ;
; AB6      ; 180        ; 5A       ; RESERVED_INPUT_WITH_WEAK_PULLUP            ;        ;              ;         ; Row I/O    ;                 ; no       ; On           ;
; AB7      ; 175        ; 5A       ; done                                       ; output ; 2.5 V        ;         ; Row I/O    ; N               ; no       ; Off          ;
; AB8      ;            ;          ; NC                                         ;        ;              ;         ; --         ;                 ; --       ; --           ;
; AB9      ;            ;          ; NC                                         ;        ;              ;         ; --         ;                 ; --       ; --           ;
; AB10     ; 171        ; 4A       ; RESERVED_INPUT_WITH_WEAK_PULLUP            ;        ;              ;         ; Column I/O ;                 ; no       ; On           ;
; AB11     ; 151        ; 4A       ; mem_addr[14]                               ; output ; 2.5 V        ;         ; Column I/O ; N               ; no       ; Off          ;
; AB12     ;            ; 4A       ; VREFB4AN0                                  ; power  ;              ;         ; --         ;                 ; --       ; --           ;
; AB13     ; 127        ; 4A       ; output_addr[10]                            ; input  ; 2.5 V        ;         ; Column I/O ; N               ; no       ; Off          ;
; AB14     ; 119        ; 4A       ; message_addr[7]                            ; input  ; 2.5 V        ;         ; Column I/O ; N               ; no       ; Off          ;
; AB15     ; 97         ; 3A       ; RESERVED_INPUT_WITH_WEAK_PULLUP            ;        ;              ;         ; Column I/O ;                 ; no       ; On           ;
; AB16     ; 60         ; 3A       ; ~ALTERA_nCEO~ / RESERVED_OUTPUT_OPEN_DRAIN ; output ; 2.5 V        ;         ; Column I/O ; N               ; no       ; Off          ;
; AB17     ; 56         ; 3A       ; RESERVED_INPUT_WITH_WEAK_PULLUP            ;        ;              ;         ; Column I/O ;                 ; no       ; On           ;
; AB18     ;            ; 3A       ; VCCPD3A                                    ; power  ;              ; 2.5V    ; --         ;                 ; --       ; --           ;
; AB19     ; 50         ; 3A       ; RESERVED_INPUT_WITH_WEAK_PULLUP            ;        ;              ;         ; Column I/O ;                 ; no       ; On           ;
; AB20     ;            ;          ; VCCA_PLL_4                                 ; power  ;              ; 2.5V    ; --         ;                 ; --       ; --           ;
; AB21     ;            ;          ; GND                                        ; gnd    ;              ;         ; --         ;                 ; --       ; --           ;
; AB22     ; 47         ; 3C       ; ^nIO_PULLUP                                ;        ;              ;         ; --         ;                 ; --       ; --           ;
; AB23     ;            ;          ; GND                                        ; gnd    ;              ;         ; --         ;                 ; --       ; --           ;
; AB24     ; 42         ; 3C       ; ^MSEL3                                     ;        ;              ;         ; --         ;                 ; --       ; --           ;
; AB25     ; 25         ; QL0      ; GXB_NC                                     ;        ;              ;         ; --         ;                 ; --       ; --           ;
; AB26     ; 24         ; QL0      ; GXB_NC                                     ;        ;              ;         ; --         ;                 ; --       ; --           ;
; AB27     ;            ;          ; GND                                        ; gnd    ;              ;         ; --         ;                 ; --       ; --           ;
; AB28     ;            ;          ; GND                                        ; gnd    ;              ;         ; --         ;                 ; --       ; --           ;
; AC1      ; 205        ; 5A       ; mem_read_data[8]                           ; input  ; 2.5 V        ;         ; Row I/O    ; N               ; no       ; Off          ;
; AC2      ; 189        ; 5A       ; mem_read_data[22]                          ; input  ; 2.5 V        ;         ; Row I/O    ; N               ; no       ; Off          ;
; AC3      ; 191        ; 5A       ; mem_read_data[5]                           ; input  ; 2.5 V        ;         ; Row I/O    ; N               ; no       ; Off          ;
; AC4      ; 181        ; 5A       ; RESERVED_INPUT_WITH_WEAK_PULLUP            ;        ;              ;         ; Row I/O    ;                 ; no       ; On           ;
; AC5      ; 176        ; 5A       ; start                                      ; input  ; 2.5 V        ;         ; Row I/O    ; N               ; no       ; Off          ;
; AC6      ; 163        ; 4A       ; RESERVED_INPUT_WITH_WEAK_PULLUP            ;        ;              ;         ; Column I/O ;                 ; no       ; On           ;
; AC7      ; 172        ; 4A       ; RESERVED_INPUT_WITH_WEAK_PULLUP            ;        ;              ;         ; Column I/O ;                 ; no       ; On           ;
; AC8      ;            ;          ; NC                                         ;        ;              ;         ; --         ;                 ; --       ; --           ;
; AC9      ; 168        ; 4A       ; RESERVED_INPUT_WITH_WEAK_PULLUP            ;        ;              ;         ; Column I/O ;                 ; no       ; On           ;
; AC10     ; 169        ; 4A       ; RESERVED_INPUT_WITH_WEAK_PULLUP            ;        ;              ;         ; Column I/O ;                 ; no       ; On           ;
; AC11     ; 149        ; 4A       ; mem_addr[3]                                ; output ; 2.5 V        ;         ; Column I/O ; N               ; no       ; Off          ;
; AC12     ; 147        ; 4A       ; output_addr[3]                             ; input  ; 2.5 V        ;         ; Column I/O ; N               ; no       ; Off          ;
; AC13     ; 125        ; 4A       ; mem_addr[8]                                ; output ; 2.5 V        ;         ; Column I/O ; N               ; no       ; Off          ;
; AC14     ; 117        ; 4A       ; output_addr[12]                            ; input  ; 2.5 V        ;         ; Column I/O ; N               ; no       ; Off          ;
; AC15     ; 87         ; 3A       ; RESERVED_INPUT_WITH_WEAK_PULLUP            ;        ;              ;         ; Column I/O ;                 ; no       ; On           ;
; AC16     ; 58         ; 3A       ; RESERVED_INPUT_WITH_WEAK_PULLUP            ;        ;              ;         ; Column I/O ;                 ; no       ; On           ;
; AC17     ; 54         ; 3A       ; RESERVED_INPUT_WITH_WEAK_PULLUP            ;        ;              ;         ; Column I/O ;                 ; no       ; On           ;
; AC18     ; 64         ; 3A       ; RESERVED_INPUT_WITH_WEAK_PULLUP            ;        ;              ;         ; Column I/O ;                 ; no       ; On           ;
; AC19     ; 52         ; 3A       ; RESERVED_INPUT_WITH_WEAK_PULLUP            ;        ;              ;         ; Column I/O ;                 ; no       ; On           ;
; AC20     ;            ; 3C       ; VCCIO3C                                    ; power  ;              ; 2.5V    ; --         ;                 ; --       ; --           ;
; AC21     ; 55         ; 3A       ; RESERVED_INPUT_WITH_WEAK_PULLUP            ;        ;              ;         ; Column I/O ;                 ; no       ; On           ;
; AC22     ; 68         ; 3A       ; RESERVED_INPUT_WITH_WEAK_PULLUP            ;        ;              ;         ; Column I/O ;                 ; no       ; On           ;
; AC23     ; 66         ; 3A       ; RESERVED_INPUT_WITH_WEAK_PULLUP            ;        ;              ;         ; Column I/O ;                 ; no       ; On           ;
; AC24     ; 71         ; 3A       ; RESERVED_INPUT_WITH_WEAK_PULLUP            ;        ;              ;         ; Column I/O ;                 ; no       ; On           ;
; AC25     ;            ;          ; GND                                        ; gnd    ;              ;         ; --         ;                 ; --       ; --           ;
; AC26     ;            ;          ; GND                                        ; gnd    ;              ;         ; --         ;                 ; --       ; --           ;
; AC27     ; 27         ; QL0      ; GXB_GND*                                   ;        ;              ;         ; --         ;                 ; --       ; --           ;
; AC28     ; 26         ; QL0      ; GXB_GND*                                   ;        ;              ;         ; --         ;                 ; --       ; --           ;
; AD1      ; 204        ; 5A       ; mem_we                                     ; output ; 2.5 V        ;         ; Row I/O    ; N               ; no       ; Off          ;
; AD2      ;            ;          ; GND                                        ; gnd    ;              ;         ; --         ;                 ; --       ; --           ;
; AD3      ; 188        ; 5A       ; mem_read_data[3]                           ; input  ; 2.5 V        ;         ; Row I/O    ; N               ; no       ; Off          ;
; AD4      ; 174        ; 5A       ; mem_read_data[13]                          ; input  ; 2.5 V        ;         ; Row I/O    ; N               ; no       ; Off          ;
; AD5      ;            ;          ; GND                                        ; gnd    ;              ;         ; --         ;                 ; --       ; --           ;
; AD6      ; 161        ; 4A       ; RESERVED_INPUT_WITH_WEAK_PULLUP            ;        ;              ;         ; Column I/O ;                 ; no       ; On           ;
; AD7      ; 170        ; 4A       ; RESERVED_INPUT_WITH_WEAK_PULLUP            ;        ;              ;         ; Column I/O ;                 ; no       ; On           ;
; AD8      ;            ;          ; GND                                        ; gnd    ;              ;         ; --         ;                 ; --       ; --           ;
; AD9      ; 166        ; 4A       ; RESERVED_INPUT_WITH_WEAK_PULLUP            ;        ;              ;         ; Column I/O ;                 ; no       ; On           ;
; AD10     ;            ; 4A       ; VCCIO4A                                    ; power  ;              ; 2.5V    ; --         ;                 ; --       ; --           ;
; AD11     ;            ;          ; GND                                        ; gnd    ;              ;         ; --         ;                 ; --       ; --           ;
; AD12     ; 145        ; 4A       ; output_addr[13]                            ; input  ; 2.5 V        ;         ; Column I/O ; N               ; no       ; Off          ;
; AD13     ;            ; 4A       ; VCCIO4A                                    ; power  ;              ; 2.5V    ; --         ;                 ; --       ; --           ;
; AD14     ;            ;          ; GND                                        ; gnd    ;              ;         ; --         ;                 ; --       ; --           ;
; AD15     ; 85         ; 3A       ; RESERVED_INPUT_WITH_WEAK_PULLUP            ;        ;              ;         ; Column I/O ;                 ; no       ; On           ;
; AD16     ;            ; 3A       ; VCCIO3A                                    ; power  ;              ; 2.5V    ; --         ;                 ; --       ; --           ;
; AD17     ;            ;          ; GND                                        ; gnd    ;              ;         ; --         ;                 ; --       ; --           ;
; AD18     ; 62         ; 3A       ; RESERVED_INPUT_WITH_WEAK_PULLUP            ;        ;              ;         ; Column I/O ;                 ; no       ; On           ;
; AD19     ;            ; 3A       ; VCCIO3A                                    ; power  ;              ; 2.5V    ; --         ;                 ; --       ; --           ;
; AD20     ;            ;          ; GND                                        ; gnd    ;              ;         ; --         ;                 ; --       ; --           ;
; AD21     ; 53         ; 3A       ; RESERVED_INPUT_WITH_WEAK_PULLUP            ;        ;              ;         ; Column I/O ;                 ; no       ; On           ;
; AD22     ; 63         ; 3A       ; RESERVED_INPUT_WITH_WEAK_PULLUP            ;        ;              ;         ; Column I/O ;                 ; no       ; On           ;
; AD23     ; 61         ; 3A       ; RESERVED_INPUT_WITH_WEAK_PULLUP            ;        ;              ;         ; Column I/O ;                 ; no       ; On           ;
; AD24     ; 69         ; 3A       ; RESERVED_INPUT_WITH_WEAK_PULLUP            ;        ;              ;         ; Column I/O ;                 ; no       ; On           ;
; AD25     ; 29         ; QL0      ; GXB_GND*                                   ;        ;              ;         ; Row I/O    ;                 ; --       ; --           ;
; AD26     ; 28         ; QL0      ; GXB_GND*                                   ;        ;              ;         ; Row I/O    ;                 ; --       ; --           ;
; AD27     ;            ;          ; GND                                        ; gnd    ;              ;         ; --         ;                 ; --       ; --           ;
; AD28     ;            ;          ; GND                                        ; gnd    ;              ;         ; --         ;                 ; --       ; --           ;
; AE1      ; 202        ; 5A       ; mem_read_data[12]                          ; input  ; 2.5 V        ;         ; Row I/O    ; N               ; no       ; Off          ;
; AE2      ;            ; 5A       ; VCCIO5A                                    ; power  ;              ; 2.5V    ; --         ;                 ; --       ; --           ;
; AE3      ; 186        ; 5A       ; mem_read_data[0]                           ; input  ; 2.5 V        ;         ; Row I/O    ; N               ; no       ; Off          ;
; AE4      ; 156        ; 4A       ; message_addr[13]                           ; input  ; 2.5 V        ;         ; Column I/O ; N               ; no       ; Off          ;
; AE5      ; 148        ; 4A       ; mem_addr[5]                                ; output ; 2.5 V        ;         ; Column I/O ; N               ; no       ; Off          ;
; AE6      ; 144        ; 4A       ; mem_addr[7]                                ; output ; 2.5 V        ;         ; Column I/O ; N               ; no       ; Off          ;
; AE7      ; 140        ; 4A       ; message_addr[11]                           ; input  ; 2.5 V        ;         ; Column I/O ; N               ; no       ; Off          ;
; AE8      ; 139        ; 4A       ; message_addr[2]                            ; input  ; 2.5 V        ;         ; Column I/O ; N               ; no       ; Off          ;
; AE9      ; 136        ; 4A       ; message_addr[12]                           ; input  ; 2.5 V        ;         ; Column I/O ; N               ; no       ; Off          ;
; AE10     ; 131        ; 4A       ; output_addr[4]                             ; input  ; 2.5 V        ;         ; Column I/O ; N               ; no       ; Off          ;
; AE11     ; 132        ; 4A       ; output_addr[5]                             ; input  ; 2.5 V        ;         ; Column I/O ; N               ; no       ; Off          ;
; AE12     ; 128        ; 4A       ; mem_addr[0]                                ; output ; 2.5 V        ;         ; Column I/O ; N               ; no       ; Off          ;
; AE13     ; 124        ; 4A       ; output_addr[11]                            ; input  ; 2.5 V        ;         ; Column I/O ; N               ; no       ; Off          ;
; AE14     ; 104        ; 4A       ; GND+                                       ;        ;              ;         ; Column I/O ;                 ; --       ; --           ;
; AE15     ; 103        ; 3A       ; clk                                        ; input  ; 2.5 V        ;         ; Column I/O ; N               ; no       ; Off          ;
; AE16     ; 88         ; 3A       ; RESERVED_INPUT_WITH_WEAK_PULLUP            ;        ;              ;         ; Column I/O ;                 ; no       ; On           ;
; AE17     ; 84         ; 3A       ; RESERVED_INPUT_WITH_WEAK_PULLUP            ;        ;              ;         ; Column I/O ;                 ; no       ; On           ;
; AE18     ; 79         ; 3A       ; RESERVED_INPUT_WITH_WEAK_PULLUP            ;        ;              ;         ; Column I/O ;                 ; no       ; On           ;
; AE19     ; 80         ; 3A       ; RESERVED_INPUT_WITH_WEAK_PULLUP            ;        ;              ;         ; Column I/O ;                 ; no       ; On           ;
; AE20     ; 76         ; 3A       ; RESERVED_INPUT_WITH_WEAK_PULLUP            ;        ;              ;         ; Column I/O ;                 ; no       ; On           ;
; AE21     ; 72         ; 3A       ; RESERVED_INPUT_WITH_WEAK_PULLUP            ;        ;              ;         ; Column I/O ;                 ; no       ; On           ;
; AE22     ; 70         ; 3A       ; RESERVED_INPUT_WITH_WEAK_PULLUP            ;        ;              ;         ; Column I/O ;                 ; no       ; On           ;
; AE23     ;            ;          ; GND                                        ; gnd    ;              ;         ; --         ;                 ; --       ; --           ;
; AE24     ; 37         ; QL0      ; GXB_NC                                     ;        ;              ;         ; --         ;                 ; --       ; --           ;
; AE25     ;            ;          ; GND                                        ; gnd    ;              ;         ; --         ;                 ; --       ; --           ;
; AE26     ;            ;          ; GND                                        ; gnd    ;              ;         ; --         ;                 ; --       ; --           ;
; AE27     ; 31         ; QL0      ; GXB_GND*                                   ;        ;              ;         ; Row I/O    ;                 ; --       ; --           ;
; AE28     ; 30         ; QL0      ; GXB_GND*                                   ;        ;              ;         ; Row I/O    ;                 ; --       ; --           ;
; AF1      ; 164        ; 4A       ; RESERVED_INPUT_WITH_WEAK_PULLUP            ;        ;              ;         ; Column I/O ;                 ; no       ; On           ;
; AF2      ; 160        ; 4A       ; mem_addr[15]                               ; output ; 2.5 V        ;         ; Column I/O ; N               ; no       ; Off          ;
; AF3      ; 158        ; 4A       ; mem_addr[10]                               ; output ; 2.5 V        ;         ; Column I/O ; N               ; no       ; Off          ;
; AF4      ; 154        ; 4A       ; message_addr[15]                           ; input  ; 2.5 V        ;         ; Column I/O ; N               ; no       ; Off          ;
; AF5      ; 146        ; 4A       ; output_addr[2]                             ; input  ; 2.5 V        ;         ; Column I/O ; N               ; no       ; Off          ;
; AF6      ; 142        ; 4A       ; mem_addr[13]                               ; output ; 2.5 V        ;         ; Column I/O ; N               ; no       ; Off          ;
; AF7      ; 138        ; 4A       ; message_addr[14]                           ; input  ; 2.5 V        ;         ; Column I/O ; N               ; no       ; Off          ;
; AF8      ; 137        ; 4A       ; message_addr[8]                            ; input  ; 2.5 V        ;         ; Column I/O ; N               ; no       ; Off          ;
; AF9      ; 134        ; 4A       ; output_addr[1]                             ; input  ; 2.5 V        ;         ; Column I/O ; N               ; no       ; Off          ;
; AF10     ; 129        ; 4A       ; output_addr[0]                             ; input  ; 2.5 V        ;         ; Column I/O ; N               ; no       ; Off          ;
; AF11     ; 130        ; 4A       ; message_addr[6]                            ; input  ; 2.5 V        ;         ; Column I/O ; N               ; no       ; Off          ;
; AF12     ; 126        ; 4A       ; output_addr[7]                             ; input  ; 2.5 V        ;         ; Column I/O ; N               ; no       ; Off          ;
; AF13     ; 122        ; 4A       ; output_addr[15]                            ; input  ; 2.5 V        ;         ; Column I/O ; N               ; no       ; Off          ;
; AF14     ; 102        ; 4A       ; GND+                                       ;        ;              ;         ; Column I/O ;                 ; --       ; --           ;
; AF15     ; 101        ; 3A       ; reset_n                                    ; input  ; 2.5 V        ;         ; Column I/O ; N               ; no       ; Off          ;
; AF16     ; 86         ; 3A       ; RESERVED_INPUT_WITH_WEAK_PULLUP            ;        ;              ;         ; Column I/O ;                 ; no       ; On           ;
; AF17     ; 82         ; 3A       ; RESERVED_INPUT_WITH_WEAK_PULLUP            ;        ;              ;         ; Column I/O ;                 ; no       ; On           ;
; AF18     ; 77         ; 3A       ; RESERVED_INPUT_WITH_WEAK_PULLUP            ;        ;              ;         ; Column I/O ;                 ; no       ; On           ;
; AF19     ; 78         ; 3A       ; RESERVED_INPUT_WITH_WEAK_PULLUP            ;        ;              ;         ; Column I/O ;                 ; no       ; On           ;
; AF20     ; 74         ; 3A       ; RESERVED_INPUT_WITH_WEAK_PULLUP            ;        ;              ;         ; Column I/O ;                 ; no       ; On           ;
; AF21     ;            ;          ; NC                                         ;        ;              ;         ; --         ;                 ; --       ; --           ;
; AF22     ;            ;          ; NC                                         ;        ;              ;         ; --         ;                 ; --       ; --           ;
; AF23     ;            ;          ; GND                                        ; gnd    ;              ;         ; --         ;                 ; --       ; --           ;
; AF24     ; 36         ; QL0      ; GXB_NC                                     ;        ;              ;         ; --         ;                 ; --       ; --           ;
; AF25     ;            ;          ; GND                                        ; gnd    ;              ;         ; --         ;                 ; --       ; --           ;
; AF26     ;            ;          ; GND                                        ; gnd    ;              ;         ; --         ;                 ; --       ; --           ;
; AF27     ;            ;          ; GND                                        ; gnd    ;              ;         ; --         ;                 ; --       ; --           ;
; AF28     ;            ;          ; GND                                        ; gnd    ;              ;         ; --         ;                 ; --       ; --           ;
; AG1      ; 162        ; 4A       ; output_addr[6]                             ; input  ; 2.5 V        ;         ; Column I/O ; N               ; no       ; Off          ;
; AG2      ;            ;          ; GND                                        ; gnd    ;              ;         ; --         ;                 ; --       ; --           ;
; AG3      ; 152        ; 4A       ; mem_addr[9]                                ; output ; 2.5 V        ;         ; Column I/O ; N               ; no       ; Off          ;
; AG4      ; 150        ; 4A       ; mem_addr[12]                               ; output ; 2.5 V        ;         ; Column I/O ; N               ; no       ; Off          ;
; AG5      ;            ;          ; GND                                        ; gnd    ;              ;         ; --         ;                 ; --       ; --           ;
; AG6      ; 120        ; 4A       ; message_addr[1]                            ; input  ; 2.5 V        ;         ; Column I/O ; N               ; no       ; Off          ;
; AG7      ;            ; 4A       ; VCCIO4A                                    ; power  ;              ; 2.5V    ; --         ;                 ; --       ; --           ;
; AG8      ;            ;          ; GND                                        ; gnd    ;              ;         ; --         ;                 ; --       ; --           ;
; AG9      ; 116        ; 4A       ; message_addr[5]                            ; input  ; 2.5 V        ;         ; Column I/O ; N               ; no       ; Off          ;
; AG10     ;            ; 4A       ; VCCIO4A                                    ; power  ;              ; 2.5V    ; --         ;                 ; --       ; --           ;
; AG11     ;            ;          ; GND                                        ; gnd    ;              ;         ; --         ;                 ; --       ; --           ;
; AG12     ; 108        ; 4A       ; RESERVED_INPUT_WITH_WEAK_PULLUP            ;        ;              ;         ; Column I/O ;                 ; no       ; On           ;
; AG13     ;            ; 4A       ; VCCIO4A                                    ; power  ;              ; 2.5V    ; --         ;                 ; --       ; --           ;
; AG14     ;            ;          ; GND                                        ; gnd    ;              ;         ; --         ;                 ; --       ; --           ;
; AG15     ; 100        ; 3A       ; RESERVED_INPUT_WITH_WEAK_PULLUP            ;        ;              ;         ; Column I/O ;                 ; no       ; On           ;
; AG16     ;            ; 3A       ; VCCIO3A                                    ; power  ;              ; 2.5V    ; --         ;                 ; --       ; --           ;
; AG17     ;            ;          ; GND                                        ; gnd    ;              ;         ; --         ;                 ; --       ; --           ;
; AG18     ; 96         ; 3A       ; RESERVED_INPUT_WITH_WEAK_PULLUP            ;        ;              ;         ; Column I/O ;                 ; no       ; On           ;
; AG19     ; 92         ; 3A       ; RESERVED_INPUT_WITH_WEAK_PULLUP            ;        ;              ;         ; Column I/O ;                 ; no       ; On           ;
; AG20     ;            ;          ; GND                                        ; gnd    ;              ;         ; --         ;                 ; --       ; --           ;
; AG21     ;            ;          ; GND                                        ; gnd    ;              ;         ; --         ;                 ; --       ; --           ;
; AG22     ;            ;          ; GND                                        ; gnd    ;              ;         ; --         ;                 ; --       ; --           ;
; AG23     ; 39         ; QL0      ; GXB_GND*                                   ;        ;              ;         ; --         ;                 ; --       ; --           ;
; AG24     ;            ;          ; GND                                        ; gnd    ;              ;         ; --         ;                 ; --       ; --           ;
; AG25     ; 35         ; QL0      ; GXB_GND*                                   ;        ;              ;         ; --         ;                 ; --       ; --           ;
; AG26     ;            ;          ; GND                                        ; gnd    ;              ;         ; --         ;                 ; --       ; --           ;
; AG27     ; 33         ; QL0      ; GXB_NC                                     ;        ;              ;         ; --         ;                 ; --       ; --           ;
; AG28     ;            ;          ; GND                                        ; gnd    ;              ;         ; --         ;                 ; --       ; --           ;
; AH2      ; 155        ; 4A       ; message_addr[3]                            ; input  ; 2.5 V        ;         ; Column I/O ; N               ; no       ; Off          ;
; AH3      ; 153        ; 4A       ; message_addr[9]                            ; input  ; 2.5 V        ;         ; Column I/O ; N               ; no       ; Off          ;
; AH4      ; 123        ; 4A       ; output_addr[8]                             ; input  ; 2.5 V        ;         ; Column I/O ; N               ; no       ; Off          ;
; AH5      ; 121        ; 4A       ; output_addr[14]                            ; input  ; 2.5 V        ;         ; Column I/O ; N               ; no       ; Off          ;
; AH6      ; 118        ; 4A       ; message_addr[10]                           ; input  ; 2.5 V        ;         ; Column I/O ; N               ; no       ; Off          ;
; AH7      ; 115        ; 4A       ; RESERVED_INPUT_WITH_WEAK_PULLUP            ;        ;              ;         ; Column I/O ;                 ; no       ; On           ;
; AH8      ; 113        ; 4A       ; RESERVED_INPUT_WITH_WEAK_PULLUP            ;        ;              ;         ; Column I/O ;                 ; no       ; On           ;
; AH9      ; 114        ; 4A       ; message_addr[0]                            ; input  ; 2.5 V        ;         ; Column I/O ; N               ; no       ; Off          ;
; AH10     ; 112        ; 4A       ; RESERVED_INPUT_WITH_WEAK_PULLUP            ;        ;              ;         ; Column I/O ;                 ; no       ; On           ;
; AH11     ; 110        ; 4A       ; RESERVED_INPUT_WITH_WEAK_PULLUP            ;        ;              ;         ; Column I/O ;                 ; no       ; On           ;
; AH12     ; 106        ; 4A       ; RESERVED_INPUT_WITH_WEAK_PULLUP            ;        ;              ;         ; Column I/O ;                 ; no       ; On           ;
; AH13     ; 107        ; 4A       ; RESERVED_INPUT_WITH_WEAK_PULLUP            ;        ;              ;         ; Column I/O ;                 ; no       ; On           ;
; AH14     ; 105        ; 4A       ; RESERVED_INPUT_WITH_WEAK_PULLUP            ;        ;              ;         ; Column I/O ;                 ; no       ; On           ;
; AH15     ; 98         ; 3A       ; mem_clk                                    ; output ; 2.5 V        ;         ; Column I/O ; N               ; no       ; Off          ;
; AH16     ; 95         ; 3A       ; RESERVED_INPUT_WITH_WEAK_PULLUP            ;        ;              ;         ; Column I/O ;                 ; no       ; On           ;
; AH17     ; 93         ; 3A       ; RESERVED_INPUT_WITH_WEAK_PULLUP            ;        ;              ;         ; Column I/O ;                 ; no       ; On           ;
; AH18     ; 94         ; 3A       ; RESERVED_INPUT_WITH_WEAK_PULLUP            ;        ;              ;         ; Column I/O ;                 ; no       ; On           ;
; AH19     ; 90         ; 3A       ; RESERVED_INPUT_WITH_WEAK_PULLUP            ;        ;              ;         ; Column I/O ;                 ; no       ; On           ;
; AH20     ;            ;          ; GND                                        ; gnd    ;              ;         ; --         ;                 ; --       ; --           ;
; AH21     ;            ;          ; RREF                                       ;        ;              ;         ; --         ;                 ; --       ; --           ;
; AH22     ;            ;          ; GND                                        ; gnd    ;              ;         ; --         ;                 ; --       ; --           ;
; AH23     ; 38         ; QL0      ; GXB_GND*                                   ;        ;              ;         ; --         ;                 ; --       ; --           ;
; AH24     ;            ;          ; GND                                        ; gnd    ;              ;         ; --         ;                 ; --       ; --           ;
; AH25     ; 34         ; QL0      ; GXB_GND*                                   ;        ;              ;         ; --         ;                 ; --       ; --           ;
; AH26     ;            ;          ; GND                                        ; gnd    ;              ;         ; --         ;                 ; --       ; --           ;
; AH27     ; 32         ; QL0      ; GXB_NC                                     ;        ;              ;         ; --         ;                 ; --       ; --           ;
; B1       ; 289        ; 6A       ; RESERVED_INPUT_WITH_WEAK_PULLUP            ;        ;              ;         ; Row I/O    ;                 ; no       ; On           ;
; B2       ;            ;          ; GND                                        ; gnd    ;              ;         ; --         ;                 ; --       ; --           ;
; B3       ; 321        ; 7A       ; RESERVED_INPUT_WITH_WEAK_PULLUP            ;        ;              ;         ; Column I/O ;                 ; no       ; On           ;
; B4       ;            ; 7A       ; VCCIO7A                                    ; power  ;              ; 2.5V    ; --         ;                 ; --       ; --           ;
; B5       ;            ;          ; GND                                        ; gnd    ;              ;         ; --         ;                 ; --       ; --           ;
; B6       ; 357        ; 7A       ; RESERVED_INPUT_WITH_WEAK_PULLUP            ;        ;              ;         ; Column I/O ;                 ; no       ; On           ;
; B7       ;            ; 7A       ; VCCIO7A                                    ; power  ;              ; 2.5V    ; --         ;                 ; --       ; --           ;
; B8       ;            ;          ; GND                                        ; gnd    ;              ;         ; --         ;                 ; --       ; --           ;
; B9       ; 347        ; 7A       ; RESERVED_INPUT_WITH_WEAK_PULLUP            ;        ;              ;         ; Column I/O ;                 ; no       ; On           ;
; B10      ;            ; 7A       ; VCCIO7A                                    ; power  ;              ; 2.5V    ; --         ;                 ; --       ; --           ;
; B11      ;            ;          ; GND                                        ; gnd    ;              ;         ; --         ;                 ; --       ; --           ;
; B12      ; 365        ; 7A       ; RESERVED_INPUT_WITH_WEAK_PULLUP            ;        ;              ;         ; Column I/O ;                 ; no       ; On           ;
; B13      ;            ; 7A       ; VCCIO7A                                    ; power  ;              ; 2.5V    ; --         ;                 ; --       ; --           ;
; B14      ;            ;          ; GND                                        ; gnd    ;              ;         ; --         ;                 ; --       ; --           ;
; B15      ; 379        ; 8A       ; RESERVED_INPUT_WITH_WEAK_PULLUP            ;        ;              ;         ; Column I/O ;                 ; no       ; On           ;
; B16      ; 382        ; 8A       ; RESERVED_INPUT_WITH_WEAK_PULLUP            ;        ;              ;         ; Column I/O ;                 ; no       ; On           ;
; B17      ;            ;          ; GND                                        ; gnd    ;              ;         ; --         ;                 ; --       ; --           ;
; B18      ;            ; 8A       ; VCCIO8A                                    ; power  ;              ; 2.5V    ; --         ;                 ; --       ; --           ;
; B19      ; 392        ; 8A       ; RESERVED_INPUT_WITH_WEAK_PULLUP            ;        ;              ;         ; Column I/O ;                 ; no       ; On           ;
; B20      ;            ;          ; GND                                        ; gnd    ;              ;         ; --         ;                 ; --       ; --           ;
; B21      ;            ;          ; GND                                        ; gnd    ;              ;         ; --         ;                 ; --       ; --           ;
; B22      ;            ;          ; GND                                        ; gnd    ;              ;         ; --         ;                 ; --       ; --           ;
; B23      ;            ;          ; GND                                        ; gnd    ;              ;         ; --         ;                 ; --       ; --           ;
; B24      ;            ;          ; NC                                         ;        ;              ;         ; --         ;                 ; --       ; --           ;
; B25      ;            ;          ; GND                                        ; gnd    ;              ;         ; --         ;                 ; --       ; --           ;
; B26      ;            ;          ; NC                                         ;        ;              ;         ; --         ;                 ; --       ; --           ;
; B27      ;            ;          ; GND                                        ; gnd    ;              ;         ; --         ;                 ; --       ; --           ;
; B28      ;            ;          ; GND                                        ; gnd    ;              ;         ; --         ;                 ; --       ; --           ;
; C1       ; 264        ; 6A       ; RESERVED_INPUT_WITH_WEAK_PULLUP            ;        ;              ;         ; Row I/O    ;                 ; no       ; On           ;
; C2       ; 290        ; 6A       ; RESERVED_INPUT_WITH_WEAK_PULLUP            ;        ;              ;         ; Row I/O    ;                 ; no       ; On           ;
; C3       ; 292        ; 6A       ; RESERVED_INPUT_WITH_WEAK_PULLUP            ;        ;              ;         ; Row I/O    ;                 ; no       ; On           ;
; C4       ; 319        ; 7A       ; RESERVED_INPUT_WITH_WEAK_PULLUP            ;        ;              ;         ; Column I/O ;                 ; no       ; On           ;
; C5       ; 331        ; 7A       ; RESERVED_INPUT_WITH_WEAK_PULLUP            ;        ;              ;         ; Column I/O ;                 ; no       ; On           ;
; C6       ; 335        ; 7A       ; RESERVED_INPUT_WITH_WEAK_PULLUP            ;        ;              ;         ; Column I/O ;                 ; no       ; On           ;
; C7       ; 333        ; 7A       ; RESERVED_INPUT_WITH_WEAK_PULLUP            ;        ;              ;         ; Column I/O ;                 ; no       ; On           ;
; C8       ; 339        ; 7A       ; RESERVED_INPUT_WITH_WEAK_PULLUP            ;        ;              ;         ; Column I/O ;                 ; no       ; On           ;
; C9       ; 345        ; 7A       ; RESERVED_INPUT_WITH_WEAK_PULLUP            ;        ;              ;         ; Column I/O ;                 ; no       ; On           ;
; C10      ; 340        ; 7A       ; RESERVED_INPUT_WITH_WEAK_PULLUP            ;        ;              ;         ; Column I/O ;                 ; no       ; On           ;
; C11      ; 348        ; 7A       ; RESERVED_INPUT_WITH_WEAK_PULLUP            ;        ;              ;         ; Column I/O ;                 ; no       ; On           ;
; C12      ; 356        ; 7A       ; RESERVED_INPUT_WITH_WEAK_PULLUP            ;        ;              ;         ; Column I/O ;                 ; no       ; On           ;
; C13      ; 354        ; 7A       ; RESERVED_INPUT_WITH_WEAK_PULLUP            ;        ;              ;         ; Column I/O ;                 ; no       ; On           ;
; C14      ; 376        ; 7A       ; GND+                                       ;        ;              ;         ; Column I/O ;                 ; --       ; --           ;
; C15      ; 375        ; 8A       ; GND+                                       ;        ;              ;         ; Column I/O ;                 ; --       ; --           ;
; C16      ; 377        ; 8A       ; RESERVED_INPUT_WITH_WEAK_PULLUP            ;        ;              ;         ; Column I/O ;                 ; no       ; On           ;
; C17      ; 395        ; 8A       ; RESERVED_INPUT_WITH_WEAK_PULLUP            ;        ;              ;         ; Column I/O ;                 ; no       ; On           ;
; C18      ; 399        ; 8A       ; RESERVED_INPUT_WITH_WEAK_PULLUP            ;        ;              ;         ; Column I/O ;                 ; no       ; On           ;
; C19      ; 390        ; 8A       ; RESERVED_INPUT_WITH_WEAK_PULLUP            ;        ;              ;         ; Column I/O ;                 ; no       ; On           ;
; C20      ;            ; 8A       ; VCCIO8A                                    ; power  ;              ; 2.5V    ; --         ;                 ; --       ; --           ;
; C21      ; 400        ; 8A       ; RESERVED_INPUT_WITH_WEAK_PULLUP            ;        ;              ;         ; Column I/O ;                 ; no       ; On           ;
; C22      ;            ;          ; GND                                        ; gnd    ;              ;         ; --         ;                 ; --       ; --           ;
; C23      ;            ;          ; NC                                         ;        ;              ;         ; --         ;                 ; --       ; --           ;
; C24      ;            ;          ; GND                                        ; gnd    ;              ;         ; --         ;                 ; --       ; --           ;
; C25      ;            ;          ; GND                                        ; gnd    ;              ;         ; --         ;                 ; --       ; --           ;
; C26      ;            ;          ; GND                                        ; gnd    ;              ;         ; --         ;                 ; --       ; --           ;
; C27      ;            ;          ; NC                                         ;        ;              ;         ; --         ;                 ; --       ; --           ;
; C28      ;            ;          ; NC                                         ;        ;              ;         ; --         ;                 ; --       ; --           ;
; D1       ; 262        ; 6A       ; RESERVED_INPUT_WITH_WEAK_PULLUP            ;        ;              ;         ; Row I/O    ;                 ; no       ; On           ;
; D2       ;            ; 6A       ; VCCIO6A                                    ; power  ;              ; 2.5V    ; --         ;                 ; --       ; --           ;
; D3       ; 299        ; 6A       ; RESERVED_INPUT_WITH_WEAK_PULLUP            ;        ;              ;         ; Row I/O    ;                 ; no       ; On           ;
; D4       ; 317        ; 7A       ; RESERVED_INPUT_WITH_WEAK_PULLUP            ;        ;              ;         ; Column I/O ;                 ; no       ; On           ;
; D5       ; 316        ; 7A       ; RESERVED_INPUT_WITH_WEAK_PULLUP            ;        ;              ;         ; Column I/O ;                 ; no       ; On           ;
; D6       ; 329        ; 7A       ; RESERVED_INPUT_WITH_WEAK_PULLUP            ;        ;              ;         ; Column I/O ;                 ; no       ; On           ;
; D7       ; 327        ; 7A       ; RESERVED_INPUT_WITH_WEAK_PULLUP            ;        ;              ;         ; Column I/O ;                 ; no       ; On           ;
; D8       ; 337        ; 7A       ; RESERVED_INPUT_WITH_WEAK_PULLUP            ;        ;              ;         ; Column I/O ;                 ; no       ; On           ;
; D9       ; 332        ; 7A       ; RESERVED_INPUT_WITH_WEAK_PULLUP            ;        ;              ;         ; Column I/O ;                 ; no       ; On           ;
; D10      ; 338        ; 7A       ; RESERVED_INPUT_WITH_WEAK_PULLUP            ;        ;              ;         ; Column I/O ;                 ; no       ; On           ;
; D11      ; 346        ; 7A       ; RESERVED_INPUT_WITH_WEAK_PULLUP            ;        ;              ;         ; Column I/O ;                 ; no       ; On           ;
; D12      ; 343        ; 7A       ; RESERVED_INPUT_WITH_WEAK_PULLUP            ;        ;              ;         ; Column I/O ;                 ; no       ; On           ;
; D13      ; 355        ; 7A       ; RESERVED_INPUT_WITH_WEAK_PULLUP            ;        ;              ;         ; Column I/O ;                 ; no       ; On           ;
; D14      ; 374        ; 7A       ; GND+                                       ;        ;              ;         ; Column I/O ;                 ; --       ; --           ;
; D15      ; 373        ; 8A       ; GND+                                       ;        ;              ;         ; Column I/O ;                 ; --       ; --           ;
; D16      ; 387        ; 8A       ; RESERVED_INPUT_WITH_WEAK_PULLUP            ;        ;              ;         ; Column I/O ;                 ; no       ; On           ;
; D17      ; 393        ; 8A       ; RESERVED_INPUT_WITH_WEAK_PULLUP            ;        ;              ;         ; Column I/O ;                 ; no       ; On           ;
; D18      ; 397        ; 8A       ; RESERVED_INPUT_WITH_WEAK_PULLUP            ;        ;              ;         ; Column I/O ;                 ; no       ; On           ;
; D19      ; 403        ; 8A       ; RESERVED_INPUT_WITH_WEAK_PULLUP            ;        ;              ;         ; Column I/O ;                 ; no       ; On           ;
; D20      ; 401        ; 8A       ; RESERVED_INPUT_WITH_WEAK_PULLUP            ;        ;              ;         ; Column I/O ;                 ; no       ; On           ;
; D21      ; 398        ; 8A       ; RESERVED_INPUT_WITH_WEAK_PULLUP            ;        ;              ;         ; Column I/O ;                 ; no       ; On           ;
; D22      ;            ;          ; GND                                        ; gnd    ;              ;         ; --         ;                 ; --       ; --           ;
; D23      ;            ;          ; NC                                         ;        ;              ;         ; --         ;                 ; --       ; --           ;
; D24      ;            ;          ; GND                                        ; gnd    ;              ;         ; --         ;                 ; --       ; --           ;
; D25      ;            ;          ; NC                                         ;        ;              ;         ; --         ;                 ; --       ; --           ;
; D26      ;            ;          ; NC                                         ;        ;              ;         ; --         ;                 ; --       ; --           ;
; D27      ;            ;          ; GND                                        ; gnd    ;              ;         ; --         ;                 ; --       ; --           ;
; D28      ;            ;          ; GND                                        ; gnd    ;              ;         ; --         ;                 ; --       ; --           ;
; E1       ; 258        ; 6A       ; mem_write_data[10]                         ; output ; 2.5 V        ;         ; Row I/O    ; N               ; no       ; Off          ;
; E2       ;            ;          ; GND                                        ; gnd    ;              ;         ; --         ;                 ; --       ; --           ;
; E3       ; 297        ; 6A       ; RESERVED_INPUT_WITH_WEAK_PULLUP            ;        ;              ;         ; Row I/O    ;                 ; no       ; On           ;
; E4       ; 302        ; 6A       ; RESERVED_INPUT_WITH_WEAK_PULLUP            ;        ;              ;         ; Row I/O    ;                 ; no       ; On           ;
; E5       ;            ;          ; GND                                        ; gnd    ;              ;         ; --         ;                 ; --       ; --           ;
; E6       ; 314        ; 7A       ; RESERVED_INPUT_WITH_WEAK_PULLUP            ;        ;              ;         ; Column I/O ;                 ; no       ; On           ;
; E7       ; 325        ; 7A       ; RESERVED_INPUT_WITH_WEAK_PULLUP            ;        ;              ;         ; Column I/O ;                 ; no       ; On           ;
; E8       ;            ;          ; GND                                        ; gnd    ;              ;         ; --         ;                 ; --       ; --           ;
; E9       ; 330        ; 7A       ; RESERVED_INPUT_WITH_WEAK_PULLUP            ;        ;              ;         ; Column I/O ;                 ; no       ; On           ;
; E10      ; 315        ; 7A       ; RESERVED_INPUT_WITH_WEAK_PULLUP            ;        ;              ;         ; Column I/O ;                 ; no       ; On           ;
; E11      ;            ;          ; GND                                        ; gnd    ;              ;         ; --         ;                 ; --       ; --           ;
; E12      ; 341        ; 7A       ; RESERVED_INPUT_WITH_WEAK_PULLUP            ;        ;              ;         ; Column I/O ;                 ; no       ; On           ;
; E13      ; 353        ; 7A       ; RESERVED_INPUT_WITH_WEAK_PULLUP            ;        ;              ;         ; Column I/O ;                 ; no       ; On           ;
; E14      ;            ;          ; GND                                        ; gnd    ;              ;         ; --         ;                 ; --       ; --           ;
; E15      ; 385        ; 8A       ; RESERVED_INPUT_WITH_WEAK_PULLUP            ;        ;              ;         ; Column I/O ;                 ; no       ; On           ;
; E16      ;            ; 8A       ; VCCIO8A                                    ; power  ;              ; 2.5V    ; --         ;                 ; --       ; --           ;
; E17      ;            ;          ; GND                                        ; gnd    ;              ;         ; --         ;                 ; --       ; --           ;
; E18      ; 423        ; 8A       ; RESERVED_INPUT_WITH_WEAK_PULLUP            ;        ;              ;         ; Column I/O ;                 ; no       ; On           ;
; E19      ; 421        ; 8A       ; RESERVED_INPUT_WITH_WEAK_PULLUP            ;        ;              ;         ; Column I/O ;                 ; no       ; On           ;
; E20      ;            ;          ; GND                                        ; gnd    ;              ;         ; --         ;                 ; --       ; --           ;
; E21      ; 419        ; 8A       ; RESERVED_INPUT_WITH_WEAK_PULLUP            ;        ;              ;         ; Column I/O ;                 ; no       ; On           ;
; E22      ; 411        ; 8A       ; RESERVED_INPUT_WITH_WEAK_PULLUP            ;        ;              ;         ; Column I/O ;                 ; no       ; On           ;
; E23      ;            ;          ; GND                                        ; gnd    ;              ;         ; --         ;                 ; --       ; --           ;
; E24      ; 416        ; 8A       ; RESERVED_INPUT_WITH_WEAK_PULLUP            ;        ;              ;         ; Column I/O ;                 ; no       ; On           ;
; E25      ;            ;          ; GND                                        ; gnd    ;              ;         ; --         ;                 ; --       ; --           ;
; E26      ;            ;          ; GND                                        ; gnd    ;              ;         ; --         ;                 ; --       ; --           ;
; E27      ;            ;          ; NC                                         ;        ;              ;         ; --         ;                 ; --       ; --           ;
; E28      ;            ;          ; NC                                         ;        ;              ;         ; --         ;                 ; --       ; --           ;
; F1       ; 259        ; 6A       ; RESERVED_INPUT_WITH_WEAK_PULLUP            ;        ;              ;         ; Row I/O    ;                 ; no       ; On           ;
; F2       ; 260        ; 6A       ; RESERVED_INPUT_WITH_WEAK_PULLUP            ;        ;              ;         ; Row I/O    ;                 ; no       ; On           ;
; F3       ; 298        ; 6A       ; RESERVED_INPUT_WITH_WEAK_PULLUP            ;        ;              ;         ; Row I/O    ;                 ; no       ; On           ;
; F4       ; 300        ; 6A       ; RESERVED_INPUT_WITH_WEAK_PULLUP            ;        ;              ;         ; Row I/O    ;                 ; no       ; On           ;
; F5       ; 304        ; 6A       ; RESERVED_INPUT_WITH_WEAK_PULLUP            ;        ;              ;         ; Row I/O    ;                 ; no       ; On           ;
; F6       ;            ;          ; DNU                                        ;        ;              ;         ; --         ;                 ; --       ; --           ;
; F7       ; 305        ; 7A       ; RESERVED_INPUT_WITH_WEAK_PULLUP            ;        ;              ;         ; Column I/O ;                 ; no       ; On           ;
; F8       ; 311        ; 7A       ; RESERVED_INPUT_WITH_WEAK_PULLUP            ;        ;              ;         ; Column I/O ;                 ; no       ; On           ;
; F9       ; 309        ; 7A       ; RESERVED_INPUT_WITH_WEAK_PULLUP            ;        ;              ;         ; Column I/O ;                 ; no       ; On           ;
; F10      ; 313        ; 7A       ; RESERVED_INPUT_WITH_WEAK_PULLUP            ;        ;              ;         ; Column I/O ;                 ; no       ; On           ;
; F11      ; 328        ; 7A       ; RESERVED_INPUT_WITH_WEAK_PULLUP            ;        ;              ;         ; Column I/O ;                 ; no       ; On           ;
; F12      ; 344        ; 7A       ; RESERVED_INPUT_WITH_WEAK_PULLUP            ;        ;              ;         ; Column I/O ;                 ; no       ; On           ;
; F13      ; 351        ; 7A       ; RESERVED_INPUT_WITH_WEAK_PULLUP            ;        ;              ;         ; Column I/O ;                 ; no       ; On           ;
; F14      ; 368        ; 7A       ; RESERVED_INPUT_WITH_WEAK_PULLUP            ;        ;              ;         ; Column I/O ;                 ; no       ; On           ;
; F15      ; 380        ; 8A       ; RESERVED_INPUT_WITH_WEAK_PULLUP            ;        ;              ;         ; Column I/O ;                 ; no       ; On           ;
; F16      ; 378        ; 8A       ; RESERVED_INPUT_WITH_WEAK_PULLUP            ;        ;              ;         ; Column I/O ;                 ; no       ; On           ;
; F17      ; 404        ; 8A       ; RESERVED_INPUT_WITH_WEAK_PULLUP            ;        ;              ;         ; Column I/O ;                 ; no       ; On           ;
; F18      ;            ; 8A       ; VCCIO8A                                    ; power  ;              ; 2.5V    ; --         ;                 ; --       ; --           ;
; F19      ;            ;          ; NC                                         ;        ;              ;         ; --         ;                 ; --       ; --           ;
; F20      ;            ;          ; NC                                         ;        ;              ;         ; --         ;                 ; --       ; --           ;
; F21      ; 417        ; 8A       ; RESERVED_INPUT_WITH_WEAK_PULLUP            ;        ;              ;         ; Column I/O ;                 ; no       ; On           ;
; F22      ; 409        ; 8A       ; RESERVED_INPUT_WITH_WEAK_PULLUP            ;        ;              ;         ; Column I/O ;                 ; no       ; On           ;
; F23      ; 415        ; 8A       ; RESERVED_INPUT_WITH_WEAK_PULLUP            ;        ;              ;         ; Column I/O ;                 ; no       ; On           ;
; F24      ; 414        ; 8A       ; RESERVED_INPUT_WITH_WEAK_PULLUP            ;        ;              ;         ; Column I/O ;                 ; no       ; On           ;
; F25      ;            ;          ; NC                                         ;        ;              ;         ; --         ;                 ; --       ; --           ;
; F26      ;            ;          ; NC                                         ;        ;              ;         ; --         ;                 ; --       ; --           ;
; F27      ;            ;          ; GND                                        ; gnd    ;              ;         ; --         ;                 ; --       ; --           ;
; F28      ;            ;          ; GND                                        ; gnd    ;              ;         ; --         ;                 ; --       ; --           ;
; G1       ; 257        ; 6A       ; RESERVED_INPUT_WITH_WEAK_PULLUP            ;        ;              ;         ; Row I/O    ;                 ; no       ; On           ;
; G2       ;            ; 6A       ; VCCIO6A                                    ; power  ;              ; 2.5V    ; --         ;                 ; --       ; --           ;
; G3       ; 294        ; 6A       ; RESERVED_INPUT_WITH_WEAK_PULLUP            ;        ;              ;         ; Row I/O    ;                 ; no       ; On           ;
; G4       ; 296        ; 6A       ; RESERVED_INPUT_WITH_WEAK_PULLUP            ;        ;              ;         ; Row I/O    ;                 ; no       ; On           ;
; G5       ; 301        ; 6A       ; RESERVED_INPUT_WITH_WEAK_PULLUP            ;        ;              ;         ; Row I/O    ;                 ; no       ; On           ;
; G6       ; 303        ; 6A       ; RESERVED_INPUT_WITH_WEAK_PULLUP            ;        ;              ;         ; Row I/O    ;                 ; no       ; On           ;
; G7       ; 307        ; 7A       ; RESERVED_INPUT_WITH_WEAK_PULLUP            ;        ;              ;         ; Column I/O ;                 ; no       ; On           ;
; G8       ;            ;          ; VCCD_PLL_2                                 ; power  ;              ; 0.9V    ; --         ;                 ; --       ; --           ;
; G9       ;            ;          ; GND                                        ; gnd    ;              ;         ; --         ;                 ; --       ; --           ;
; G10      ; 312        ; 7A       ; RESERVED_INPUT_WITH_WEAK_PULLUP            ;        ;              ;         ; Column I/O ;                 ; no       ; On           ;
; G11      ; 326        ; 7A       ; RESERVED_INPUT_WITH_WEAK_PULLUP            ;        ;              ;         ; Column I/O ;                 ; no       ; On           ;
; G12      ; 342        ; 7A       ; RESERVED_INPUT_WITH_WEAK_PULLUP            ;        ;              ;         ; Column I/O ;                 ; no       ; On           ;
; G13      ; 349        ; 7A       ; RESERVED_INPUT_WITH_WEAK_PULLUP            ;        ;              ;         ; Column I/O ;                 ; no       ; On           ;
; G14      ; 366        ; 7A       ; RESERVED_INPUT_WITH_WEAK_PULLUP            ;        ;              ;         ; Column I/O ;                 ; no       ; On           ;
; G15      ; 388        ; 8A       ; RESERVED_INPUT_WITH_WEAK_PULLUP            ;        ;              ;         ; Column I/O ;                 ; no       ; On           ;
; G16      ;            ; 8A       ; VCCPD8A                                    ; power  ;              ; 2.5V    ; --         ;                 ; --       ; --           ;
; G17      ; 402        ; 8A       ; RESERVED_INPUT_WITH_WEAK_PULLUP            ;        ;              ;         ; Column I/O ;                 ; no       ; On           ;
; G18      ; 424        ; 8A       ; RESERVED_INPUT_WITH_WEAK_PULLUP            ;        ;              ;         ; Column I/O ;                 ; no       ; On           ;
; G19      ; 422        ; 8A       ; RESERVED_INPUT_WITH_WEAK_PULLUP            ;        ;              ;         ; Column I/O ;                 ; no       ; On           ;
; G20      ;            ;          ; VCCA_PLL_1                                 ; power  ;              ; 2.5V    ; --         ;                 ; --       ; --           ;
; G21      ;            ; 8C       ; VCCPD8C                                    ; power  ;              ; 2.5V    ; --         ;                 ; --       ; --           ;
; G22      ;            ;          ; GND                                        ; gnd    ;              ;         ; --         ;                 ; --       ; --           ;
; G23      ;            ; 8C       ; VCCIO8C                                    ; power  ;              ; 2.5V    ; --         ;                 ; --       ; --           ;
; G24      ; 413        ; 8A       ; RESERVED_INPUT_WITH_WEAK_PULLUP            ;        ;              ;         ; Column I/O ;                 ; no       ; On           ;
; G25      ;            ;          ; GND                                        ; gnd    ;              ;         ; --         ;                 ; --       ; --           ;
; G26      ;            ;          ; GND                                        ; gnd    ;              ;         ; --         ;                 ; --       ; --           ;
; G27      ;            ;          ; NC                                         ;        ;              ;         ; --         ;                 ; --       ; --           ;
; G28      ;            ;          ; NC                                         ;        ;              ;         ; --         ;                 ; --       ; --           ;
; H1       ; 252        ; 6A       ; mem_write_data[21]                         ; output ; 2.5 V        ;         ; Row I/O    ; N               ; no       ; Off          ;
; H2       ;            ;          ; GND                                        ; gnd    ;              ;         ; --         ;                 ; --       ; --           ;
; H3       ; 266        ; 6A       ; RESERVED_INPUT_WITH_WEAK_PULLUP            ;        ;              ;         ; Row I/O    ;                 ; no       ; On           ;
; H4       ; 268        ; 6A       ; mem_write_data[5]                          ; output ; 2.5 V        ;         ; Row I/O    ; N               ; no       ; Off          ;
; H5       ;            ;          ; GND                                        ; gnd    ;              ;         ; --         ;                 ; --       ; --           ;
; H6       ; 293        ; 6A       ; RESERVED_INPUT_WITH_WEAK_PULLUP            ;        ;              ;         ; Row I/O    ;                 ; no       ; On           ;
; H7       ; 295        ; 6A       ; RESERVED_INPUT_WITH_WEAK_PULLUP            ;        ;              ;         ; Row I/O    ;                 ; no       ; On           ;
; H8       ;            ;          ; GND                                        ; gnd    ;              ;         ; --         ;                 ; --       ; --           ;
; H9       ;            ;          ; VCCA_PLL_2                                 ; power  ;              ; 2.5V    ; --         ;                 ; --       ; --           ;
; H10      ; 310        ; 7A       ; RESERVED_INPUT_WITH_WEAK_PULLUP            ;        ;              ;         ; Column I/O ;                 ; no       ; On           ;
; H11      ;            ;          ; GND                                        ; gnd    ;              ;         ; --         ;                 ; --       ; --           ;
; H12      ;            ; 7A       ; VREFB7AN0                                  ; power  ;              ;         ; --         ;                 ; --       ; --           ;
; H13      ;            ; 7A       ; VCCPD7A                                    ; power  ;              ; 2.5V    ; --         ;                 ; --       ; --           ;
; H14      ;            ;          ; GND                                        ; gnd    ;              ;         ; --         ;                 ; --       ; --           ;
; H15      ; 386        ; 8A       ; RESERVED_INPUT_WITH_WEAK_PULLUP            ;        ;              ;         ; Column I/O ;                 ; no       ; On           ;
; H16      ;            ; 8A       ; VCCPD8A                                    ; power  ;              ; 2.5V    ; --         ;                 ; --       ; --           ;
; H17      ;            ;          ; GND                                        ; gnd    ;              ;         ; --         ;                 ; --       ; --           ;
; H18      ;            ; 8A       ; VREFB8AN0                                  ; power  ;              ;         ; --         ;                 ; --       ; --           ;
; H19      ;            ;          ; NC                                         ;        ;              ;         ; --         ;                 ; --       ; --           ;
; H20      ;            ;          ; GND                                        ; gnd    ;              ;         ; --         ;                 ; --       ; --           ;
; H21      ;            ;          ; VCCD_PLL_1                                 ; power  ;              ; 0.9V    ; --         ;                 ; --       ; --           ;
; H22      ; 431        ; 8C       ; ^nCSO                                      ;        ;              ;         ; --         ;                 ; --       ; --           ;
; H23      ;            ;          ; DNU                                        ;        ;              ;         ; --         ;                 ; --       ; --           ;
; H24      ; 433        ; 8C       ; #TDI                                       ; input  ;              ;         ; --         ;                 ; --       ; --           ;
; H25      ;            ;          ; NC                                         ;        ;              ;         ; --         ;                 ; --       ; --           ;
; H26      ;            ;          ; NC                                         ;        ;              ;         ; --         ;                 ; --       ; --           ;
; H27      ;            ;          ; GND                                        ; gnd    ;              ;         ; --         ;                 ; --       ; --           ;
; H28      ;            ;          ; GND                                        ; gnd    ;              ;         ; --         ;                 ; --       ; --           ;
; J1       ; 250        ; 6A       ; RESERVED_INPUT_WITH_WEAK_PULLUP            ;        ;              ;         ; Row I/O    ;                 ; no       ; On           ;
; J2       ; 249        ; 6A       ; RESERVED_INPUT_WITH_WEAK_PULLUP            ;        ;              ;         ; Row I/O    ;                 ; no       ; On           ;
; J3       ; 251        ; 6A       ; RESERVED_INPUT_WITH_WEAK_PULLUP            ;        ;              ;         ; Row I/O    ;                 ; no       ; On           ;
; J4       ; 265        ; 6A       ; RESERVED_INPUT_WITH_WEAK_PULLUP            ;        ;              ;         ; Row I/O    ;                 ; no       ; On           ;
; J5       ; 267        ; 6A       ; mem_write_data[6]                          ; output ; 2.5 V        ;         ; Row I/O    ; N               ; no       ; Off          ;
; J6       ; 253        ; 6A       ; mem_write_data[22]                         ; output ; 2.5 V        ;         ; Row I/O    ; N               ; no       ; Off          ;
; J7       ; 255        ; 6A       ; mem_write_data[20]                         ; output ; 2.5 V        ;         ; Row I/O    ; N               ; no       ; Off          ;
; J8       ; 263        ; 6A       ; RESERVED_INPUT_WITH_WEAK_PULLUP            ;        ;              ;         ; Row I/O    ;                 ; no       ; On           ;
; J9       ; 308        ; 7A       ; RESERVED_INPUT_WITH_WEAK_PULLUP            ;        ;              ;         ; Column I/O ;                 ; no       ; On           ;
; J10      ; 320        ; 7A       ; RESERVED_INPUT_WITH_WEAK_PULLUP            ;        ;              ;         ; Column I/O ;                 ; no       ; On           ;
; J11      ; 336        ; 7A       ; RESERVED_INPUT_WITH_WEAK_PULLUP            ;        ;              ;         ; Column I/O ;                 ; no       ; On           ;
; J12      ; 334        ; 7A       ; RESERVED_INPUT_WITH_WEAK_PULLUP            ;        ;              ;         ; Column I/O ;                 ; no       ; On           ;
; J13      ;            ; 7A       ; VCCPD7A                                    ; power  ;              ; 2.5V    ; --         ;                 ; --       ; --           ;
; J14      ; 360        ; 7A       ; RESERVED_INPUT_WITH_WEAK_PULLUP            ;        ;              ;         ; Column I/O ;                 ; no       ; On           ;
; J15      ;            ; --       ; VCCCB                                      ; power  ;              ; 1.5V    ; --         ;                 ; --       ; --           ;
; J16      ; 412        ; 8A       ; RESERVED_INPUT_WITH_WEAK_PULLUP            ;        ;              ;         ; Column I/O ;                 ; no       ; On           ;
; J17      ; 420        ; 8A       ; RESERVED_INPUT_WITH_WEAK_PULLUP            ;        ;              ;         ; Column I/O ;                 ; no       ; On           ;
; J18      ; 428        ; 8A       ; RESERVED_INPUT_WITH_WEAK_PULLUP            ;        ;              ;         ; Column I/O ;                 ; no       ; On           ;
; J19      ;            ;          ; NC                                         ;        ;              ;         ; --         ;                 ; --       ; --           ;
; J20      ; 408        ; 8A       ; RESERVED_INPUT_WITH_WEAK_PULLUP            ;        ;              ;         ; Column I/O ;                 ; no       ; On           ;
; J21      ; 406        ; 8A       ; RESERVED_INPUT_WITH_WEAK_PULLUP            ;        ;              ;         ; Column I/O ;                 ; no       ; On           ;
; J22      ; 430        ; 8C       ; ^ASDO                                      ;        ;              ;         ; --         ;                 ; --       ; --           ;
; J23      ; 434        ; 8C       ; #TMS                                       ; input  ;              ;         ; --         ;                 ; --       ; --           ;
; J24      ;            ; --       ; VCCBAT                                     ; power  ;              ; 2.5V    ; --         ;                 ; --       ; --           ;
; J25      ;            ;          ; GND                                        ; gnd    ;              ;         ; --         ;                 ; --       ; --           ;
; J26      ;            ;          ; GND                                        ; gnd    ;              ;         ; --         ;                 ; --       ; --           ;
; J27      ;            ;          ; NC                                         ;        ;              ;         ; --         ;                 ; --       ; --           ;
; J28      ;            ;          ; NC                                         ;        ;              ;         ; --         ;                 ; --       ; --           ;
; K1       ; 243        ; 6A       ; mem_write_data[15]                         ; output ; 2.5 V        ;         ; Row I/O    ; N               ; no       ; Off          ;
; K2       ;            ; 6A       ; VCCIO6A                                    ; power  ;              ; 2.5V    ; --         ;                 ; --       ; --           ;
; K3       ; 254        ; 6A       ; RESERVED_INPUT_WITH_WEAK_PULLUP            ;        ;              ;         ; Row I/O    ;                 ; no       ; On           ;
; K4       ; 270        ; 6A       ; mem_write_data[24]                         ; output ; 2.5 V        ;         ; Row I/O    ; N               ; no       ; Off          ;
; K5       ; 272        ; 6A       ; mem_write_data[25]                         ; output ; 2.5 V        ;         ; Row I/O    ; N               ; no       ; Off          ;
; K6       ; 245        ; 6A       ; mem_write_data[31]                         ; output ; 2.5 V        ;         ; Row I/O    ; N               ; no       ; Off          ;
; K7       ; 261        ; 6A       ; RESERVED_INPUT_WITH_WEAK_PULLUP            ;        ;              ;         ; Row I/O    ;                 ; no       ; On           ;
; K8       ; 269        ; 6A       ; mem_write_data[7]                          ; output ; 2.5 V        ;         ; Row I/O    ; N               ; no       ; Off          ;
; K9       ; 271        ; 6A       ; mem_write_data[3]                          ; output ; 2.5 V        ;         ; Row I/O    ; N               ; no       ; Off          ;
; K10      ; 306        ; 7A       ; RESERVED_INPUT_WITH_WEAK_PULLUP            ;        ;              ;         ; Column I/O ;                 ; no       ; On           ;
; K11      ; 318        ; 7A       ; RESERVED_INPUT_WITH_WEAK_PULLUP            ;        ;              ;         ; Column I/O ;                 ; no       ; On           ;
; K12      ; 352        ; 7A       ; RESERVED_INPUT_WITH_WEAK_PULLUP            ;        ;              ;         ; Column I/O ;                 ; no       ; On           ;
; K13      ; 350        ; 7A       ; RESERVED_INPUT_WITH_WEAK_PULLUP            ;        ;              ;         ; Column I/O ;                 ; no       ; On           ;
; K14      ; 358        ; 7A       ; RESERVED_INPUT_WITH_WEAK_PULLUP            ;        ;              ;         ; Column I/O ;                 ; no       ; On           ;
; K15      ; 396        ; 8A       ; RESERVED_INPUT_WITH_WEAK_PULLUP            ;        ;              ;         ; Column I/O ;                 ; no       ; On           ;
; K16      ; 410        ; 8A       ; RESERVED_INPUT_WITH_WEAK_PULLUP            ;        ;              ;         ; Column I/O ;                 ; no       ; On           ;
; K17      ;            ; --       ; VCC                                        ; power  ;              ; 0.9V    ; --         ;                 ; --       ; --           ;
; K18      ; 418        ; 8A       ; RESERVED_INPUT_WITH_WEAK_PULLUP            ;        ;              ;         ; Column I/O ;                 ; no       ; On           ;
; K19      ; 426        ; 8A       ; RESERVED_INPUT_WITH_WEAK_PULLUP            ;        ;              ;         ; Column I/O ;                 ; no       ; On           ;
; K20      ; 407        ; 8A       ; RESERVED_INPUT_WITH_WEAK_PULLUP            ;        ;              ;         ; Column I/O ;                 ; no       ; On           ;
; K21      ; 427        ; 8A       ; RESERVED_INPUT_WITH_WEAK_PULLUP            ;        ;              ;         ; Column I/O ;                 ; no       ; On           ;
; K22      ; 432        ; 8C       ; ^DATA0                                     ; input  ;              ;         ; --         ;                 ; --       ; --           ;
; K23      ;            ;          ; GND                                        ; gnd    ;              ;         ; --         ;                 ; --       ; --           ;
; K24      ; 436        ; 8C       ; ^DCLK                                      ; bidir  ;              ;         ; --         ;                 ; --       ; --           ;
; K25      ; 1          ; QL1      ; GXB_NC                                     ;        ;              ;         ; --         ;                 ; --       ; --           ;
; K26      ; 0          ; QL1      ; GXB_NC                                     ;        ;              ;         ; --         ;                 ; --       ; --           ;
; K27      ;            ;          ; GND                                        ; gnd    ;              ;         ; --         ;                 ; --       ; --           ;
; K28      ;            ;          ; GND                                        ; gnd    ;              ;         ; --         ;                 ; --       ; --           ;
; L1       ; 241        ; 6A       ; mem_write_data[26]                         ; output ; 2.5 V        ;         ; Row I/O    ; N               ; no       ; Off          ;
; L2       ;            ;          ; GND                                        ; gnd    ;              ;         ; --         ;                 ; --       ; --           ;
; L3       ; 244        ; 6A       ; mem_write_data[17]                         ; output ; 2.5 V        ;         ; Row I/O    ; N               ; no       ; Off          ;
; L4       ; 256        ; 6A       ; RESERVED_INPUT_WITH_WEAK_PULLUP            ;        ;              ;         ; Row I/O    ;                 ; no       ; On           ;
; L5       ;            ;          ; GND                                        ; gnd    ;              ;         ; --         ;                 ; --       ; --           ;
; L6       ; 235        ; 5A       ; RESERVED_INPUT_WITH_WEAK_PULLUP            ;        ;              ;         ; Row I/O    ;                 ; no       ; On           ;
; L7       ; 247        ; 6A       ; RESERVED_INPUT_WITH_WEAK_PULLUP            ;        ;              ;         ; Row I/O    ;                 ; no       ; On           ;
; L8       ;            ;          ; GND                                        ; gnd    ;              ;         ; --         ;                 ; --       ; --           ;
; L9       ;            ; 6A       ; VREFB6AN0                                  ; power  ;              ;         ; --         ;                 ; --       ; --           ;
; L10      ;            ; --       ; VCC                                        ; power  ;              ; 0.9V    ; --         ;                 ; --       ; --           ;
; L11      ;            ;          ; GND                                        ; gnd    ;              ;         ; --         ;                 ; --       ; --           ;
; L12      ;            ; --       ; VCC                                        ; power  ;              ; 0.9V    ; --         ;                 ; --       ; --           ;
; L13      ;            ; --       ; VCC                                        ; power  ;              ; 0.9V    ; --         ;                 ; --       ; --           ;
; L14      ;            ;          ; GND                                        ; gnd    ;              ;         ; --         ;                 ; --       ; --           ;
; L15      ; 394        ; 8A       ; RESERVED_INPUT_WITH_WEAK_PULLUP            ;        ;              ;         ; Column I/O ;                 ; no       ; On           ;
; L16      ;            ; --       ; VCC                                        ; power  ;              ; 0.9V    ; --         ;                 ; --       ; --           ;
; L17      ;            ;          ; GND                                        ; gnd    ;              ;         ; --         ;                 ; --       ; --           ;
; L18      ;            ; --       ; VCC                                        ; power  ;              ; 0.9V    ; --         ;                 ; --       ; --           ;
; L19      ; 405        ; 8A       ; RESERVED_INPUT_WITH_WEAK_PULLUP            ;        ;              ;         ; Column I/O ;                 ; no       ; On           ;
; L20      ;            ;          ; GND                                        ; gnd    ;              ;         ; --         ;                 ; --       ; --           ;
; L21      ; 425        ; 8A       ; RESERVED_INPUT_WITH_WEAK_PULLUP            ;        ;              ;         ; Column I/O ;                 ; no       ; On           ;
; L22      ;            ; --       ; VCCH_GXB                                   ; power  ;              ; 1.5V    ; --         ;                 ; --       ; --           ;
; L23      ; 429        ; 8C       ; #TDO                                       ; output ;              ;         ; --         ;                 ; --       ; --           ;
; L24      ; 435        ; 8C       ; #TCK                                       ; input  ;              ;         ; --         ;                 ; --       ; --           ;
; L25      ;            ;          ; GND                                        ; gnd    ;              ;         ; --         ;                 ; --       ; --           ;
; L26      ;            ;          ; GND                                        ; gnd    ;              ;         ; --         ;                 ; --       ; --           ;
; L27      ; 3          ; QL1      ; GXB_GND*                                   ;        ;              ;         ; --         ;                 ; --       ; --           ;
; L28      ; 2          ; QL1      ; GXB_GND*                                   ;        ;              ;         ; --         ;                 ; --       ; --           ;
; M1       ; 240        ; 6A       ; GND+                                       ;        ;              ;         ; Row I/O    ;                 ; --       ; --           ;
; M2       ; 242        ; 6A       ; mem_write_data[29]                         ; output ; 2.5 V        ;         ; Row I/O    ; N               ; no       ; Off          ;
; M3       ; 246        ; 6A       ; mem_write_data[18]                         ; output ; 2.5 V        ;         ; Row I/O    ; N               ; no       ; Off          ;
; M4       ; 248        ; 6A       ; RESERVED_INPUT_WITH_WEAK_PULLUP            ;        ;              ;         ; Row I/O    ;                 ; no       ; On           ;
; M5       ; 233        ; 5A       ; mem_write_data[0]                          ; output ; 2.5 V        ;         ; Row I/O    ; N               ; no       ; Off          ;
; M6       ; 227        ; 5A       ; mem_write_data[1]                          ; output ; 2.5 V        ;         ; Row I/O    ; N               ; no       ; Off          ;
; M7       ;            ; 6A       ; VCCPD6A                                    ; power  ;              ; 2.5V    ; --         ;                 ; --       ; --           ;
; M8       ;            ; 6A       ; VCCPD6A                                    ; power  ;              ; 2.5V    ; --         ;                 ; --       ; --           ;
; M9       ;            ; --       ; VCC                                        ; power  ;              ; 0.9V    ; --         ;                 ; --       ; --           ;
; M10      ;            ;          ; GND                                        ; gnd    ;              ;         ; --         ;                 ; --       ; --           ;
; M11      ;            ; --       ; VCC                                        ; power  ;              ; 0.9V    ; --         ;                 ; --       ; --           ;
; M12      ;            ;          ; GND                                        ; gnd    ;              ;         ; --         ;                 ; --       ; --           ;
; M13      ;            ; --       ; VCC                                        ; power  ;              ; 0.9V    ; --         ;                 ; --       ; --           ;
; M14      ;            ;          ; GND                                        ; gnd    ;              ;         ; --         ;                 ; --       ; --           ;
; M15      ;            ; --       ; VCC                                        ; power  ;              ; 0.9V    ; --         ;                 ; --       ; --           ;
; M16      ;            ;          ; GND                                        ; gnd    ;              ;         ; --         ;                 ; --       ; --           ;
; M17      ;            ; --       ; VCC                                        ; power  ;              ; 0.9V    ; --         ;                 ; --       ; --           ;
; M18      ;            ;          ; GND                                        ; gnd    ;              ;         ; --         ;                 ; --       ; --           ;
; M19      ;            ; --       ; VCC                                        ; power  ;              ; 0.9V    ; --         ;                 ; --       ; --           ;
; M20      ;            ; --       ; VCC                                        ; power  ;              ; 0.9V    ; --         ;                 ; --       ; --           ;
; M21      ;            ; --       ; VCCA                                       ; power  ;              ; 2.5V    ; --         ;                 ; --       ; --           ;
; M22      ;            ; --       ; VCCH_GXB                                   ; power  ;              ; 1.5V    ; --         ;                 ; --       ; --           ;
; M23      ;            ; --       ; VCCL_GXB                                   ; power  ;              ; 1.1V    ; --         ;                 ; --       ; --           ;
; M24      ;            ;          ; GND                                        ; gnd    ;              ;         ; --         ;                 ; --       ; --           ;
; M25      ; 5          ; QL1      ; GXB_NC                                     ;        ;              ;         ; --         ;                 ; --       ; --           ;
; M26      ; 4          ; QL1      ; GXB_NC                                     ;        ;              ;         ; --         ;                 ; --       ; --           ;
; M27      ;            ;          ; GND                                        ; gnd    ;              ;         ; --         ;                 ; --       ; --           ;
; M28      ;            ;          ; GND                                        ; gnd    ;              ;         ; --         ;                 ; --       ; --           ;
; N1       ; 238        ; 6A       ; GND+                                       ;        ;              ;         ; Row I/O    ;                 ; --       ; --           ;
; N2       ;            ;          ; GND                                        ; gnd    ;              ;         ; --         ;                 ; --       ; --           ;
; N3       ; 239        ; 5A       ; GND+                                       ;        ;              ;         ; Row I/O    ;                 ; --       ; --           ;
; N4       ; 209        ; 5A       ; mem_write_data[12]                         ; output ; 2.5 V        ;         ; Row I/O    ; N               ; no       ; Off          ;
; N5       ;            ;          ; GND                                        ; gnd    ;              ;         ; --         ;                 ; --       ; --           ;
; N6       ; 225        ; 5A       ; mem_write_data[4]                          ; output ; 2.5 V        ;         ; Row I/O    ; N               ; no       ; Off          ;
; N7       ;            ; --       ; VCCCB                                      ; power  ;              ; 1.5V    ; --         ;                 ; --       ; --           ;
; N8       ;            ;          ; GND                                        ; gnd    ;              ;         ; --         ;                 ; --       ; --           ;
; N9       ;            ;          ; GND                                        ; gnd    ;              ;         ; --         ;                 ; --       ; --           ;
; N10      ;            ; --       ; VCC                                        ; power  ;              ; 0.9V    ; --         ;                 ; --       ; --           ;
; N11      ;            ;          ; GND                                        ; gnd    ;              ;         ; --         ;                 ; --       ; --           ;
; N12      ;            ; --       ; VCC                                        ; power  ;              ; 0.9V    ; --         ;                 ; --       ; --           ;
; N13      ;            ;          ; GND                                        ; gnd    ;              ;         ; --         ;                 ; --       ; --           ;
; N14      ;            ; --       ; VCC                                        ; power  ;              ; 0.9V    ; --         ;                 ; --       ; --           ;
; N15      ;            ;          ; GND                                        ; gnd    ;              ;         ; --         ;                 ; --       ; --           ;
; N16      ;            ; --       ; VCC                                        ; power  ;              ; 0.9V    ; --         ;                 ; --       ; --           ;
; N17      ;            ;          ; GND                                        ; gnd    ;              ;         ; --         ;                 ; --       ; --           ;
; N18      ;            ; --       ; VCC                                        ; power  ;              ; 0.9V    ; --         ;                 ; --       ; --           ;
; N19      ;            ;          ; GND                                        ; gnd    ;              ;         ; --         ;                 ; --       ; --           ;
; N20      ;            ; --       ; VCC                                        ; power  ;              ; 0.9V    ; --         ;                 ; --       ; --           ;
; N21      ;            ;          ; GND                                        ; gnd    ;              ;         ; --         ;                 ; --       ; --           ;
; N22      ;            ; --       ; VCCL_GXB                                   ; power  ;              ; 1.1V    ; --         ;                 ; --       ; --           ;
; N23      ;            ;          ; GND                                        ; gnd    ;              ;         ; --         ;                 ; --       ; --           ;
; N24      ;            ; --       ; VCCL_GXB                                   ; power  ;              ; 1.1V    ; --         ;                 ; --       ; --           ;
; N25      ;            ;          ; GND                                        ; gnd    ;              ;         ; --         ;                 ; --       ; --           ;
; N26      ;            ;          ; GND                                        ; gnd    ;              ;         ; --         ;                 ; --       ; --           ;
; N27      ; 7          ; QL1      ; GXB_GND*                                   ;        ;              ;         ; --         ;                 ; --       ; --           ;
; N28      ; 6          ; QL1      ; GXB_GND*                                   ;        ;              ;         ; --         ;                 ; --       ; --           ;
; P1       ; 231        ; 5A       ; mem_write_data[27]                         ; output ; 2.5 V        ;         ; Row I/O    ; N               ; no       ; Off          ;
; P2       ; 237        ; 5A       ; GND+                                       ;        ;              ;         ; Row I/O    ;                 ; --       ; --           ;
; P3       ; 234        ; 5A       ; mem_write_data[14]                         ; output ; 2.5 V        ;         ; Row I/O    ; N               ; no       ; Off          ;
; P4       ; 236        ; 5A       ; RESERVED_INPUT_WITH_WEAK_PULLUP            ;        ;              ;         ; Row I/O    ;                 ; no       ; On           ;
; P5       ; 211        ; 5A       ; mem_read_data[18]                          ; input  ; 2.5 V        ;         ; Row I/O    ; N               ; no       ; Off          ;
; P6       ; 219        ; 5A       ; mem_read_data[30]                          ; input  ; 2.5 V        ;         ; Row I/O    ; N               ; no       ; Off          ;
; P7       ;            ;          ; NC                                         ;        ;              ;         ; --         ;                 ; --       ; --           ;
; P8       ;            ;          ; NC                                         ;        ;              ;         ; --         ;                 ; --       ; --           ;
; P9       ;            ; --       ; VCC                                        ; power  ;              ; 0.9V    ; --         ;                 ; --       ; --           ;
; P10      ;            ;          ; GND                                        ; gnd    ;              ;         ; --         ;                 ; --       ; --           ;
; P11      ;            ; --       ; VCC                                        ; power  ;              ; 0.9V    ; --         ;                 ; --       ; --           ;
; P12      ;            ;          ; GND                                        ; gnd    ;              ;         ; --         ;                 ; --       ; --           ;
; P13      ;            ; --       ; VCC                                        ; power  ;              ; 0.9V    ; --         ;                 ; --       ; --           ;
; P14      ;            ;          ; GND                                        ; gnd    ;              ;         ; --         ;                 ; --       ; --           ;
; P15      ;            ; --       ; VCC                                        ; power  ;              ; 0.9V    ; --         ;                 ; --       ; --           ;
; P16      ;            ;          ; GND                                        ; gnd    ;              ;         ; --         ;                 ; --       ; --           ;
; P17      ;            ; --       ; VCC                                        ; power  ;              ; 0.9V    ; --         ;                 ; --       ; --           ;
; P18      ;            ;          ; GND                                        ; gnd    ;              ;         ; --         ;                 ; --       ; --           ;
; P19      ;            ; --       ; VCC                                        ; power  ;              ; 0.9V    ; --         ;                 ; --       ; --           ;
; P20      ;            ;          ; NC                                         ;        ;              ;         ; --         ;                 ; --       ; --           ;
; P21      ;            ; --       ; VCCL_GXB                                   ; power  ;              ; 1.1V    ; --         ;                 ; --       ; --           ;
; P22      ;            ;          ; GND                                        ; gnd    ;              ;         ; --         ;                 ; --       ; --           ;
; P23      ;            ; --       ; VCCL_GXB                                   ; power  ;              ; 1.1V    ; --         ;                 ; --       ; --           ;
; P24      ;            ;          ; GND                                        ; gnd    ;              ;         ; --         ;                 ; --       ; --           ;
; P25      ; 9          ; QL1      ; GXB_GND*                                   ;        ;              ;         ; Row I/O    ;                 ; --       ; --           ;
; P26      ; 8          ; QL1      ; GXB_GND*                                   ;        ;              ;         ; Row I/O    ;                 ; --       ; --           ;
; P27      ;            ;          ; GND                                        ; gnd    ;              ;         ; --         ;                 ; --       ; --           ;
; P28      ;            ;          ; GND                                        ; gnd    ;              ;         ; --         ;                 ; --       ; --           ;
; R1       ; 229        ; 5A       ; mem_write_data[23]                         ; output ; 2.5 V        ;         ; Row I/O    ; N               ; no       ; Off          ;
; R2       ;            ; 5A       ; VCCIO5A                                    ; power  ;              ; 2.5V    ; --         ;                 ; --       ; --           ;
; R3       ; 224        ; 5A       ; mem_write_data[8]                          ; output ; 2.5 V        ;         ; Row I/O    ; N               ; no       ; Off          ;
; R4       ; 230        ; 5A       ; mem_write_data[13]                         ; output ; 2.5 V        ;         ; Row I/O    ; N               ; no       ; Off          ;
; R5       ; 232        ; 5A       ; mem_write_data[19]                         ; output ; 2.5 V        ;         ; Row I/O    ; N               ; no       ; Off          ;
; R6       ; 217        ; 5A       ; mem_write_data[9]                          ; output ; 2.5 V        ;         ; Row I/O    ; N               ; no       ; Off          ;
; R7       ;            ;          ; NC                                         ;        ;              ;         ; --         ;                 ; --       ; --           ;
; R8       ;            ;          ; NC                                         ;        ;              ;         ; --         ;                 ; --       ; --           ;
; R9       ;            ;          ; GND                                        ; gnd    ;              ;         ; --         ;                 ; --       ; --           ;
; R10      ;            ; --       ; VCC                                        ; power  ;              ; 0.9V    ; --         ;                 ; --       ; --           ;
; R11      ;            ;          ; GND                                        ; gnd    ;              ;         ; --         ;                 ; --       ; --           ;
; R12      ;            ; --       ; VCC                                        ; power  ;              ; 0.9V    ; --         ;                 ; --       ; --           ;
; R13      ;            ;          ; GND                                        ; gnd    ;              ;         ; --         ;                 ; --       ; --           ;
; R14      ;            ; --       ; VCC                                        ; power  ;              ; 0.9V    ; --         ;                 ; --       ; --           ;
; R15      ;            ;          ; DNU                                        ;        ;              ;         ; --         ;                 ; --       ; --           ;
; R16      ;            ; --       ; VCC                                        ; power  ;              ; 0.9V    ; --         ;                 ; --       ; --           ;
; R17      ;            ;          ; GND                                        ; gnd    ;              ;         ; --         ;                 ; --       ; --           ;
; R18      ;            ; --       ; VCC                                        ; power  ;              ; 0.9V    ; --         ;                 ; --       ; --           ;
; R19      ;            ;          ; GND                                        ; gnd    ;              ;         ; --         ;                 ; --       ; --           ;
; R20      ;            ; --       ; VCCA                                       ; power  ;              ; 2.5V    ; --         ;                 ; --       ; --           ;
; R21      ;            ;          ; GND                                        ; gnd    ;              ;         ; --         ;                 ; --       ; --           ;
; R22      ;            ; --       ; VCCL_GXB                                   ; power  ;              ; 1.1V    ; --         ;                 ; --       ; --           ;
; R23      ;            ;          ; GND                                        ; gnd    ;              ;         ; --         ;                 ; --       ; --           ;
; R24      ;            ;          ; NC                                         ;        ;              ;         ; --         ;                 ; --       ; --           ;
; R25      ;            ;          ; GND                                        ; gnd    ;              ;         ; --         ;                 ; --       ; --           ;
; R26      ;            ;          ; GND                                        ; gnd    ;              ;         ; --         ;                 ; --       ; --           ;
; R27      ; 11         ; QL1      ; GXB_GND*                                   ;        ;              ;         ; Row I/O    ;                 ; --       ; --           ;
; R28      ; 10         ; QL1      ; GXB_GND*                                   ;        ;              ;         ; Row I/O    ;                 ; --       ; --           ;
; T1       ; 228        ; 5A       ; mem_write_data[28]                         ; output ; 2.5 V        ;         ; Row I/O    ; N               ; no       ; Off          ;
; T2       ;            ;          ; GND                                        ; gnd    ;              ;         ; --         ;                 ; --       ; --           ;
; T3       ; 222        ; 5A       ; mem_write_data[30]                         ; output ; 2.5 V        ;         ; Row I/O    ; N               ; no       ; Off          ;
; T4       ; 223        ; 5A       ; mem_write_data[2]                          ; output ; 2.5 V        ;         ; Row I/O    ; N               ; no       ; Off          ;
; T5       ;            ;          ; GND                                        ; gnd    ;              ;         ; --         ;                 ; --       ; --           ;
; T6       ; 201        ; 5A       ; mem_read_data[7]                           ; input  ; 2.5 V        ;         ; Row I/O    ; N               ; no       ; Off          ;
; T7       ; 203        ; 5A       ; mem_read_data[14]                          ; input  ; 2.5 V        ;         ; Row I/O    ; N               ; no       ; Off          ;
; T8       ;            ;          ; GND                                        ; gnd    ;              ;         ; --         ;                 ; --       ; --           ;
; T9       ;            ; --       ; VCC                                        ; power  ;              ; 0.9V    ; --         ;                 ; --       ; --           ;
; T10      ;            ;          ; GND                                        ; gnd    ;              ;         ; --         ;                 ; --       ; --           ;
; T11      ;            ; --       ; VCC                                        ; power  ;              ; 0.9V    ; --         ;                 ; --       ; --           ;
; T12      ;            ;          ; GND                                        ; gnd    ;              ;         ; --         ;                 ; --       ; --           ;
; T13      ;            ; --       ; VCC                                        ; power  ;              ; 0.9V    ; --         ;                 ; --       ; --           ;
; T14      ;            ;          ; GND                                        ; gnd    ;              ;         ; --         ;                 ; --       ; --           ;
; T15      ;            ; --       ; VCC                                        ; power  ;              ; 0.9V    ; --         ;                 ; --       ; --           ;
; T16      ;            ;          ; GND                                        ; gnd    ;              ;         ; --         ;                 ; --       ; --           ;
; T17      ;            ; --       ; VCC                                        ; power  ;              ; 0.9V    ; --         ;                 ; --       ; --           ;
; T18      ;            ;          ; GND                                        ; gnd    ;              ;         ; --         ;                 ; --       ; --           ;
; T19      ;            ; --       ; VCC                                        ; power  ;              ; 0.9V    ; --         ;                 ; --       ; --           ;
; T20      ;            ;          ; GND                                        ; gnd    ;              ;         ; --         ;                 ; --       ; --           ;
; T21      ;            ;          ; NC                                         ;        ;              ;         ; --         ;                 ; --       ; --           ;
; T22      ;            ;          ; GND                                        ; gnd    ;              ;         ; --         ;                 ; --       ; --           ;
; T23      ;            ;          ; NC                                         ;        ;              ;         ; --         ;                 ; --       ; --           ;
; T24      ;            ;          ; GND                                        ; gnd    ;              ;         ; --         ;                 ; --       ; --           ;
; T25      ; 13         ; QL1      ; GXB_NC                                     ;        ;              ;         ; --         ;                 ; --       ; --           ;
; T26      ; 12         ; QL1      ; GXB_NC                                     ;        ;              ;         ; --         ;                 ; --       ; --           ;
; T27      ;            ;          ; GND                                        ; gnd    ;              ;         ; --         ;                 ; --       ; --           ;
; T28      ;            ;          ; GND                                        ; gnd    ;              ;         ; --         ;                 ; --       ; --           ;
; U1       ; 226        ; 5A       ; mem_write_data[11]                         ; output ; 2.5 V        ;         ; Row I/O    ; N               ; no       ; Off          ;
; U2       ;            ; 5A       ; VCCIO5A                                    ; power  ;              ; 2.5V    ; --         ;                 ; --       ; --           ;
; U3       ; 221        ; 5A       ; RESERVED_INPUT_WITH_WEAK_PULLUP            ;        ;              ;         ; Row I/O    ;                 ; no       ; On           ;
; U4       ; 218        ; 5A       ; RESERVED_INPUT_WITH_WEAK_PULLUP            ;        ;              ;         ; Row I/O    ;                 ; no       ; On           ;
; U5       ; 220        ; 5A       ; RESERVED_INPUT_WITH_WEAK_PULLUP            ;        ;              ;         ; Row I/O    ;                 ; no       ; On           ;
; U6       ; 195        ; 5A       ; mem_read_data[21]                          ; input  ; 2.5 V        ;         ; Row I/O    ; N               ; no       ; Off          ;
; U7       ;            ; 5A       ; VCCPD5A                                    ; power  ;              ; 2.5V    ; --         ;                 ; --       ; --           ;
; U8       ;            ; 5A       ; VCCPD5A                                    ; power  ;              ; 2.5V    ; --         ;                 ; --       ; --           ;
; U9       ;            ;          ; GND                                        ; gnd    ;              ;         ; --         ;                 ; --       ; --           ;
; U10      ;            ; --       ; VCC                                        ; power  ;              ; 0.9V    ; --         ;                 ; --       ; --           ;
; U11      ;            ;          ; GND                                        ; gnd    ;              ;         ; --         ;                 ; --       ; --           ;
; U12      ;            ; --       ; VCC                                        ; power  ;              ; 0.9V    ; --         ;                 ; --       ; --           ;
; U13      ;            ;          ; GND                                        ; gnd    ;              ;         ; --         ;                 ; --       ; --           ;
; U14      ;            ; --       ; VCC                                        ; power  ;              ; 0.9V    ; --         ;                 ; --       ; --           ;
; U15      ;            ;          ; GND                                        ; gnd    ;              ;         ; --         ;                 ; --       ; --           ;
; U16      ;            ; --       ; VCC                                        ; power  ;              ; 0.9V    ; --         ;                 ; --       ; --           ;
; U17      ;            ;          ; GND                                        ; gnd    ;              ;         ; --         ;                 ; --       ; --           ;
; U18      ;            ; --       ; VCC                                        ; power  ;              ; 0.9V    ; --         ;                 ; --       ; --           ;
; U19      ;            ;          ; GND                                        ; gnd    ;              ;         ; --         ;                 ; --       ; --           ;
; U20      ;            ; --       ; VCC                                        ; power  ;              ; 0.9V    ; --         ;                 ; --       ; --           ;
; U21      ;            ;          ; NC                                         ;        ;              ;         ; --         ;                 ; --       ; --           ;
; U22      ;            ; --       ; VCCH_GXB                                   ; power  ;              ; 1.5V    ; --         ;                 ; --       ; --           ;
; U23      ;            ; --       ; VCCH_GXB                                   ; power  ;              ; 1.5V    ; --         ;                 ; --       ; --           ;
; U24      ; 49         ; 3A       ; RESERVED_INPUT_WITH_WEAK_PULLUP            ;        ;              ;         ; Column I/O ;                 ; no       ; On           ;
; U25      ;            ;          ; GND                                        ; gnd    ;              ;         ; --         ;                 ; --       ; --           ;
; U26      ;            ;          ; GND                                        ; gnd    ;              ;         ; --         ;                 ; --       ; --           ;
; U27      ; 15         ; QL1      ; GXB_GND*                                   ;        ;              ;         ; --         ;                 ; --       ; --           ;
; U28      ; 14         ; QL1      ; GXB_GND*                                   ;        ;              ;         ; --         ;                 ; --       ; --           ;
; V1       ; 215        ; 5A       ; mem_read_data[17]                          ; input  ; 2.5 V        ;         ; Row I/O    ; N               ; no       ; Off          ;
; V2       ;            ;          ; GND                                        ; gnd    ;              ;         ; --         ;                 ; --       ; --           ;
; V3       ; 210        ; 5A       ; mem_read_data[1]                           ; input  ; 2.5 V        ;         ; Row I/O    ; N               ; no       ; Off          ;
; V4       ; 212        ; 5A       ; mem_read_data[4]                           ; input  ; 2.5 V        ;         ; Row I/O    ; N               ; no       ; Off          ;
; V5       ;            ;          ; GND                                        ; gnd    ;              ;         ; --         ;                 ; --       ; --           ;
; V6       ; 193        ; 5A       ; mem_read_data[25]                          ; input  ; 2.5 V        ;         ; Row I/O    ; N               ; no       ; Off          ;
; V7       ; 187        ; 5A       ; mem_read_data[29]                          ; input  ; 2.5 V        ;         ; Row I/O    ; N               ; no       ; Off          ;
; V8       ;            ;          ; GND                                        ; gnd    ;              ;         ; --         ;                 ; --       ; --           ;
; V9       ;            ; --       ; VCC                                        ; power  ;              ; 0.9V    ; --         ;                 ; --       ; --           ;
; V10      ;            ;          ; GND                                        ; gnd    ;              ;         ; --         ;                 ; --       ; --           ;
; V11      ;            ; --       ; VCC                                        ; power  ;              ; 0.9V    ; --         ;                 ; --       ; --           ;
; V12      ;            ;          ; GND                                        ; gnd    ;              ;         ; --         ;                 ; --       ; --           ;
; V13      ;            ; --       ; VCC                                        ; power  ;              ; 0.9V    ; --         ;                 ; --       ; --           ;
; V14      ;            ;          ; GND                                        ; gnd    ;              ;         ; --         ;                 ; --       ; --           ;
; V15      ;            ; --       ; VCC                                        ; power  ;              ; 0.9V    ; --         ;                 ; --       ; --           ;
; V16      ;            ;          ; GND                                        ; gnd    ;              ;         ; --         ;                 ; --       ; --           ;
; V17      ;            ; --       ; VCC                                        ; power  ;              ; 0.9V    ; --         ;                 ; --       ; --           ;
; V18      ;            ;          ; GND                                        ; gnd    ;              ;         ; --         ;                 ; --       ; --           ;
; V19      ;            ; --       ; VCC                                        ; power  ;              ; 0.9V    ; --         ;                 ; --       ; --           ;
; V20      ;            ;          ; GND                                        ; gnd    ;              ;         ; --         ;                 ; --       ; --           ;
; V21      ;            ; --       ; VCC                                        ; power  ;              ; 0.9V    ; --         ;                 ; --       ; --           ;
; V22      ; 75         ; 3A       ; RESERVED_INPUT_WITH_WEAK_PULLUP            ;        ;              ;         ; Column I/O ;                 ; no       ; On           ;
; V23      ; 73         ; 3A       ; RESERVED_INPUT_WITH_WEAK_PULLUP            ;        ;              ;         ; Column I/O ;                 ; no       ; On           ;
; V24      ; 51         ; 3A       ; RESERVED_INPUT_WITH_WEAK_PULLUP            ;        ;              ;         ; Column I/O ;                 ; no       ; On           ;
; V25      ; 17         ; QL1      ; GXB_NC                                     ;        ;              ;         ; --         ;                 ; --       ; --           ;
; V26      ; 16         ; QL1      ; GXB_NC                                     ;        ;              ;         ; --         ;                 ; --       ; --           ;
; V27      ;            ;          ; GND                                        ; gnd    ;              ;         ; --         ;                 ; --       ; --           ;
; V28      ;            ;          ; GND                                        ; gnd    ;              ;         ; --         ;                 ; --       ; --           ;
; W1       ; 213        ; 5A       ; mem_read_data[11]                          ; input  ; 2.5 V        ;         ; Row I/O    ; N               ; no       ; Off          ;
; W2       ; 214        ; 5A       ; mem_write_data[16]                         ; output ; 2.5 V        ;         ; Row I/O    ; N               ; no       ; Off          ;
; W3       ; 216        ; 5A       ; mem_read_data[15]                          ; input  ; 2.5 V        ;         ; Row I/O    ; N               ; no       ; Off          ;
; W4       ; 194        ; 5A       ; mem_read_data[26]                          ; input  ; 2.5 V        ;         ; Row I/O    ; N               ; no       ; Off          ;
; W5       ; 196        ; 5A       ; mem_read_data[24]                          ; input  ; 2.5 V        ;         ; Row I/O    ; N               ; no       ; Off          ;
; W6       ; 185        ; 5A       ; mem_read_data[28]                          ; input  ; 2.5 V        ;         ; Row I/O    ; N               ; no       ; Off          ;
; W7       ;            ; 5A       ; VREFB5AN0                                  ; power  ;              ;         ; --         ;                 ; --       ; --           ;
; W8       ; 177        ; 5A       ; RESERVED_INPUT_WITH_WEAK_PULLUP            ;        ;              ;         ; Row I/O    ;                 ; no       ; On           ;
; W9       ;            ;          ; GND                                        ; gnd    ;              ;         ; --         ;                 ; --       ; --           ;
; W10      ; 159        ; 4A       ; mem_addr[11]                               ; output ; 2.5 V        ;         ; Column I/O ; N               ; no       ; Off          ;
; W11      ; 143        ; 4A       ; mem_addr[1]                                ; output ; 2.5 V        ;         ; Column I/O ; N               ; no       ; Off          ;
; W12      ; 135        ; 4A       ; message_addr[4]                            ; input  ; 2.5 V        ;         ; Column I/O ; N               ; no       ; Off          ;
; W13      ; 133        ; 4A       ; output_addr[9]                             ; input  ; 2.5 V        ;         ; Column I/O ; N               ; no       ; Off          ;
; W14      ;            ; --       ; VCC                                        ; power  ;              ; 0.9V    ; --         ;                 ; --       ; --           ;
; W15      ;            ;          ; GND                                        ; gnd    ;              ;         ; --         ;                 ; --       ; --           ;
; W16      ;            ; --       ; VCC                                        ; power  ;              ; 0.9V    ; --         ;                 ; --       ; --           ;
; W17      ;            ;          ; GND                                        ; gnd    ;              ;         ; --         ;                 ; --       ; --           ;
; W18      ;            ; --       ; VCC                                        ; power  ;              ; 0.9V    ; --         ;                 ; --       ; --           ;
; W19      ;            ;          ; GND                                        ; gnd    ;              ;         ; --         ;                 ; --       ; --           ;
; W20      ;            ; --       ; VCC                                        ; power  ;              ; 0.9V    ; --         ;                 ; --       ; --           ;
; W21      ; 59         ; 3A       ; RESERVED_INPUT_WITH_WEAK_PULLUP            ;        ;              ;         ; Column I/O ;                 ; no       ; On           ;
; W22      ;            ;          ; GND                                        ; gnd    ;              ;         ; --         ;                 ; --       ; --           ;
; W23      ; 46         ; 3C       ; ^nSTATUS                                   ;        ;              ;         ; --         ;                 ; --       ; --           ;
; W24      ; 45         ; 3C       ; ^MSEL0                                     ;        ;              ;         ; --         ;                 ; --       ; --           ;
; W25      ;            ;          ; GND                                        ; gnd    ;              ;         ; --         ;                 ; --       ; --           ;
; W26      ;            ;          ; GND                                        ; gnd    ;              ;         ; --         ;                 ; --       ; --           ;
; W27      ; 19         ; QL1      ; GXB_GND*                                   ;        ;              ;         ; --         ;                 ; --       ; --           ;
; W28      ; 18         ; QL1      ; GXB_GND*                                   ;        ;              ;         ; --         ;                 ; --       ; --           ;
; Y1       ; 208        ; 5A       ; mem_read_data[2]                           ; input  ; 2.5 V        ;         ; Row I/O    ; N               ; no       ; Off          ;
; Y2       ;            ; 5A       ; VCCIO5A                                    ; power  ;              ; 2.5V    ; --         ;                 ; --       ; --           ;
; Y3       ; 198        ; 5A       ; mem_read_data[20]                          ; input  ; 2.5 V        ;         ; Row I/O    ; N               ; no       ; Off          ;
; Y4       ; 200        ; 5A       ; mem_read_data[9]                           ; input  ; 2.5 V        ;         ; Row I/O    ; N               ; no       ; Off          ;
; Y5       ; 182        ; 5A       ; mem_read_data[31]                          ; input  ; 2.5 V        ;         ; Row I/O    ; N               ; no       ; Off          ;
; Y6       ; 184        ; 5A       ; RESERVED_INPUT_WITH_WEAK_PULLUP            ;        ;              ;         ; Row I/O    ;                 ; no       ; On           ;
; Y7       ;            ;          ; GND                                        ; gnd    ;              ;         ; --         ;                 ; --       ; --           ;
; Y8       ;            ;          ; VCCA_PLL_3                                 ; power  ;              ; 2.5V    ; --         ;                 ; --       ; --           ;
; Y9       ; 179        ; 5A       ; RESERVED_INPUT_WITH_WEAK_PULLUP            ;        ;              ;         ; Row I/O    ;                 ; no       ; On           ;
; Y10      ; 167        ; 4A       ; RESERVED_INPUT_WITH_WEAK_PULLUP            ;        ;              ;         ; Column I/O ;                 ; no       ; On           ;
; Y11      ; 157        ; 4A       ; mem_addr[6]                                ; output ; 2.5 V        ;         ; Column I/O ; N               ; no       ; Off          ;
; Y12      ; 141        ; 4A       ; mem_addr[2]                                ; output ; 2.5 V        ;         ; Column I/O ; N               ; no       ; Off          ;
; Y13      ; 111        ; 4A       ; RESERVED_INPUT_WITH_WEAK_PULLUP            ;        ;              ;         ; Column I/O ;                 ; no       ; On           ;
; Y14      ; 109        ; 4A       ; RESERVED_INPUT_WITH_WEAK_PULLUP            ;        ;              ;         ; Column I/O ;                 ; no       ; On           ;
; Y15      ;            ; --       ; VCCCB                                      ; power  ;              ; 1.5V    ; --         ;                 ; --       ; --           ;
; Y16      ; 83         ; 3A       ; RESERVED_INPUT_WITH_WEAK_PULLUP            ;        ;              ;         ; Column I/O ;                 ; no       ; On           ;
; Y17      ;            ; 3A       ; VREFB3AN0                                  ; power  ;              ;         ; --         ;                 ; --       ; --           ;
; Y18      ; 91         ; 3A       ; RESERVED_INPUT_WITH_WEAK_PULLUP            ;        ;              ;         ; Column I/O ;                 ; no       ; On           ;
; Y19      ; 67         ; 3A       ; RESERVED_INPUT_WITH_WEAK_PULLUP            ;        ;              ;         ; Column I/O ;                 ; no       ; On           ;
; Y20      ; 65         ; 3A       ; RESERVED_INPUT_WITH_WEAK_PULLUP            ;        ;              ;         ; Column I/O ;                 ; no       ; On           ;
; Y21      ;            ; 3C       ; VCCPD3C                                    ; power  ;              ; 2.5V    ; --         ;                 ; --       ; --           ;
; Y22      ; 57         ; 3A       ; RESERVED_INPUT_WITH_WEAK_PULLUP            ;        ;              ;         ; Column I/O ;                 ; no       ; On           ;
; Y23      ; 44         ; 3C       ; ^MSEL1                                     ;        ;              ;         ; --         ;                 ; --       ; --           ;
; Y24      ; 43         ; 3C       ; ^MSEL2                                     ;        ;              ;         ; --         ;                 ; --       ; --           ;
; Y25      ; 21         ; QL0      ; GXB_NC                                     ;        ;              ;         ; --         ;                 ; --       ; --           ;
; Y26      ; 20         ; QL0      ; GXB_NC                                     ;        ;              ;         ; --         ;                 ; --       ; --           ;
; Y27      ;            ;          ; GND                                        ; gnd    ;              ;         ; --         ;                 ; --       ; --           ;
; Y28      ;            ;          ; GND                                        ; gnd    ;              ;         ; --         ;                 ; --       ; --           ;
+----------+------------+----------+--------------------------------------------+--------+--------------+---------+------------+-----------------+----------+--------------+
Note: Pin directions (input, output or bidir) are based on device operating in user mode.


+----------------------------------------------------+
; I/O Assignment Warnings                            ;
+--------------------+-------------------------------+
; Pin Name           ; Reason                        ;
+--------------------+-------------------------------+
; done               ; Incomplete set of assignments ;
; mem_clk            ; Incomplete set of assignments ;
; mem_we             ; Incomplete set of assignments ;
; mem_addr[0]        ; Incomplete set of assignments ;
; mem_addr[1]        ; Incomplete set of assignments ;
; mem_addr[2]        ; Incomplete set of assignments ;
; mem_addr[3]        ; Incomplete set of assignments ;
; mem_addr[4]        ; Incomplete set of assignments ;
; mem_addr[5]        ; Incomplete set of assignments ;
; mem_addr[6]        ; Incomplete set of assignments ;
; mem_addr[7]        ; Incomplete set of assignments ;
; mem_addr[8]        ; Incomplete set of assignments ;
; mem_addr[9]        ; Incomplete set of assignments ;
; mem_addr[10]       ; Incomplete set of assignments ;
; mem_addr[11]       ; Incomplete set of assignments ;
; mem_addr[12]       ; Incomplete set of assignments ;
; mem_addr[13]       ; Incomplete set of assignments ;
; mem_addr[14]       ; Incomplete set of assignments ;
; mem_addr[15]       ; Incomplete set of assignments ;
; mem_write_data[0]  ; Incomplete set of assignments ;
; mem_write_data[1]  ; Incomplete set of assignments ;
; mem_write_data[2]  ; Incomplete set of assignments ;
; mem_write_data[3]  ; Incomplete set of assignments ;
; mem_write_data[4]  ; Incomplete set of assignments ;
; mem_write_data[5]  ; Incomplete set of assignments ;
; mem_write_data[6]  ; Incomplete set of assignments ;
; mem_write_data[7]  ; Incomplete set of assignments ;
; mem_write_data[8]  ; Incomplete set of assignments ;
; mem_write_data[9]  ; Incomplete set of assignments ;
; mem_write_data[10] ; Incomplete set of assignments ;
; mem_write_data[11] ; Incomplete set of assignments ;
; mem_write_data[12] ; Incomplete set of assignments ;
; mem_write_data[13] ; Incomplete set of assignments ;
; mem_write_data[14] ; Incomplete set of assignments ;
; mem_write_data[15] ; Incomplete set of assignments ;
; mem_write_data[16] ; Incomplete set of assignments ;
; mem_write_data[17] ; Incomplete set of assignments ;
; mem_write_data[18] ; Incomplete set of assignments ;
; mem_write_data[19] ; Incomplete set of assignments ;
; mem_write_data[20] ; Incomplete set of assignments ;
; mem_write_data[21] ; Incomplete set of assignments ;
; mem_write_data[22] ; Incomplete set of assignments ;
; mem_write_data[23] ; Incomplete set of assignments ;
; mem_write_data[24] ; Incomplete set of assignments ;
; mem_write_data[25] ; Incomplete set of assignments ;
; mem_write_data[26] ; Incomplete set of assignments ;
; mem_write_data[27] ; Incomplete set of assignments ;
; mem_write_data[28] ; Incomplete set of assignments ;
; mem_write_data[29] ; Incomplete set of assignments ;
; mem_write_data[30] ; Incomplete set of assignments ;
; mem_write_data[31] ; Incomplete set of assignments ;
; clk                ; Incomplete set of assignments ;
; start              ; Incomplete set of assignments ;
; reset_n            ; Incomplete set of assignments ;
; output_addr[0]     ; Incomplete set of assignments ;
; message_addr[0]    ; Incomplete set of assignments ;
; output_addr[1]     ; Incomplete set of assignments ;
; message_addr[1]    ; Incomplete set of assignments ;
; output_addr[2]     ; Incomplete set of assignments ;
; message_addr[2]    ; Incomplete set of assignments ;
; output_addr[3]     ; Incomplete set of assignments ;
; message_addr[3]    ; Incomplete set of assignments ;
; output_addr[4]     ; Incomplete set of assignments ;
; message_addr[4]    ; Incomplete set of assignments ;
; output_addr[5]     ; Incomplete set of assignments ;
; message_addr[5]    ; Incomplete set of assignments ;
; output_addr[6]     ; Incomplete set of assignments ;
; message_addr[6]    ; Incomplete set of assignments ;
; output_addr[7]     ; Incomplete set of assignments ;
; message_addr[7]    ; Incomplete set of assignments ;
; output_addr[8]     ; Incomplete set of assignments ;
; message_addr[8]    ; Incomplete set of assignments ;
; output_addr[9]     ; Incomplete set of assignments ;
; message_addr[9]    ; Incomplete set of assignments ;
; output_addr[10]    ; Incomplete set of assignments ;
; message_addr[10]   ; Incomplete set of assignments ;
; output_addr[11]    ; Incomplete set of assignments ;
; message_addr[11]   ; Incomplete set of assignments ;
; output_addr[12]    ; Incomplete set of assignments ;
; message_addr[12]   ; Incomplete set of assignments ;
; output_addr[13]    ; Incomplete set of assignments ;
; message_addr[13]   ; Incomplete set of assignments ;
; output_addr[14]    ; Incomplete set of assignments ;
; message_addr[14]   ; Incomplete set of assignments ;
; output_addr[15]    ; Incomplete set of assignments ;
; message_addr[15]   ; Incomplete set of assignments ;
; mem_read_data[0]   ; Incomplete set of assignments ;
; mem_read_data[1]   ; Incomplete set of assignments ;
; mem_read_data[2]   ; Incomplete set of assignments ;
; mem_read_data[3]   ; Incomplete set of assignments ;
; mem_read_data[4]   ; Incomplete set of assignments ;
; mem_read_data[5]   ; Incomplete set of assignments ;
; mem_read_data[6]   ; Incomplete set of assignments ;
; mem_read_data[7]   ; Incomplete set of assignments ;
; mem_read_data[8]   ; Incomplete set of assignments ;
; mem_read_data[9]   ; Incomplete set of assignments ;
; mem_read_data[10]  ; Incomplete set of assignments ;
; mem_read_data[11]  ; Incomplete set of assignments ;
; mem_read_data[12]  ; Incomplete set of assignments ;
; mem_read_data[13]  ; Incomplete set of assignments ;
; mem_read_data[14]  ; Incomplete set of assignments ;
; mem_read_data[15]  ; Incomplete set of assignments ;
; mem_read_data[16]  ; Incomplete set of assignments ;
; mem_read_data[17]  ; Incomplete set of assignments ;
; mem_read_data[18]  ; Incomplete set of assignments ;
; mem_read_data[19]  ; Incomplete set of assignments ;
; mem_read_data[20]  ; Incomplete set of assignments ;
; mem_read_data[21]  ; Incomplete set of assignments ;
; mem_read_data[22]  ; Incomplete set of assignments ;
; mem_read_data[23]  ; Incomplete set of assignments ;
; mem_read_data[24]  ; Incomplete set of assignments ;
; mem_read_data[25]  ; Incomplete set of assignments ;
; mem_read_data[26]  ; Incomplete set of assignments ;
; mem_read_data[27]  ; Incomplete set of assignments ;
; mem_read_data[28]  ; Incomplete set of assignments ;
; mem_read_data[29]  ; Incomplete set of assignments ;
; mem_read_data[30]  ; Incomplete set of assignments ;
; mem_read_data[31]  ; Incomplete set of assignments ;
; done               ; Missing location assignment   ;
; mem_clk            ; Missing location assignment   ;
; mem_we             ; Missing location assignment   ;
; mem_addr[0]        ; Missing location assignment   ;
; mem_addr[1]        ; Missing location assignment   ;
; mem_addr[2]        ; Missing location assignment   ;
; mem_addr[3]        ; Missing location assignment   ;
; mem_addr[4]        ; Missing location assignment   ;
; mem_addr[5]        ; Missing location assignment   ;
; mem_addr[6]        ; Missing location assignment   ;
; mem_addr[7]        ; Missing location assignment   ;
; mem_addr[8]        ; Missing location assignment   ;
; mem_addr[9]        ; Missing location assignment   ;
; mem_addr[10]       ; Missing location assignment   ;
; mem_addr[11]       ; Missing location assignment   ;
; mem_addr[12]       ; Missing location assignment   ;
; mem_addr[13]       ; Missing location assignment   ;
; mem_addr[14]       ; Missing location assignment   ;
; mem_addr[15]       ; Missing location assignment   ;
; mem_write_data[0]  ; Missing location assignment   ;
; mem_write_data[1]  ; Missing location assignment   ;
; mem_write_data[2]  ; Missing location assignment   ;
; mem_write_data[3]  ; Missing location assignment   ;
; mem_write_data[4]  ; Missing location assignment   ;
; mem_write_data[5]  ; Missing location assignment   ;
; mem_write_data[6]  ; Missing location assignment   ;
; mem_write_data[7]  ; Missing location assignment   ;
; mem_write_data[8]  ; Missing location assignment   ;
; mem_write_data[9]  ; Missing location assignment   ;
; mem_write_data[10] ; Missing location assignment   ;
; mem_write_data[11] ; Missing location assignment   ;
; mem_write_data[12] ; Missing location assignment   ;
; mem_write_data[13] ; Missing location assignment   ;
; mem_write_data[14] ; Missing location assignment   ;
; mem_write_data[15] ; Missing location assignment   ;
; mem_write_data[16] ; Missing location assignment   ;
; mem_write_data[17] ; Missing location assignment   ;
; mem_write_data[18] ; Missing location assignment   ;
; mem_write_data[19] ; Missing location assignment   ;
; mem_write_data[20] ; Missing location assignment   ;
; mem_write_data[21] ; Missing location assignment   ;
; mem_write_data[22] ; Missing location assignment   ;
; mem_write_data[23] ; Missing location assignment   ;
; mem_write_data[24] ; Missing location assignment   ;
; mem_write_data[25] ; Missing location assignment   ;
; mem_write_data[26] ; Missing location assignment   ;
; mem_write_data[27] ; Missing location assignment   ;
; mem_write_data[28] ; Missing location assignment   ;
; mem_write_data[29] ; Missing location assignment   ;
; mem_write_data[30] ; Missing location assignment   ;
; mem_write_data[31] ; Missing location assignment   ;
; clk                ; Missing location assignment   ;
; start              ; Missing location assignment   ;
; reset_n            ; Missing location assignment   ;
; output_addr[0]     ; Missing location assignment   ;
; message_addr[0]    ; Missing location assignment   ;
; output_addr[1]     ; Missing location assignment   ;
; message_addr[1]    ; Missing location assignment   ;
; output_addr[2]     ; Missing location assignment   ;
; message_addr[2]    ; Missing location assignment   ;
; output_addr[3]     ; Missing location assignment   ;
; message_addr[3]    ; Missing location assignment   ;
; output_addr[4]     ; Missing location assignment   ;
; message_addr[4]    ; Missing location assignment   ;
; output_addr[5]     ; Missing location assignment   ;
; message_addr[5]    ; Missing location assignment   ;
; output_addr[6]     ; Missing location assignment   ;
; message_addr[6]    ; Missing location assignment   ;
; output_addr[7]     ; Missing location assignment   ;
; message_addr[7]    ; Missing location assignment   ;
; output_addr[8]     ; Missing location assignment   ;
; message_addr[8]    ; Missing location assignment   ;
; output_addr[9]     ; Missing location assignment   ;
; message_addr[9]    ; Missing location assignment   ;
; output_addr[10]    ; Missing location assignment   ;
; message_addr[10]   ; Missing location assignment   ;
; output_addr[11]    ; Missing location assignment   ;
; message_addr[11]   ; Missing location assignment   ;
; output_addr[12]    ; Missing location assignment   ;
; message_addr[12]   ; Missing location assignment   ;
; output_addr[13]    ; Missing location assignment   ;
; message_addr[13]   ; Missing location assignment   ;
; output_addr[14]    ; Missing location assignment   ;
; message_addr[14]   ; Missing location assignment   ;
; output_addr[15]    ; Missing location assignment   ;
; message_addr[15]   ; Missing location assignment   ;
; mem_read_data[0]   ; Missing location assignment   ;
; mem_read_data[1]   ; Missing location assignment   ;
; mem_read_data[2]   ; Missing location assignment   ;
; mem_read_data[3]   ; Missing location assignment   ;
; mem_read_data[4]   ; Missing location assignment   ;
; mem_read_data[5]   ; Missing location assignment   ;
; mem_read_data[6]   ; Missing location assignment   ;
; mem_read_data[7]   ; Missing location assignment   ;
; mem_read_data[8]   ; Missing location assignment   ;
; mem_read_data[9]   ; Missing location assignment   ;
; mem_read_data[10]  ; Missing location assignment   ;
; mem_read_data[11]  ; Missing location assignment   ;
; mem_read_data[12]  ; Missing location assignment   ;
; mem_read_data[13]  ; Missing location assignment   ;
; mem_read_data[14]  ; Missing location assignment   ;
; mem_read_data[15]  ; Missing location assignment   ;
; mem_read_data[16]  ; Missing location assignment   ;
; mem_read_data[17]  ; Missing location assignment   ;
; mem_read_data[18]  ; Missing location assignment   ;
; mem_read_data[19]  ; Missing location assignment   ;
; mem_read_data[20]  ; Missing location assignment   ;
; mem_read_data[21]  ; Missing location assignment   ;
; mem_read_data[22]  ; Missing location assignment   ;
; mem_read_data[23]  ; Missing location assignment   ;
; mem_read_data[24]  ; Missing location assignment   ;
; mem_read_data[25]  ; Missing location assignment   ;
; mem_read_data[26]  ; Missing location assignment   ;
; mem_read_data[27]  ; Missing location assignment   ;
; mem_read_data[28]  ; Missing location assignment   ;
; mem_read_data[29]  ; Missing location assignment   ;
; mem_read_data[30]  ; Missing location assignment   ;
; mem_read_data[31]  ; Missing location assignment   ;
+--------------------+-------------------------------+


+------------------------------------------------------------------------------------------------------------------------------------------------------------------------------------------------------------------------------------------------------------------------------------------------------------------------------------------------------------------------------------------------------------------------------------------------------------------------------+
; Fitter Resource Utilization by Entity                                                                                                                                                                                                                                                                                                                                                                                                                                        ;
+---------------------------------------------------------+---------------------+--------------+----------+--------------+---------------------------+---------------+-------------------+------+--------------+---------+-----------+-----------+-----------+------+--------------+--------------------------------+--------------------+-------------------------------+------------------------------------------------------------------+-------------------+--------------+
; Compilation Hierarchy Node                              ; Combinational ALUTs ; Memory ALUTs ; LUT_REGs ; ALMs         ; Dedicated Logic Registers ; I/O Registers ; Block Memory Bits ; M9Ks ; DSP Elements ; DSP 9x9 ; DSP 12x12 ; DSP 18x18 ; DSP 36x36 ; Pins ; Virtual Pins ; Combinational with no register ; Register-Only      ; Combinational with a register ; Full Hierarchy Name                                              ; Entity Name       ; Library Name ;
;                                                         ;                     ;              ;          ;              ;                           ;               ;                   ;      ;              ;         ;           ;           ;           ;      ;              ; ALUT/register pair             ; ALUT/register pair ; ALUT/register pair            ;                                                                  ;                   ;              ;
+---------------------------------------------------------+---------------------+--------------+----------+--------------+---------------------------+---------------+-------------------+------+--------------+---------+-----------+-----------+-----------+------+--------------+--------------------------------+--------------------+-------------------------------+------------------------------------------------------------------+-------------------+--------------+
; |bitcoin_hash                                           ; 12481 (1612)        ; 0 (0)        ; 0 (0)    ; 17280 (3751) ; 27232 (5432)              ; 0 (0)         ; 0                 ; 0    ; 0            ; 0       ; 0         ; 0         ; 0         ; 118  ; 0            ; 5485 (86)                      ; 20236 (4040)       ; 6996 (1526)                   ; |bitcoin_hash                                                    ; bitcoin_hash      ; work         ;
;    |simplified_sha256:generate_sha256_blocks[0].block|  ; 719 (719)           ; 0 (0)        ; 0 (0)    ; 1048 (1048)  ; 1300 (1300)               ; 0 (0)         ; 0                 ; 0    ; 0            ; 0       ; 0         ; 0         ; 0         ; 0    ; 0            ; 372 (372)                      ; 962 (962)          ; 354 (354)                     ; |bitcoin_hash|simplified_sha256:generate_sha256_blocks[0].block  ; simplified_sha256 ; work         ;
;    |simplified_sha256:generate_sha256_blocks[10].block| ; 630 (630)           ; 0 (0)        ; 0 (0)    ; 1086 (1086)  ; 1280 (1280)               ; 0 (0)         ; 0                 ; 0    ; 0            ; 0       ; 0         ; 0         ; 0         ; 0    ; 0            ; 312 (312)                      ; 937 (937)          ; 348 (348)                     ; |bitcoin_hash|simplified_sha256:generate_sha256_blocks[10].block ; simplified_sha256 ; work         ;
;    |simplified_sha256:generate_sha256_blocks[11].block| ; 630 (630)           ; 0 (0)        ; 0 (0)    ; 1076 (1076)  ; 1280 (1280)               ; 0 (0)         ; 0                 ; 0    ; 0            ; 0       ; 0         ; 0         ; 0         ; 0    ; 0            ; 309 (309)                      ; 945 (945)          ; 343 (343)                     ; |bitcoin_hash|simplified_sha256:generate_sha256_blocks[11].block ; simplified_sha256 ; work         ;
;    |simplified_sha256:generate_sha256_blocks[12].block| ; 630 (630)           ; 0 (0)        ; 0 (0)    ; 1089 (1089)  ; 1280 (1280)               ; 0 (0)         ; 0                 ; 0    ; 0            ; 0       ; 0         ; 0         ; 0         ; 0    ; 0            ; 316 (316)                      ; 961 (961)          ; 325 (325)                     ; |bitcoin_hash|simplified_sha256:generate_sha256_blocks[12].block ; simplified_sha256 ; work         ;
;    |simplified_sha256:generate_sha256_blocks[13].block| ; 630 (630)           ; 0 (0)        ; 0 (0)    ; 1090 (1090)  ; 1280 (1280)               ; 0 (0)         ; 0                 ; 0    ; 0            ; 0       ; 0         ; 0         ; 0         ; 0    ; 0            ; 314 (314)                      ; 957 (957)          ; 328 (328)                     ; |bitcoin_hash|simplified_sha256:generate_sha256_blocks[13].block ; simplified_sha256 ; work         ;
;    |simplified_sha256:generate_sha256_blocks[14].block| ; 630 (630)           ; 0 (0)        ; 0 (0)    ; 1087 (1087)  ; 1280 (1280)               ; 0 (0)         ; 0                 ; 0    ; 0            ; 0       ; 0         ; 0         ; 0         ; 0    ; 0            ; 315 (315)                      ; 947 (947)          ; 339 (339)                     ; |bitcoin_hash|simplified_sha256:generate_sha256_blocks[14].block ; simplified_sha256 ; work         ;
;    |simplified_sha256:generate_sha256_blocks[15].block| ; 630 (630)           ; 0 (0)        ; 0 (0)    ; 1082 (1082)  ; 1280 (1280)               ; 0 (0)         ; 0                 ; 0    ; 0            ; 0       ; 0         ; 0         ; 0         ; 0    ; 0            ; 316 (316)                      ; 954 (954)          ; 332 (332)                     ; |bitcoin_hash|simplified_sha256:generate_sha256_blocks[15].block ; simplified_sha256 ; work         ;
;    |simplified_sha256:generate_sha256_blocks[1].block|  ; 630 (630)           ; 0 (0)        ; 0 (0)    ; 1120 (1120)  ; 1280 (1280)               ; 0 (0)         ; 0                 ; 0    ; 0            ; 0       ; 0         ; 0         ; 0         ; 0    ; 0            ; 309 (309)                      ; 966 (966)          ; 326 (326)                     ; |bitcoin_hash|simplified_sha256:generate_sha256_blocks[1].block  ; simplified_sha256 ; work         ;
;    |simplified_sha256:generate_sha256_blocks[2].block|  ; 630 (630)           ; 0 (0)        ; 0 (0)    ; 1076 (1076)  ; 1280 (1280)               ; 0 (0)         ; 0                 ; 0    ; 0            ; 0       ; 0         ; 0         ; 0         ; 0    ; 0            ; 308 (308)                      ; 944 (944)          ; 346 (346)                     ; |bitcoin_hash|simplified_sha256:generate_sha256_blocks[2].block  ; simplified_sha256 ; work         ;
;    |simplified_sha256:generate_sha256_blocks[3].block|  ; 630 (630)           ; 0 (0)        ; 0 (0)    ; 1084 (1084)  ; 1280 (1280)               ; 0 (0)         ; 0                 ; 0    ; 0            ; 0       ; 0         ; 0         ; 0         ; 0    ; 0            ; 318 (318)                      ; 963 (963)          ; 319 (319)                     ; |bitcoin_hash|simplified_sha256:generate_sha256_blocks[3].block  ; simplified_sha256 ; work         ;
;    |simplified_sha256:generate_sha256_blocks[4].block|  ; 630 (630)           ; 0 (0)        ; 0 (0)    ; 1083 (1083)  ; 1280 (1280)               ; 0 (0)         ; 0                 ; 0    ; 0            ; 0       ; 0         ; 0         ; 0         ; 0    ; 0            ; 307 (307)                      ; 961 (961)          ; 330 (330)                     ; |bitcoin_hash|simplified_sha256:generate_sha256_blocks[4].block  ; simplified_sha256 ; work         ;
;    |simplified_sha256:generate_sha256_blocks[5].block|  ; 630 (630)           ; 0 (0)        ; 0 (0)    ; 1087 (1087)  ; 1280 (1280)               ; 0 (0)         ; 0                 ; 0    ; 0            ; 0       ; 0         ; 0         ; 0         ; 0    ; 0            ; 308 (308)                      ; 968 (968)          ; 325 (325)                     ; |bitcoin_hash|simplified_sha256:generate_sha256_blocks[5].block  ; simplified_sha256 ; work         ;
;    |simplified_sha256:generate_sha256_blocks[6].block|  ; 630 (630)           ; 0 (0)        ; 0 (0)    ; 1101 (1101)  ; 1280 (1280)               ; 0 (0)         ; 0                 ; 0    ; 0            ; 0       ; 0         ; 0         ; 0         ; 0    ; 0            ; 318 (318)                      ; 950 (950)          ; 334 (334)                     ; |bitcoin_hash|simplified_sha256:generate_sha256_blocks[6].block  ; simplified_sha256 ; work         ;
;    |simplified_sha256:generate_sha256_blocks[7].block|  ; 630 (630)           ; 0 (0)        ; 0 (0)    ; 1077 (1077)  ; 1280 (1280)               ; 0 (0)         ; 0                 ; 0    ; 0            ; 0       ; 0         ; 0         ; 0         ; 0    ; 0            ; 311 (311)                      ; 956 (956)          ; 330 (330)                     ; |bitcoin_hash|simplified_sha256:generate_sha256_blocks[7].block  ; simplified_sha256 ; work         ;
;    |simplified_sha256:generate_sha256_blocks[8].block|  ; 630 (630)           ; 0 (0)        ; 0 (0)    ; 1109 (1109)  ; 1280 (1280)               ; 0 (0)         ; 0                 ; 0    ; 0            ; 0       ; 0         ; 0         ; 0         ; 0    ; 0            ; 317 (317)                      ; 949 (949)          ; 334 (334)                     ; |bitcoin_hash|simplified_sha256:generate_sha256_blocks[8].block  ; simplified_sha256 ; work         ;
;    |simplified_sha256:generate_sha256_blocks[9].block|  ; 630 (630)           ; 0 (0)        ; 0 (0)    ; 1080 (1080)  ; 1280 (1280)               ; 0 (0)         ; 0                 ; 0    ; 0            ; 0       ; 0         ; 0         ; 0         ; 0    ; 0            ; 312 (312)                      ; 949 (949)          ; 339 (339)                     ; |bitcoin_hash|simplified_sha256:generate_sha256_blocks[9].block  ; simplified_sha256 ; work         ;
;    |simplified_sha256:sha256_phase1|                    ; 700 (700)           ; 0 (0)        ; 0 (0)    ; 1002 (1002)  ; 1300 (1300)               ; 0 (0)         ; 0                 ; 0    ; 0            ; 0       ; 0         ; 0         ; 0         ; 0    ; 0            ; 337 (337)                      ; 927 (927)          ; 393 (393)                     ; |bitcoin_hash|simplified_sha256:sha256_phase1                    ; simplified_sha256 ; work         ;
+---------------------------------------------------------+---------------------+--------------+----------+--------------+---------------------------+---------------+-------------------+------+--------------+---------+-----------+-----------+-----------+------+--------------+--------------------------------+--------------------+-------------------------------+------------------------------------------------------------------+-------------------+--------------+
Note: For table entries with two numbers listed, the numbers in parentheses indicate the number of resources of the given type used by the specific entity alone. The numbers listed outside of parentheses indicate the total resources of the given type used by the specific entity and all of its sub-entities in the hierarchy.


+--------------------------------------------------------------------------------------------------------------------------------------------------------------------------------------------------------------------------------+
; Delay Chain Summary                                                                                                                                                                                                            ;
+--------------------+----------+---------------+---------------+------------------------------------------------------------------+----------------------------------------------+-----+------+---------+----------+------------+
; Name               ; Pin Type ; Pad to Core 0 ; Pad to Core 1 ; Input Pin to Input Register(or DDIO High Capture Register) Delay ; Input Pin to DDIO Low Capture Register Delay ; TCO ; TCOE ; DQS bus ; NDQS bus ; DQS output ;
+--------------------+----------+---------------+---------------+------------------------------------------------------------------+----------------------------------------------+-----+------+---------+----------+------------+
; done               ; Output   ; --            ; --            ; --                                                               ; --                                           ; --  ; --   ; --      ; --       ; --         ;
; mem_clk            ; Output   ; --            ; --            ; --                                                               ; --                                           ; --  ; --   ; --      ; --       ; --         ;
; mem_we             ; Output   ; --            ; --            ; --                                                               ; --                                           ; --  ; --   ; --      ; --       ; --         ;
; mem_addr[0]        ; Output   ; --            ; --            ; --                                                               ; --                                           ; --  ; --   ; --      ; --       ; --         ;
; mem_addr[1]        ; Output   ; --            ; --            ; --                                                               ; --                                           ; --  ; --   ; --      ; --       ; --         ;
; mem_addr[2]        ; Output   ; --            ; --            ; --                                                               ; --                                           ; --  ; --   ; --      ; --       ; --         ;
; mem_addr[3]        ; Output   ; --            ; --            ; --                                                               ; --                                           ; --  ; --   ; --      ; --       ; --         ;
; mem_addr[4]        ; Output   ; --            ; --            ; --                                                               ; --                                           ; --  ; --   ; --      ; --       ; --         ;
; mem_addr[5]        ; Output   ; --            ; --            ; --                                                               ; --                                           ; --  ; --   ; --      ; --       ; --         ;
; mem_addr[6]        ; Output   ; --            ; --            ; --                                                               ; --                                           ; --  ; --   ; --      ; --       ; --         ;
; mem_addr[7]        ; Output   ; --            ; --            ; --                                                               ; --                                           ; --  ; --   ; --      ; --       ; --         ;
; mem_addr[8]        ; Output   ; --            ; --            ; --                                                               ; --                                           ; --  ; --   ; --      ; --       ; --         ;
; mem_addr[9]        ; Output   ; --            ; --            ; --                                                               ; --                                           ; --  ; --   ; --      ; --       ; --         ;
; mem_addr[10]       ; Output   ; --            ; --            ; --                                                               ; --                                           ; --  ; --   ; --      ; --       ; --         ;
; mem_addr[11]       ; Output   ; --            ; --            ; --                                                               ; --                                           ; --  ; --   ; --      ; --       ; --         ;
; mem_addr[12]       ; Output   ; --            ; --            ; --                                                               ; --                                           ; --  ; --   ; --      ; --       ; --         ;
; mem_addr[13]       ; Output   ; --            ; --            ; --                                                               ; --                                           ; --  ; --   ; --      ; --       ; --         ;
; mem_addr[14]       ; Output   ; --            ; --            ; --                                                               ; --                                           ; --  ; --   ; --      ; --       ; --         ;
; mem_addr[15]       ; Output   ; --            ; --            ; --                                                               ; --                                           ; --  ; --   ; --      ; --       ; --         ;
; mem_write_data[0]  ; Output   ; --            ; --            ; --                                                               ; --                                           ; --  ; --   ; --      ; --       ; --         ;
; mem_write_data[1]  ; Output   ; --            ; --            ; --                                                               ; --                                           ; --  ; --   ; --      ; --       ; --         ;
; mem_write_data[2]  ; Output   ; --            ; --            ; --                                                               ; --                                           ; --  ; --   ; --      ; --       ; --         ;
; mem_write_data[3]  ; Output   ; --            ; --            ; --                                                               ; --                                           ; --  ; --   ; --      ; --       ; --         ;
; mem_write_data[4]  ; Output   ; --            ; --            ; --                                                               ; --                                           ; --  ; --   ; --      ; --       ; --         ;
; mem_write_data[5]  ; Output   ; --            ; --            ; --                                                               ; --                                           ; --  ; --   ; --      ; --       ; --         ;
; mem_write_data[6]  ; Output   ; --            ; --            ; --                                                               ; --                                           ; --  ; --   ; --      ; --       ; --         ;
; mem_write_data[7]  ; Output   ; --            ; --            ; --                                                               ; --                                           ; --  ; --   ; --      ; --       ; --         ;
; mem_write_data[8]  ; Output   ; --            ; --            ; --                                                               ; --                                           ; --  ; --   ; --      ; --       ; --         ;
; mem_write_data[9]  ; Output   ; --            ; --            ; --                                                               ; --                                           ; --  ; --   ; --      ; --       ; --         ;
; mem_write_data[10] ; Output   ; --            ; --            ; --                                                               ; --                                           ; --  ; --   ; --      ; --       ; --         ;
; mem_write_data[11] ; Output   ; --            ; --            ; --                                                               ; --                                           ; --  ; --   ; --      ; --       ; --         ;
; mem_write_data[12] ; Output   ; --            ; --            ; --                                                               ; --                                           ; --  ; --   ; --      ; --       ; --         ;
; mem_write_data[13] ; Output   ; --            ; --            ; --                                                               ; --                                           ; --  ; --   ; --      ; --       ; --         ;
; mem_write_data[14] ; Output   ; --            ; --            ; --                                                               ; --                                           ; --  ; --   ; --      ; --       ; --         ;
; mem_write_data[15] ; Output   ; --            ; --            ; --                                                               ; --                                           ; --  ; --   ; --      ; --       ; --         ;
; mem_write_data[16] ; Output   ; --            ; --            ; --                                                               ; --                                           ; --  ; --   ; --      ; --       ; --         ;
; mem_write_data[17] ; Output   ; --            ; --            ; --                                                               ; --                                           ; --  ; --   ; --      ; --       ; --         ;
; mem_write_data[18] ; Output   ; --            ; --            ; --                                                               ; --                                           ; --  ; --   ; --      ; --       ; --         ;
; mem_write_data[19] ; Output   ; --            ; --            ; --                                                               ; --                                           ; --  ; --   ; --      ; --       ; --         ;
; mem_write_data[20] ; Output   ; --            ; --            ; --                                                               ; --                                           ; --  ; --   ; --      ; --       ; --         ;
; mem_write_data[21] ; Output   ; --            ; --            ; --                                                               ; --                                           ; --  ; --   ; --      ; --       ; --         ;
; mem_write_data[22] ; Output   ; --            ; --            ; --                                                               ; --                                           ; --  ; --   ; --      ; --       ; --         ;
; mem_write_data[23] ; Output   ; --            ; --            ; --                                                               ; --                                           ; --  ; --   ; --      ; --       ; --         ;
; mem_write_data[24] ; Output   ; --            ; --            ; --                                                               ; --                                           ; --  ; --   ; --      ; --       ; --         ;
; mem_write_data[25] ; Output   ; --            ; --            ; --                                                               ; --                                           ; --  ; --   ; --      ; --       ; --         ;
; mem_write_data[26] ; Output   ; --            ; --            ; --                                                               ; --                                           ; --  ; --   ; --      ; --       ; --         ;
; mem_write_data[27] ; Output   ; --            ; --            ; --                                                               ; --                                           ; --  ; --   ; --      ; --       ; --         ;
; mem_write_data[28] ; Output   ; --            ; --            ; --                                                               ; --                                           ; --  ; --   ; --      ; --       ; --         ;
; mem_write_data[29] ; Output   ; --            ; --            ; --                                                               ; --                                           ; --  ; --   ; --      ; --       ; --         ;
; mem_write_data[30] ; Output   ; --            ; --            ; --                                                               ; --                                           ; --  ; --   ; --      ; --       ; --         ;
; mem_write_data[31] ; Output   ; --            ; --            ; --                                                               ; --                                           ; --  ; --   ; --      ; --       ; --         ;
; clk                ; Input    ; (0) 413 ps    ; --            ; --                                                               ; --                                           ; --  ; --   ; --      ; --       ; --         ;
; start              ; Input    ; --            ; (51) 1977 ps  ; --                                                               ; --                                           ; --  ; --   ; --      ; --       ; --         ;
; reset_n            ; Input    ; (0) 413 ps    ; --            ; --                                                               ; --                                           ; --  ; --   ; --      ; --       ; --         ;
; output_addr[0]     ; Input    ; (51) 1906 ps  ; --            ; --                                                               ; --                                           ; --  ; --   ; --      ; --       ; --         ;
; message_addr[0]    ; Input    ; (51) 1906 ps  ; --            ; --                                                               ; --                                           ; --  ; --   ; --      ; --       ; --         ;
; output_addr[1]     ; Input    ; (51) 1906 ps  ; --            ; --                                                               ; --                                           ; --  ; --   ; --      ; --       ; --         ;
; message_addr[1]    ; Input    ; --            ; (51) 1906 ps  ; --                                                               ; --                                           ; --  ; --   ; --      ; --       ; --         ;
; output_addr[2]     ; Input    ; (51) 1906 ps  ; --            ; --                                                               ; --                                           ; --  ; --   ; --      ; --       ; --         ;
; message_addr[2]    ; Input    ; (51) 1906 ps  ; --            ; --                                                               ; --                                           ; --  ; --   ; --      ; --       ; --         ;
; output_addr[3]     ; Input    ; (51) 1906 ps  ; --            ; --                                                               ; --                                           ; --  ; --   ; --      ; --       ; --         ;
; message_addr[3]    ; Input    ; --            ; (51) 1906 ps  ; --                                                               ; --                                           ; --  ; --   ; --      ; --       ; --         ;
; output_addr[4]     ; Input    ; (51) 1906 ps  ; --            ; --                                                               ; --                                           ; --  ; --   ; --      ; --       ; --         ;
; message_addr[4]    ; Input    ; --            ; (51) 1906 ps  ; --                                                               ; --                                           ; --  ; --   ; --      ; --       ; --         ;
; output_addr[5]     ; Input    ; --            ; (51) 1906 ps  ; --                                                               ; --                                           ; --  ; --   ; --      ; --       ; --         ;
; message_addr[5]    ; Input    ; (51) 1906 ps  ; --            ; --                                                               ; --                                           ; --  ; --   ; --      ; --       ; --         ;
; output_addr[6]     ; Input    ; (51) 1906 ps  ; --            ; --                                                               ; --                                           ; --  ; --   ; --      ; --       ; --         ;
; message_addr[6]    ; Input    ; (51) 1906 ps  ; --            ; --                                                               ; --                                           ; --  ; --   ; --      ; --       ; --         ;
; output_addr[7]     ; Input    ; (51) 1906 ps  ; --            ; --                                                               ; --                                           ; --  ; --   ; --      ; --       ; --         ;
; message_addr[7]    ; Input    ; (51) 1906 ps  ; --            ; --                                                               ; --                                           ; --  ; --   ; --      ; --       ; --         ;
; output_addr[8]     ; Input    ; (51) 1906 ps  ; --            ; --                                                               ; --                                           ; --  ; --   ; --      ; --       ; --         ;
; message_addr[8]    ; Input    ; (51) 1906 ps  ; --            ; --                                                               ; --                                           ; --  ; --   ; --      ; --       ; --         ;
; output_addr[9]     ; Input    ; (51) 1906 ps  ; --            ; --                                                               ; --                                           ; --  ; --   ; --      ; --       ; --         ;
; message_addr[9]    ; Input    ; (51) 1906 ps  ; --            ; --                                                               ; --                                           ; --  ; --   ; --      ; --       ; --         ;
; output_addr[10]    ; Input    ; (51) 1906 ps  ; --            ; --                                                               ; --                                           ; --  ; --   ; --      ; --       ; --         ;
; message_addr[10]   ; Input    ; (51) 1906 ps  ; --            ; --                                                               ; --                                           ; --  ; --   ; --      ; --       ; --         ;
; output_addr[11]    ; Input    ; (51) 1906 ps  ; --            ; --                                                               ; --                                           ; --  ; --   ; --      ; --       ; --         ;
; message_addr[11]   ; Input    ; (51) 1906 ps  ; --            ; --                                                               ; --                                           ; --  ; --   ; --      ; --       ; --         ;
; output_addr[12]    ; Input    ; (51) 1906 ps  ; --            ; --                                                               ; --                                           ; --  ; --   ; --      ; --       ; --         ;
; message_addr[12]   ; Input    ; --            ; (51) 1906 ps  ; --                                                               ; --                                           ; --  ; --   ; --      ; --       ; --         ;
; output_addr[13]    ; Input    ; (51) 1906 ps  ; --            ; --                                                               ; --                                           ; --  ; --   ; --      ; --       ; --         ;
; message_addr[13]   ; Input    ; (51) 1906 ps  ; --            ; --                                                               ; --                                           ; --  ; --   ; --      ; --       ; --         ;
; output_addr[14]    ; Input    ; (51) 1906 ps  ; --            ; --                                                               ; --                                           ; --  ; --   ; --      ; --       ; --         ;
; message_addr[14]   ; Input    ; (51) 1906 ps  ; --            ; --                                                               ; --                                           ; --  ; --   ; --      ; --       ; --         ;
; output_addr[15]    ; Input    ; --            ; (51) 1906 ps  ; --                                                               ; --                                           ; --  ; --   ; --      ; --       ; --         ;
; message_addr[15]   ; Input    ; (51) 1906 ps  ; --            ; --                                                               ; --                                           ; --  ; --   ; --      ; --       ; --         ;
; mem_read_data[0]   ; Input    ; --            ; (51) 1977 ps  ; --                                                               ; --                                           ; --  ; --   ; --      ; --       ; --         ;
; mem_read_data[1]   ; Input    ; --            ; (51) 1977 ps  ; --                                                               ; --                                           ; --  ; --   ; --      ; --       ; --         ;
; mem_read_data[2]   ; Input    ; (51) 1977 ps  ; --            ; --                                                               ; --                                           ; --  ; --   ; --      ; --       ; --         ;
; mem_read_data[3]   ; Input    ; (51) 1977 ps  ; --            ; --                                                               ; --                                           ; --  ; --   ; --      ; --       ; --         ;
; mem_read_data[4]   ; Input    ; (51) 1977 ps  ; --            ; --                                                               ; --                                           ; --  ; --   ; --      ; --       ; --         ;
; mem_read_data[5]   ; Input    ; (51) 1977 ps  ; --            ; --                                                               ; --                                           ; --  ; --   ; --      ; --       ; --         ;
; mem_read_data[6]   ; Input    ; (51) 1977 ps  ; --            ; --                                                               ; --                                           ; --  ; --   ; --      ; --       ; --         ;
; mem_read_data[7]   ; Input    ; --            ; (51) 1977 ps  ; --                                                               ; --                                           ; --  ; --   ; --      ; --       ; --         ;
; mem_read_data[8]   ; Input    ; (51) 1977 ps  ; --            ; --                                                               ; --                                           ; --  ; --   ; --      ; --       ; --         ;
; mem_read_data[9]   ; Input    ; (51) 1977 ps  ; --            ; --                                                               ; --                                           ; --  ; --   ; --      ; --       ; --         ;
; mem_read_data[10]  ; Input    ; (51) 1977 ps  ; --            ; --                                                               ; --                                           ; --  ; --   ; --      ; --       ; --         ;
; mem_read_data[11]  ; Input    ; (51) 1977 ps  ; --            ; --                                                               ; --                                           ; --  ; --   ; --      ; --       ; --         ;
; mem_read_data[12]  ; Input    ; --            ; (51) 1977 ps  ; --                                                               ; --                                           ; --  ; --   ; --      ; --       ; --         ;
; mem_read_data[13]  ; Input    ; --            ; (51) 1977 ps  ; --                                                               ; --                                           ; --  ; --   ; --      ; --       ; --         ;
; mem_read_data[14]  ; Input    ; (51) 1977 ps  ; --            ; --                                                               ; --                                           ; --  ; --   ; --      ; --       ; --         ;
; mem_read_data[15]  ; Input    ; (51) 1977 ps  ; --            ; --                                                               ; --                                           ; --  ; --   ; --      ; --       ; --         ;
; mem_read_data[16]  ; Input    ; --            ; (51) 1977 ps  ; --                                                               ; --                                           ; --  ; --   ; --      ; --       ; --         ;
; mem_read_data[17]  ; Input    ; (51) 1977 ps  ; --            ; --                                                               ; --                                           ; --  ; --   ; --      ; --       ; --         ;
; mem_read_data[18]  ; Input    ; (51) 1977 ps  ; --            ; --                                                               ; --                                           ; --  ; --   ; --      ; --       ; --         ;
; mem_read_data[19]  ; Input    ; (51) 1977 ps  ; --            ; --                                                               ; --                                           ; --  ; --   ; --      ; --       ; --         ;
; mem_read_data[20]  ; Input    ; --            ; (51) 1977 ps  ; --                                                               ; --                                           ; --  ; --   ; --      ; --       ; --         ;
; mem_read_data[21]  ; Input    ; (51) 1977 ps  ; --            ; --                                                               ; --                                           ; --  ; --   ; --      ; --       ; --         ;
; mem_read_data[22]  ; Input    ; (51) 1977 ps  ; --            ; --                                                               ; --                                           ; --  ; --   ; --      ; --       ; --         ;
; mem_read_data[23]  ; Input    ; (51) 1977 ps  ; --            ; --                                                               ; --                                           ; --  ; --   ; --      ; --       ; --         ;
; mem_read_data[24]  ; Input    ; (51) 1977 ps  ; --            ; --                                                               ; --                                           ; --  ; --   ; --      ; --       ; --         ;
; mem_read_data[25]  ; Input    ; (51) 1977 ps  ; --            ; --                                                               ; --                                           ; --  ; --   ; --      ; --       ; --         ;
; mem_read_data[26]  ; Input    ; --            ; (51) 1977 ps  ; --                                                               ; --                                           ; --  ; --   ; --      ; --       ; --         ;
; mem_read_data[27]  ; Input    ; --            ; (51) 1977 ps  ; --                                                               ; --                                           ; --  ; --   ; --      ; --       ; --         ;
; mem_read_data[28]  ; Input    ; (51) 1977 ps  ; --            ; --                                                               ; --                                           ; --  ; --   ; --      ; --       ; --         ;
; mem_read_data[29]  ; Input    ; (51) 1977 ps  ; --            ; --                                                               ; --                                           ; --  ; --   ; --      ; --       ; --         ;
; mem_read_data[30]  ; Input    ; (51) 1977 ps  ; --            ; --                                                               ; --                                           ; --  ; --   ; --      ; --       ; --         ;
; mem_read_data[31]  ; Input    ; --            ; (51) 1977 ps  ; --                                                               ; --                                           ; --  ; --   ; --      ; --       ; --         ;
+--------------------+----------+---------------+---------------+------------------------------------------------------------------+----------------------------------------------+-----+------+---------+----------+------------+


+----------------------------------------------------------------+
; Pad To Core Delay Chain Fanout                                 ;
+----------------------------------+-------------------+---------+
; Source Pin / Fanout              ; Pad To Core Index ; Setting ;
+----------------------------------+-------------------+---------+
; clk                              ;                   ;         ;
; start                            ;                   ;         ;
;      - offset[15]~0              ; 1                 ; 51      ;
;      - cur_we~0                  ; 1                 ; 51      ;
;      - offset[15]~2              ; 1                 ; 51      ;
;      - cur_addr[15]~0            ; 1                 ; 51      ;
;      - i[4]~1                    ; 1                 ; 51      ;
;      - Selector332~0             ; 1                 ; 51      ;
;      - Selector49~0              ; 1                 ; 51      ;
;      - h_ini[0][0]~1             ; 1                 ; 51      ;
;      - Selector50~0              ; 1                 ; 51      ;
; reset_n                          ;                   ;         ;
; output_addr[0]                   ;                   ;         ;
;      - cur_addr[0]~feeder        ; 0                 ; 51      ;
; message_addr[0]                  ;                   ;         ;
;      - cur_addr[0]               ; 0                 ; 51      ;
; output_addr[1]                   ;                   ;         ;
;      - cur_addr[1]~feeder        ; 0                 ; 51      ;
; message_addr[1]                  ;                   ;         ;
;      - cur_addr[1]               ; 1                 ; 51      ;
; output_addr[2]                   ;                   ;         ;
;      - cur_addr[2]~feeder        ; 0                 ; 51      ;
; message_addr[2]                  ;                   ;         ;
;      - cur_addr[2]               ; 0                 ; 51      ;
; output_addr[3]                   ;                   ;         ;
;      - cur_addr[3]~feeder        ; 0                 ; 51      ;
; message_addr[3]                  ;                   ;         ;
;      - cur_addr[3]               ; 1                 ; 51      ;
; output_addr[4]                   ;                   ;         ;
;      - cur_addr[4]~feeder        ; 0                 ; 51      ;
; message_addr[4]                  ;                   ;         ;
;      - cur_addr[4]               ; 1                 ; 51      ;
; output_addr[5]                   ;                   ;         ;
;      - cur_addr[5]~feeder        ; 1                 ; 51      ;
; message_addr[5]                  ;                   ;         ;
;      - cur_addr[5]               ; 0                 ; 51      ;
; output_addr[6]                   ;                   ;         ;
;      - cur_addr[6]~feeder        ; 0                 ; 51      ;
; message_addr[6]                  ;                   ;         ;
;      - cur_addr[6]               ; 0                 ; 51      ;
; output_addr[7]                   ;                   ;         ;
;      - cur_addr[7]~feeder        ; 0                 ; 51      ;
; message_addr[7]                  ;                   ;         ;
;      - cur_addr[7]               ; 0                 ; 51      ;
; output_addr[8]                   ;                   ;         ;
;      - cur_addr[8]~feeder        ; 0                 ; 51      ;
; message_addr[8]                  ;                   ;         ;
;      - cur_addr[8]               ; 0                 ; 51      ;
; output_addr[9]                   ;                   ;         ;
;      - cur_addr[9]~feeder        ; 0                 ; 51      ;
; message_addr[9]                  ;                   ;         ;
;      - cur_addr[9]               ; 0                 ; 51      ;
; output_addr[10]                  ;                   ;         ;
;      - cur_addr[10]~feeder       ; 0                 ; 51      ;
; message_addr[10]                 ;                   ;         ;
;      - cur_addr[10]              ; 0                 ; 51      ;
; output_addr[11]                  ;                   ;         ;
;      - cur_addr[11]~feeder       ; 0                 ; 51      ;
; message_addr[11]                 ;                   ;         ;
;      - cur_addr[11]              ; 0                 ; 51      ;
; output_addr[12]                  ;                   ;         ;
;      - cur_addr[12]~feeder       ; 0                 ; 51      ;
; message_addr[12]                 ;                   ;         ;
;      - cur_addr[12]              ; 1                 ; 51      ;
; output_addr[13]                  ;                   ;         ;
;      - cur_addr[13]~feeder       ; 0                 ; 51      ;
; message_addr[13]                 ;                   ;         ;
;      - cur_addr[13]              ; 0                 ; 51      ;
; output_addr[14]                  ;                   ;         ;
;      - cur_addr[14]~feeder       ; 0                 ; 51      ;
; message_addr[14]                 ;                   ;         ;
;      - cur_addr[14]              ; 0                 ; 51      ;
; output_addr[15]                  ;                   ;         ;
;      - cur_addr[15]~feeder       ; 1                 ; 51      ;
; message_addr[15]                 ;                   ;         ;
;      - cur_addr[15]              ; 0                 ; 51      ;
; mem_read_data[0]                 ;                   ;         ;
;      - base_block[7][0]          ; 1                 ; 51      ;
;      - base_block[8][0]          ; 1                 ; 51      ;
;      - base_block[9][0]          ; 1                 ; 51      ;
;      - base_block[10][0]         ; 1                 ; 51      ;
;      - base_block[11][0]         ; 1                 ; 51      ;
;      - base_block[13][0]         ; 1                 ; 51      ;
;      - base_block[14][0]         ; 1                 ; 51      ;
;      - w[0][3][0]                ; 1                 ; 51      ;
;      - w[0][9][0]                ; 1                 ; 51      ;
;      - w[0][10][0]               ; 1                 ; 51      ;
;      - w[0][11][0]               ; 1                 ; 51      ;
;      - w[0][12][0]               ; 1                 ; 51      ;
;      - w[0][13][0]               ; 1                 ; 51      ;
;      - w[0][14][0]               ; 1                 ; 51      ;
;      - Selector8535~0            ; 1                 ; 51      ;
;      - base_block[1][0]          ; 1                 ; 51      ;
;      - Selector8503~0            ; 1                 ; 51      ;
;      - Selector8471~0            ; 1                 ; 51      ;
;      - Selector8407~0            ; 1                 ; 51      ;
;      - Selector8375~0            ; 1                 ; 51      ;
;      - base_block~4              ; 1                 ; 51      ;
;      - Selector8343~0            ; 1                 ; 51      ;
;      - Selector8311~0            ; 1                 ; 51      ;
;      - Selector8279~0            ; 1                 ; 51      ;
;      - Selector8055~0            ; 1                 ; 51      ;
;      - base_block[12][0]~feeder  ; 1                 ; 51      ;
;      - base_block[0][0]~feeder   ; 1                 ; 51      ;
;      - base_block[2][0]~feeder   ; 1                 ; 51      ;
;      - base_block[5][0]~feeder   ; 1                 ; 51      ;
;      - base_block[6][0]~feeder   ; 1                 ; 51      ;
; mem_read_data[1]                 ;                   ;         ;
;      - base_block[6][1]          ; 1                 ; 51      ;
;      - base_block[8][1]          ; 1                 ; 51      ;
;      - base_block[10][1]         ; 1                 ; 51      ;
;      - base_block[13][1]         ; 1                 ; 51      ;
;      - base_block[14][1]         ; 1                 ; 51      ;
;      - w[0][3][1]                ; 1                 ; 51      ;
;      - w[0][9][1]                ; 1                 ; 51      ;
;      - w[0][10][1]               ; 1                 ; 51      ;
;      - w[0][11][1]               ; 1                 ; 51      ;
;      - w[0][12][1]               ; 1                 ; 51      ;
;      - w[0][13][1]               ; 1                 ; 51      ;
;      - w[0][14][1]               ; 1                 ; 51      ;
;      - base_block[0][1]          ; 1                 ; 51      ;
;      - Selector8534~0            ; 1                 ; 51      ;
;      - base_block[1][1]          ; 1                 ; 51      ;
;      - Selector8502~0            ; 1                 ; 51      ;
;      - base_block[2][1]          ; 1                 ; 51      ;
;      - Selector8470~0            ; 1                 ; 51      ;
;      - Selector8406~0            ; 1                 ; 51      ;
;      - Selector8374~0            ; 1                 ; 51      ;
;      - base_block~7              ; 1                 ; 51      ;
;      - Selector8342~0            ; 1                 ; 51      ;
;      - Selector8310~0            ; 1                 ; 51      ;
;      - Selector8278~0            ; 1                 ; 51      ;
;      - Selector8054~0            ; 1                 ; 51      ;
;      - base_block[11][1]~feeder  ; 1                 ; 51      ;
;      - base_block[12][1]~feeder  ; 1                 ; 51      ;
;      - base_block[9][1]~feeder   ; 1                 ; 51      ;
;      - base_block[7][1]~feeder   ; 1                 ; 51      ;
;      - base_block[5][1]~feeder   ; 1                 ; 51      ;
; mem_read_data[2]                 ;                   ;         ;
;      - base_block[5][2]          ; 0                 ; 51      ;
;      - base_block[6][2]          ; 0                 ; 51      ;
;      - base_block[7][2]          ; 0                 ; 51      ;
;      - base_block[11][2]         ; 0                 ; 51      ;
;      - base_block[12][2]         ; 0                 ; 51      ;
;      - base_block[13][2]         ; 0                 ; 51      ;
;      - base_block[14][2]         ; 0                 ; 51      ;
;      - w[0][3][2]                ; 0                 ; 51      ;
;      - w[0][9][2]                ; 0                 ; 51      ;
;      - w[0][10][2]               ; 0                 ; 51      ;
;      - w[0][11][2]               ; 0                 ; 51      ;
;      - w[0][12][2]               ; 0                 ; 51      ;
;      - w[0][13][2]               ; 0                 ; 51      ;
;      - w[0][14][2]               ; 0                 ; 51      ;
;      - Selector8533~0            ; 0                 ; 51      ;
;      - base_block[1][2]          ; 0                 ; 51      ;
;      - Selector8501~0            ; 0                 ; 51      ;
;      - base_block[2][2]          ; 0                 ; 51      ;
;      - Selector8469~0            ; 0                 ; 51      ;
;      - Selector8405~0            ; 0                 ; 51      ;
;      - Selector8373~0            ; 0                 ; 51      ;
;      - base_block~8              ; 0                 ; 51      ;
;      - Selector8341~0            ; 0                 ; 51      ;
;      - Selector8309~0            ; 0                 ; 51      ;
;      - Selector8277~0            ; 0                 ; 51      ;
;      - Selector8053~0            ; 0                 ; 51      ;
;      - base_block[8][2]~feeder   ; 0                 ; 51      ;
;      - base_block[0][2]~feeder   ; 0                 ; 51      ;
;      - base_block[9][2]~feeder   ; 0                 ; 51      ;
;      - base_block[10][2]~feeder  ; 0                 ; 51      ;
; mem_read_data[3]                 ;                   ;         ;
;      - base_block[6][3]          ; 0                 ; 51      ;
;      - base_block[7][3]          ; 0                 ; 51      ;
;      - base_block[9][3]          ; 0                 ; 51      ;
;      - base_block[11][3]         ; 0                 ; 51      ;
;      - base_block[13][3]         ; 0                 ; 51      ;
;      - w[0][3][3]                ; 0                 ; 51      ;
;      - w[0][9][3]                ; 0                 ; 51      ;
;      - w[0][10][3]               ; 0                 ; 51      ;
;      - w[0][11][3]               ; 0                 ; 51      ;
;      - w[0][12][3]               ; 0                 ; 51      ;
;      - w[0][13][3]               ; 0                 ; 51      ;
;      - w[0][14][3]               ; 0                 ; 51      ;
;      - base_block[0][3]          ; 0                 ; 51      ;
;      - Selector8532~0            ; 0                 ; 51      ;
;      - base_block[1][3]          ; 0                 ; 51      ;
;      - Selector8500~0            ; 0                 ; 51      ;
;      - base_block[2][3]          ; 0                 ; 51      ;
;      - Selector8468~0            ; 0                 ; 51      ;
;      - Selector8404~0            ; 0                 ; 51      ;
;      - Selector8372~0            ; 0                 ; 51      ;
;      - base_block~9              ; 0                 ; 51      ;
;      - Selector8340~0            ; 0                 ; 51      ;
;      - Selector8308~0            ; 0                 ; 51      ;
;      - Selector8276~0            ; 0                 ; 51      ;
;      - Selector8052~0            ; 0                 ; 51      ;
;      - base_block[8][3]~feeder   ; 0                 ; 51      ;
;      - base_block[12][3]~feeder  ; 0                 ; 51      ;
;      - base_block[10][3]~feeder  ; 0                 ; 51      ;
;      - base_block[14][3]~feeder  ; 0                 ; 51      ;
;      - base_block[5][3]~feeder   ; 0                 ; 51      ;
; mem_read_data[4]                 ;                   ;         ;
;      - base_block[5][4]          ; 0                 ; 51      ;
;      - base_block[6][4]          ; 0                 ; 51      ;
;      - base_block[7][4]          ; 0                 ; 51      ;
;      - base_block[8][4]          ; 0                 ; 51      ;
;      - base_block[12][4]         ; 0                 ; 51      ;
;      - base_block[13][4]         ; 0                 ; 51      ;
;      - w[0][3][4]                ; 0                 ; 51      ;
;      - w[0][9][4]                ; 0                 ; 51      ;
;      - w[0][10][4]               ; 0                 ; 51      ;
;      - w[0][11][4]               ; 0                 ; 51      ;
;      - w[0][12][4]               ; 0                 ; 51      ;
;      - w[0][13][4]               ; 0                 ; 51      ;
;      - w[0][14][4]               ; 0                 ; 51      ;
;      - base_block[0][4]          ; 0                 ; 51      ;
;      - Selector8531~0            ; 0                 ; 51      ;
;      - base_block[1][4]          ; 0                 ; 51      ;
;      - Selector8499~0            ; 0                 ; 51      ;
;      - base_block[2][4]          ; 0                 ; 51      ;
;      - Selector8467~0            ; 0                 ; 51      ;
;      - Selector8403~0            ; 0                 ; 51      ;
;      - Selector8371~0            ; 0                 ; 51      ;
;      - base_block~10             ; 0                 ; 51      ;
;      - Selector8339~0            ; 0                 ; 51      ;
;      - Selector8307~0            ; 0                 ; 51      ;
;      - Selector8275~0            ; 0                 ; 51      ;
;      - Selector8051~0            ; 0                 ; 51      ;
;      - base_block[14][4]~feeder  ; 0                 ; 51      ;
;      - base_block[11][4]~feeder  ; 0                 ; 51      ;
;      - base_block[9][4]~feeder   ; 0                 ; 51      ;
;      - base_block[10][4]~feeder  ; 0                 ; 51      ;
; mem_read_data[5]                 ;                   ;         ;
;      - base_block[7][5]          ; 0                 ; 51      ;
;      - base_block[8][5]          ; 0                 ; 51      ;
;      - base_block[9][5]          ; 0                 ; 51      ;
;      - base_block[10][5]         ; 0                 ; 51      ;
;      - base_block[14][5]         ; 0                 ; 51      ;
;      - w[0][3][5]                ; 0                 ; 51      ;
;      - w[0][9][5]                ; 0                 ; 51      ;
;      - w[0][10][5]               ; 0                 ; 51      ;
;      - w[0][11][5]               ; 0                 ; 51      ;
;      - w[0][12][5]               ; 0                 ; 51      ;
;      - w[0][13][5]               ; 0                 ; 51      ;
;      - w[0][14][5]               ; 0                 ; 51      ;
;      - Selector8530~0            ; 0                 ; 51      ;
;      - base_block[1][5]          ; 0                 ; 51      ;
;      - Selector8498~0            ; 0                 ; 51      ;
;      - base_block[2][5]          ; 0                 ; 51      ;
;      - Selector8466~0            ; 0                 ; 51      ;
;      - Selector8402~0            ; 0                 ; 51      ;
;      - Selector8370~0            ; 0                 ; 51      ;
;      - base_block~11             ; 0                 ; 51      ;
;      - Selector8338~0            ; 0                 ; 51      ;
;      - Selector8306~0            ; 0                 ; 51      ;
;      - Selector8274~0            ; 0                 ; 51      ;
;      - Selector8050~0            ; 0                 ; 51      ;
;      - base_block[11][5]~feeder  ; 0                 ; 51      ;
;      - base_block[0][5]~feeder   ; 0                 ; 51      ;
;      - base_block[12][5]~feeder  ; 0                 ; 51      ;
;      - base_block[13][5]~feeder  ; 0                 ; 51      ;
;      - base_block[5][5]~feeder   ; 0                 ; 51      ;
;      - base_block[6][5]~feeder   ; 0                 ; 51      ;
; mem_read_data[6]                 ;                   ;         ;
;      - base_block[14][6]         ; 0                 ; 51      ;
;      - w[0][3][6]                ; 0                 ; 51      ;
;      - w[0][9][6]                ; 0                 ; 51      ;
;      - w[0][10][6]               ; 0                 ; 51      ;
;      - w[0][11][6]               ; 0                 ; 51      ;
;      - w[0][12][6]               ; 0                 ; 51      ;
;      - w[0][13][6]               ; 0                 ; 51      ;
;      - w[0][14][6]               ; 0                 ; 51      ;
;      - base_block[0][6]          ; 0                 ; 51      ;
;      - Selector8529~0            ; 0                 ; 51      ;
;      - base_block[1][6]          ; 0                 ; 51      ;
;      - Selector8497~0            ; 0                 ; 51      ;
;      - base_block[2][6]          ; 0                 ; 51      ;
;      - Selector8465~0            ; 0                 ; 51      ;
;      - Selector8401~0            ; 0                 ; 51      ;
;      - Selector8369~0            ; 0                 ; 51      ;
;      - base_block~12             ; 0                 ; 51      ;
;      - Selector8337~0            ; 0                 ; 51      ;
;      - Selector8305~0            ; 0                 ; 51      ;
;      - Selector8273~0            ; 0                 ; 51      ;
;      - Selector8049~0            ; 0                 ; 51      ;
;      - base_block[8][6]~feeder   ; 0                 ; 51      ;
;      - base_block[7][6]~feeder   ; 0                 ; 51      ;
;      - base_block[5][6]~feeder   ; 0                 ; 51      ;
;      - base_block[6][6]~feeder   ; 0                 ; 51      ;
;      - base_block[9][6]~feeder   ; 0                 ; 51      ;
;      - base_block[11][6]~feeder  ; 0                 ; 51      ;
;      - base_block[10][6]~feeder  ; 0                 ; 51      ;
;      - base_block[12][6]~feeder  ; 0                 ; 51      ;
;      - base_block[13][6]~feeder  ; 0                 ; 51      ;
; mem_read_data[7]                 ;                   ;         ;
;      - base_block[5][7]          ; 1                 ; 51      ;
;      - base_block[6][7]          ; 1                 ; 51      ;
;      - base_block[7][7]          ; 1                 ; 51      ;
;      - base_block[8][7]          ; 1                 ; 51      ;
;      - base_block[10][7]         ; 1                 ; 51      ;
;      - base_block[11][7]         ; 1                 ; 51      ;
;      - base_block[14][7]         ; 1                 ; 51      ;
;      - w[0][3][7]                ; 1                 ; 51      ;
;      - w[0][9][7]                ; 1                 ; 51      ;
;      - w[0][10][7]               ; 1                 ; 51      ;
;      - w[0][11][7]               ; 1                 ; 51      ;
;      - w[0][12][7]               ; 1                 ; 51      ;
;      - w[0][13][7]               ; 1                 ; 51      ;
;      - w[0][14][7]               ; 1                 ; 51      ;
;      - base_block[0][7]          ; 1                 ; 51      ;
;      - Selector8528~0            ; 1                 ; 51      ;
;      - base_block[1][7]          ; 1                 ; 51      ;
;      - Selector8496~0            ; 1                 ; 51      ;
;      - base_block[2][7]          ; 1                 ; 51      ;
;      - Selector8464~0            ; 1                 ; 51      ;
;      - Selector8400~0            ; 1                 ; 51      ;
;      - Selector8368~0            ; 1                 ; 51      ;
;      - base_block~13             ; 1                 ; 51      ;
;      - Selector8336~0            ; 1                 ; 51      ;
;      - Selector8304~0            ; 1                 ; 51      ;
;      - Selector8272~0            ; 1                 ; 51      ;
;      - Selector8048~0            ; 1                 ; 51      ;
;      - base_block~49             ; 1                 ; 51      ;
;      - base_block[13][7]~feeder  ; 1                 ; 51      ;
;      - base_block[12][7]~feeder  ; 1                 ; 51      ;
;      - base_block[9][7]~feeder   ; 1                 ; 51      ;
; mem_read_data[8]                 ;                   ;         ;
;      - base_block[5][8]          ; 0                 ; 51      ;
;      - base_block[6][8]          ; 0                 ; 51      ;
;      - base_block[11][8]         ; 0                 ; 51      ;
;      - w[0][3][8]                ; 0                 ; 51      ;
;      - w[0][9][8]                ; 0                 ; 51      ;
;      - w[0][10][8]               ; 0                 ; 51      ;
;      - w[0][11][8]               ; 0                 ; 51      ;
;      - w[0][12][8]               ; 0                 ; 51      ;
;      - w[0][13][8]               ; 0                 ; 51      ;
;      - w[0][14][8]               ; 0                 ; 51      ;
;      - Selector8527~0            ; 0                 ; 51      ;
;      - base_block[1][8]          ; 0                 ; 51      ;
;      - Selector8495~0            ; 0                 ; 51      ;
;      - base_block[2][8]          ; 0                 ; 51      ;
;      - Selector8463~0            ; 0                 ; 51      ;
;      - Selector8399~0            ; 0                 ; 51      ;
;      - Selector8367~0            ; 0                 ; 51      ;
;      - base_block~14             ; 0                 ; 51      ;
;      - Selector8335~0            ; 0                 ; 51      ;
;      - Selector8303~0            ; 0                 ; 51      ;
;      - Selector8271~0            ; 0                 ; 51      ;
;      - Selector8047~0            ; 0                 ; 51      ;
;      - base_block[0][8]~feeder   ; 0                 ; 51      ;
;      - base_block[7][8]~feeder   ; 0                 ; 51      ;
;      - base_block[14][8]~feeder  ; 0                 ; 51      ;
;      - base_block[8][8]~feeder   ; 0                 ; 51      ;
;      - base_block[13][8]~feeder  ; 0                 ; 51      ;
;      - base_block[12][8]~feeder  ; 0                 ; 51      ;
;      - base_block[9][8]~feeder   ; 0                 ; 51      ;
;      - base_block[10][8]~feeder  ; 0                 ; 51      ;
; mem_read_data[9]                 ;                   ;         ;
;      - base_block[5][9]          ; 0                 ; 51      ;
;      - base_block[6][9]          ; 0                 ; 51      ;
;      - base_block[7][9]          ; 0                 ; 51      ;
;      - base_block[8][9]          ; 0                 ; 51      ;
;      - base_block[9][9]          ; 0                 ; 51      ;
;      - base_block[10][9]         ; 0                 ; 51      ;
;      - base_block[12][9]         ; 0                 ; 51      ;
;      - base_block[13][9]         ; 0                 ; 51      ;
;      - base_block[14][9]         ; 0                 ; 51      ;
;      - w[0][3][9]                ; 0                 ; 51      ;
;      - w[0][9][9]                ; 0                 ; 51      ;
;      - w[0][10][9]               ; 0                 ; 51      ;
;      - w[0][11][9]               ; 0                 ; 51      ;
;      - w[0][12][9]               ; 0                 ; 51      ;
;      - w[0][13][9]               ; 0                 ; 51      ;
;      - w[0][14][9]               ; 0                 ; 51      ;
;      - Selector8526~0            ; 0                 ; 51      ;
;      - base_block[1][9]          ; 0                 ; 51      ;
;      - Selector8494~0            ; 0                 ; 51      ;
;      - base_block[2][9]          ; 0                 ; 51      ;
;      - Selector8462~0            ; 0                 ; 51      ;
;      - Selector8398~0            ; 0                 ; 51      ;
;      - Selector8366~0            ; 0                 ; 51      ;
;      - base_block~15             ; 0                 ; 51      ;
;      - Selector8334~0            ; 0                 ; 51      ;
;      - Selector8302~0            ; 0                 ; 51      ;
;      - Selector8270~0            ; 0                 ; 51      ;
;      - Selector8046~0            ; 0                 ; 51      ;
;      - base_block~50             ; 0                 ; 51      ;
;      - base_block[11][9]~feeder  ; 0                 ; 51      ;
;      - base_block[0][9]~feeder   ; 0                 ; 51      ;
; mem_read_data[10]                ;                   ;         ;
;      - base_block[7][10]         ; 0                 ; 51      ;
;      - base_block[8][10]         ; 0                 ; 51      ;
;      - base_block[9][10]         ; 0                 ; 51      ;
;      - base_block[10][10]        ; 0                 ; 51      ;
;      - base_block[11][10]        ; 0                 ; 51      ;
;      - base_block[14][10]        ; 0                 ; 51      ;
;      - w[0][3][10]               ; 0                 ; 51      ;
;      - w[0][9][10]               ; 0                 ; 51      ;
;      - w[0][10][10]              ; 0                 ; 51      ;
;      - w[0][11][10]              ; 0                 ; 51      ;
;      - w[0][12][10]              ; 0                 ; 51      ;
;      - w[0][13][10]              ; 0                 ; 51      ;
;      - w[0][14][10]              ; 0                 ; 51      ;
;      - base_block[0][10]         ; 0                 ; 51      ;
;      - Selector8525~0            ; 0                 ; 51      ;
;      - Selector8493~0            ; 0                 ; 51      ;
;      - base_block[2][10]         ; 0                 ; 51      ;
;      - Selector8461~0            ; 0                 ; 51      ;
;      - Selector8397~0            ; 0                 ; 51      ;
;      - Selector8365~0            ; 0                 ; 51      ;
;      - base_block~16             ; 0                 ; 51      ;
;      - Selector8333~0            ; 0                 ; 51      ;
;      - Selector8301~0            ; 0                 ; 51      ;
;      - Selector8269~0            ; 0                 ; 51      ;
;      - Selector8045~0            ; 0                 ; 51      ;
;      - base_block[13][10]~feeder ; 0                 ; 51      ;
;      - base_block[12][10]~feeder ; 0                 ; 51      ;
;      - base_block[1][10]~feeder  ; 0                 ; 51      ;
;      - base_block[5][10]~feeder  ; 0                 ; 51      ;
;      - base_block[6][10]~feeder  ; 0                 ; 51      ;
; mem_read_data[11]                ;                   ;         ;
;      - base_block[5][11]         ; 0                 ; 51      ;
;      - base_block[6][11]         ; 0                 ; 51      ;
;      - base_block[10][11]        ; 0                 ; 51      ;
;      - base_block[12][11]        ; 0                 ; 51      ;
;      - base_block[14][11]        ; 0                 ; 51      ;
;      - w[0][3][11]               ; 0                 ; 51      ;
;      - w[0][9][11]               ; 0                 ; 51      ;
;      - w[0][10][11]              ; 0                 ; 51      ;
;      - w[0][11][11]              ; 0                 ; 51      ;
;      - w[0][12][11]              ; 0                 ; 51      ;
;      - w[0][13][11]              ; 0                 ; 51      ;
;      - w[0][14][11]              ; 0                 ; 51      ;
;      - Selector8524~0            ; 0                 ; 51      ;
;      - base_block[1][11]         ; 0                 ; 51      ;
;      - Selector8492~0            ; 0                 ; 51      ;
;      - base_block[2][11]         ; 0                 ; 51      ;
;      - Selector8460~0            ; 0                 ; 51      ;
;      - Selector8396~0            ; 0                 ; 51      ;
;      - Selector8364~0            ; 0                 ; 51      ;
;      - base_block~17             ; 0                 ; 51      ;
;      - Selector8332~0            ; 0                 ; 51      ;
;      - Selector8300~0            ; 0                 ; 51      ;
;      - Selector8268~0            ; 0                 ; 51      ;
;      - Selector8044~0            ; 0                 ; 51      ;
;      - base_block[0][11]~feeder  ; 0                 ; 51      ;
;      - base_block[8][11]~feeder  ; 0                 ; 51      ;
;      - base_block[7][11]~feeder  ; 0                 ; 51      ;
;      - base_block[13][11]~feeder ; 0                 ; 51      ;
;      - base_block[11][11]~feeder ; 0                 ; 51      ;
;      - base_block[9][11]~feeder  ; 0                 ; 51      ;
; mem_read_data[12]                ;                   ;         ;
;      - base_block[7][12]         ; 1                 ; 51      ;
;      - base_block[9][12]         ; 1                 ; 51      ;
;      - base_block[13][12]        ; 1                 ; 51      ;
;      - base_block[14][12]        ; 1                 ; 51      ;
;      - w[0][3][12]               ; 1                 ; 51      ;
;      - w[0][9][12]               ; 1                 ; 51      ;
;      - w[0][10][12]              ; 1                 ; 51      ;
;      - w[0][11][12]              ; 1                 ; 51      ;
;      - w[0][12][12]              ; 1                 ; 51      ;
;      - w[0][13][12]              ; 1                 ; 51      ;
;      - w[0][14][12]              ; 1                 ; 51      ;
;      - base_block[0][12]         ; 1                 ; 51      ;
;      - Selector8523~0            ; 1                 ; 51      ;
;      - base_block[1][12]         ; 1                 ; 51      ;
;      - Selector8491~0            ; 1                 ; 51      ;
;      - base_block[2][12]         ; 1                 ; 51      ;
;      - Selector8459~0            ; 1                 ; 51      ;
;      - Selector8395~0            ; 1                 ; 51      ;
;      - Selector8363~0            ; 1                 ; 51      ;
;      - base_block~18             ; 1                 ; 51      ;
;      - Selector8331~0            ; 1                 ; 51      ;
;      - Selector8299~0            ; 1                 ; 51      ;
;      - Selector8267~0            ; 1                 ; 51      ;
;      - Selector8043~0            ; 1                 ; 51      ;
;      - base_block[5][12]~feeder  ; 1                 ; 51      ;
;      - base_block[6][12]~feeder  ; 1                 ; 51      ;
;      - base_block[8][12]~feeder  ; 1                 ; 51      ;
;      - base_block[11][12]~feeder ; 1                 ; 51      ;
;      - base_block[10][12]~feeder ; 1                 ; 51      ;
;      - base_block[12][12]~feeder ; 1                 ; 51      ;
; mem_read_data[13]                ;                   ;         ;
;      - base_block[5][13]         ; 1                 ; 51      ;
;      - base_block[6][13]         ; 1                 ; 51      ;
;      - base_block[8][13]         ; 1                 ; 51      ;
;      - base_block[10][13]        ; 1                 ; 51      ;
;      - base_block[11][13]        ; 1                 ; 51      ;
;      - base_block[14][13]        ; 1                 ; 51      ;
;      - w[0][3][13]               ; 1                 ; 51      ;
;      - w[0][9][13]               ; 1                 ; 51      ;
;      - w[0][10][13]              ; 1                 ; 51      ;
;      - w[0][11][13]              ; 1                 ; 51      ;
;      - w[0][12][13]              ; 1                 ; 51      ;
;      - w[0][13][13]              ; 1                 ; 51      ;
;      - w[0][14][13]              ; 1                 ; 51      ;
;      - Selector8522~0            ; 1                 ; 51      ;
;      - base_block[1][13]         ; 1                 ; 51      ;
;      - Selector8490~0            ; 1                 ; 51      ;
;      - base_block[2][13]         ; 1                 ; 51      ;
;      - Selector8458~0            ; 1                 ; 51      ;
;      - Selector8394~0            ; 1                 ; 51      ;
;      - Selector8362~0            ; 1                 ; 51      ;
;      - base_block~19             ; 1                 ; 51      ;
;      - Selector8330~0            ; 1                 ; 51      ;
;      - Selector8298~0            ; 1                 ; 51      ;
;      - Selector8266~0            ; 1                 ; 51      ;
;      - Selector8042~0            ; 1                 ; 51      ;
;      - base_block[13][13]~feeder ; 1                 ; 51      ;
;      - base_block[7][13]~feeder  ; 1                 ; 51      ;
;      - base_block[12][13]~feeder ; 1                 ; 51      ;
;      - base_block[9][13]~feeder  ; 1                 ; 51      ;
;      - base_block[0][13]~feeder  ; 1                 ; 51      ;
; mem_read_data[14]                ;                   ;         ;
;      - base_block[5][14]         ; 0                 ; 51      ;
;      - base_block[13][14]        ; 0                 ; 51      ;
;      - base_block[14][14]        ; 0                 ; 51      ;
;      - w[0][3][14]               ; 0                 ; 51      ;
;      - w[0][9][14]               ; 0                 ; 51      ;
;      - w[0][10][14]              ; 0                 ; 51      ;
;      - w[0][11][14]              ; 0                 ; 51      ;
;      - w[0][12][14]              ; 0                 ; 51      ;
;      - w[0][13][14]              ; 0                 ; 51      ;
;      - w[0][14][14]              ; 0                 ; 51      ;
;      - base_block[0][14]         ; 0                 ; 51      ;
;      - Selector8521~0            ; 0                 ; 51      ;
;      - base_block[1][14]         ; 0                 ; 51      ;
;      - Selector8489~0            ; 0                 ; 51      ;
;      - base_block[2][14]         ; 0                 ; 51      ;
;      - Selector8457~0            ; 0                 ; 51      ;
;      - Selector8393~0            ; 0                 ; 51      ;
;      - Selector8361~0            ; 0                 ; 51      ;
;      - base_block~20             ; 0                 ; 51      ;
;      - Selector8329~0            ; 0                 ; 51      ;
;      - Selector8297~0            ; 0                 ; 51      ;
;      - Selector8265~0            ; 0                 ; 51      ;
;      - Selector8041~0            ; 0                 ; 51      ;
;      - base_block[7][14]~feeder  ; 0                 ; 51      ;
;      - base_block[8][14]~feeder  ; 0                 ; 51      ;
;      - base_block[11][14]~feeder ; 0                 ; 51      ;
;      - base_block[9][14]~feeder  ; 0                 ; 51      ;
;      - base_block[12][14]~feeder ; 0                 ; 51      ;
;      - base_block[10][14]~feeder ; 0                 ; 51      ;
;      - base_block[6][14]~feeder  ; 0                 ; 51      ;
; mem_read_data[15]                ;                   ;         ;
;      - base_block[7][15]         ; 0                 ; 51      ;
;      - base_block[10][15]        ; 0                 ; 51      ;
;      - base_block[11][15]        ; 0                 ; 51      ;
;      - base_block[12][15]        ; 0                 ; 51      ;
;      - base_block[14][15]        ; 0                 ; 51      ;
;      - w[0][3][15]               ; 0                 ; 51      ;
;      - w[0][9][15]               ; 0                 ; 51      ;
;      - w[0][10][15]              ; 0                 ; 51      ;
;      - w[0][11][15]              ; 0                 ; 51      ;
;      - w[0][12][15]              ; 0                 ; 51      ;
;      - w[0][13][15]              ; 0                 ; 51      ;
;      - w[0][14][15]              ; 0                 ; 51      ;
;      - base_block[0][15]         ; 0                 ; 51      ;
;      - Selector8520~0            ; 0                 ; 51      ;
;      - base_block[1][15]         ; 0                 ; 51      ;
;      - Selector8488~0            ; 0                 ; 51      ;
;      - base_block[2][15]         ; 0                 ; 51      ;
;      - Selector8456~0            ; 0                 ; 51      ;
;      - Selector8392~0            ; 0                 ; 51      ;
;      - Selector8360~0            ; 0                 ; 51      ;
;      - base_block~21             ; 0                 ; 51      ;
;      - Selector8328~0            ; 0                 ; 51      ;
;      - Selector8296~0            ; 0                 ; 51      ;
;      - Selector8264~0            ; 0                 ; 51      ;
;      - Selector8040~0            ; 0                 ; 51      ;
;      - base_block[6][15]~feeder  ; 0                 ; 51      ;
;      - base_block[5][15]~feeder  ; 0                 ; 51      ;
;      - base_block[13][15]~feeder ; 0                 ; 51      ;
;      - base_block[8][15]~feeder  ; 0                 ; 51      ;
;      - base_block[9][15]~feeder  ; 0                 ; 51      ;
; mem_read_data[16]                ;                   ;         ;
;      - base_block[9][16]         ; 1                 ; 51      ;
;      - base_block[10][16]        ; 1                 ; 51      ;
;      - base_block[11][16]        ; 1                 ; 51      ;
;      - base_block[12][16]        ; 1                 ; 51      ;
;      - w[0][3][16]               ; 1                 ; 51      ;
;      - w[0][9][16]               ; 1                 ; 51      ;
;      - w[0][10][16]              ; 1                 ; 51      ;
;      - w[0][11][16]              ; 1                 ; 51      ;
;      - w[0][12][16]              ; 1                 ; 51      ;
;      - w[0][13][16]              ; 1                 ; 51      ;
;      - w[0][14][16]              ; 1                 ; 51      ;
;      - base_block[0][16]         ; 1                 ; 51      ;
;      - Selector8519~0            ; 1                 ; 51      ;
;      - Selector8487~0            ; 1                 ; 51      ;
;      - base_block[2][16]         ; 1                 ; 51      ;
;      - Selector8455~0            ; 1                 ; 51      ;
;      - Selector8391~0            ; 1                 ; 51      ;
;      - Selector8359~0            ; 1                 ; 51      ;
;      - base_block~22             ; 1                 ; 51      ;
;      - Selector8327~0            ; 1                 ; 51      ;
;      - Selector8295~0            ; 1                 ; 51      ;
;      - Selector8263~0            ; 1                 ; 51      ;
;      - Selector8039~0            ; 1                 ; 51      ;
;      - base_block[1][16]~feeder  ; 1                 ; 51      ;
;      - base_block[5][16]~feeder  ; 1                 ; 51      ;
;      - base_block[6][16]~feeder  ; 1                 ; 51      ;
;      - base_block[7][16]~feeder  ; 1                 ; 51      ;
;      - base_block[14][16]~feeder ; 1                 ; 51      ;
;      - base_block[8][16]~feeder  ; 1                 ; 51      ;
;      - base_block[13][16]~feeder ; 1                 ; 51      ;
; mem_read_data[17]                ;                   ;         ;
;      - base_block[5][17]         ; 0                 ; 51      ;
;      - base_block[10][17]        ; 0                 ; 51      ;
;      - w[0][3][17]               ; 0                 ; 51      ;
;      - w[0][9][17]               ; 0                 ; 51      ;
;      - w[0][10][17]              ; 0                 ; 51      ;
;      - w[0][11][17]              ; 0                 ; 51      ;
;      - w[0][12][17]              ; 0                 ; 51      ;
;      - w[0][13][17]              ; 0                 ; 51      ;
;      - w[0][14][17]              ; 0                 ; 51      ;
;      - base_block[0][17]         ; 0                 ; 51      ;
;      - Selector8518~0            ; 0                 ; 51      ;
;      - base_block[1][17]         ; 0                 ; 51      ;
;      - Selector8486~0            ; 0                 ; 51      ;
;      - Selector8454~0            ; 0                 ; 51      ;
;      - Selector8390~0            ; 0                 ; 51      ;
;      - Selector8358~0            ; 0                 ; 51      ;
;      - base_block~23             ; 0                 ; 51      ;
;      - Selector8326~0            ; 0                 ; 51      ;
;      - Selector8294~0            ; 0                 ; 51      ;
;      - Selector8262~0            ; 0                 ; 51      ;
;      - Selector8038~0            ; 0                 ; 51      ;
;      - base_block[2][17]~feeder  ; 0                 ; 51      ;
;      - base_block[14][17]~feeder ; 0                 ; 51      ;
;      - base_block[8][17]~feeder  ; 0                 ; 51      ;
;      - base_block[6][17]~feeder  ; 0                 ; 51      ;
;      - base_block[7][17]~feeder  ; 0                 ; 51      ;
;      - base_block[9][17]~feeder  ; 0                 ; 51      ;
;      - base_block[11][17]~feeder ; 0                 ; 51      ;
;      - base_block[12][17]~feeder ; 0                 ; 51      ;
;      - base_block[13][17]~feeder ; 0                 ; 51      ;
; mem_read_data[18]                ;                   ;         ;
;      - base_block[5][18]         ; 0                 ; 51      ;
;      - base_block[6][18]         ; 0                 ; 51      ;
;      - base_block[7][18]         ; 0                 ; 51      ;
;      - base_block[11][18]        ; 0                 ; 51      ;
;      - base_block[12][18]        ; 0                 ; 51      ;
;      - base_block[13][18]        ; 0                 ; 51      ;
;      - base_block[14][18]        ; 0                 ; 51      ;
;      - w[0][3][18]               ; 0                 ; 51      ;
;      - w[0][9][18]               ; 0                 ; 51      ;
;      - w[0][10][18]              ; 0                 ; 51      ;
;      - w[0][11][18]              ; 0                 ; 51      ;
;      - w[0][12][18]              ; 0                 ; 51      ;
;      - w[0][13][18]              ; 0                 ; 51      ;
;      - w[0][14][18]              ; 0                 ; 51      ;
;      - base_block[0][18]         ; 0                 ; 51      ;
;      - Selector8517~0            ; 0                 ; 51      ;
;      - base_block[1][18]         ; 0                 ; 51      ;
;      - Selector8485~0            ; 0                 ; 51      ;
;      - Selector8453~0            ; 0                 ; 51      ;
;      - Selector8389~0            ; 0                 ; 51      ;
;      - Selector8357~0            ; 0                 ; 51      ;
;      - base_block~24             ; 0                 ; 51      ;
;      - Selector8325~0            ; 0                 ; 51      ;
;      - Selector8293~0            ; 0                 ; 51      ;
;      - Selector8261~0            ; 0                 ; 51      ;
;      - Selector8037~0            ; 0                 ; 51      ;
;      - base_block[2][18]~feeder  ; 0                 ; 51      ;
;      - base_block[10][18]~feeder ; 0                 ; 51      ;
;      - base_block[9][18]~feeder  ; 0                 ; 51      ;
;      - base_block[8][18]~feeder  ; 0                 ; 51      ;
; mem_read_data[19]                ;                   ;         ;
;      - base_block[5][19]         ; 0                 ; 51      ;
;      - base_block[6][19]         ; 0                 ; 51      ;
;      - base_block[7][19]         ; 0                 ; 51      ;
;      - base_block[8][19]         ; 0                 ; 51      ;
;      - base_block[9][19]         ; 0                 ; 51      ;
;      - base_block[10][19]        ; 0                 ; 51      ;
;      - base_block[11][19]        ; 0                 ; 51      ;
;      - base_block[12][19]        ; 0                 ; 51      ;
;      - base_block[13][19]        ; 0                 ; 51      ;
;      - base_block[14][19]        ; 0                 ; 51      ;
;      - w[0][3][19]               ; 0                 ; 51      ;
;      - w[0][9][19]               ; 0                 ; 51      ;
;      - w[0][10][19]              ; 0                 ; 51      ;
;      - w[0][11][19]              ; 0                 ; 51      ;
;      - w[0][12][19]              ; 0                 ; 51      ;
;      - w[0][13][19]              ; 0                 ; 51      ;
;      - w[0][14][19]              ; 0                 ; 51      ;
;      - base_block[0][19]         ; 0                 ; 51      ;
;      - Selector8516~0            ; 0                 ; 51      ;
;      - base_block[1][19]         ; 0                 ; 51      ;
;      - Selector8484~0            ; 0                 ; 51      ;
;      - base_block[2][19]         ; 0                 ; 51      ;
;      - Selector8452~0            ; 0                 ; 51      ;
;      - Selector8388~0            ; 0                 ; 51      ;
;      - Selector8356~0            ; 0                 ; 51      ;
;      - base_block~25             ; 0                 ; 51      ;
;      - Selector8324~0            ; 0                 ; 51      ;
;      - Selector8292~0            ; 0                 ; 51      ;
;      - Selector8260~0            ; 0                 ; 51      ;
;      - Selector8036~0            ; 0                 ; 51      ;
; mem_read_data[20]                ;                   ;         ;
;      - base_block[6][20]         ; 1                 ; 51      ;
;      - base_block[8][20]         ; 1                 ; 51      ;
;      - base_block[9][20]         ; 1                 ; 51      ;
;      - base_block[10][20]        ; 1                 ; 51      ;
;      - base_block[11][20]        ; 1                 ; 51      ;
;      - base_block[12][20]        ; 1                 ; 51      ;
;      - base_block[13][20]        ; 1                 ; 51      ;
;      - base_block[14][20]        ; 1                 ; 51      ;
;      - w[0][3][20]               ; 1                 ; 51      ;
;      - w[0][9][20]               ; 1                 ; 51      ;
;      - w[0][10][20]              ; 1                 ; 51      ;
;      - w[0][11][20]              ; 1                 ; 51      ;
;      - w[0][12][20]              ; 1                 ; 51      ;
;      - w[0][13][20]              ; 1                 ; 51      ;
;      - w[0][14][20]              ; 1                 ; 51      ;
;      - Selector8515~0            ; 1                 ; 51      ;
;      - Selector8483~0            ; 1                 ; 51      ;
;      - base_block[2][20]         ; 1                 ; 51      ;
;      - Selector8451~0            ; 1                 ; 51      ;
;      - Selector8387~0            ; 1                 ; 51      ;
;      - Selector8355~0            ; 1                 ; 51      ;
;      - base_block~26             ; 1                 ; 51      ;
;      - Selector8323~0            ; 1                 ; 51      ;
;      - Selector8291~0            ; 1                 ; 51      ;
;      - Selector8259~0            ; 1                 ; 51      ;
;      - Selector8035~0            ; 1                 ; 51      ;
;      - base_block[0][20]~feeder  ; 1                 ; 51      ;
;      - base_block[1][20]~feeder  ; 1                 ; 51      ;
;      - base_block[7][20]~feeder  ; 1                 ; 51      ;
;      - base_block[5][20]~feeder  ; 1                 ; 51      ;
; mem_read_data[21]                ;                   ;         ;
;      - base_block[8][21]         ; 0                 ; 51      ;
;      - base_block[9][21]         ; 0                 ; 51      ;
;      - base_block[10][21]        ; 0                 ; 51      ;
;      - base_block[11][21]        ; 0                 ; 51      ;
;      - base_block[12][21]        ; 0                 ; 51      ;
;      - base_block[13][21]        ; 0                 ; 51      ;
;      - base_block[14][21]        ; 0                 ; 51      ;
;      - w[0][3][21]               ; 0                 ; 51      ;
;      - w[0][9][21]               ; 0                 ; 51      ;
;      - w[0][10][21]              ; 0                 ; 51      ;
;      - w[0][11][21]              ; 0                 ; 51      ;
;      - w[0][12][21]              ; 0                 ; 51      ;
;      - w[0][13][21]              ; 0                 ; 51      ;
;      - w[0][14][21]              ; 0                 ; 51      ;
;      - Selector8514~0            ; 0                 ; 51      ;
;      - base_block[1][21]         ; 0                 ; 51      ;
;      - Selector8482~0            ; 0                 ; 51      ;
;      - base_block[2][21]         ; 0                 ; 51      ;
;      - Selector8450~0            ; 0                 ; 51      ;
;      - Selector8386~0            ; 0                 ; 51      ;
;      - Selector8354~0            ; 0                 ; 51      ;
;      - base_block~27             ; 0                 ; 51      ;
;      - Selector8322~0            ; 0                 ; 51      ;
;      - Selector8290~0            ; 0                 ; 51      ;
;      - Selector8258~0            ; 0                 ; 51      ;
;      - Selector8034~0            ; 0                 ; 51      ;
;      - base_block[7][21]~feeder  ; 0                 ; 51      ;
;      - base_block[0][21]~feeder  ; 0                 ; 51      ;
;      - base_block[5][21]~feeder  ; 0                 ; 51      ;
;      - base_block[6][21]~feeder  ; 0                 ; 51      ;
; mem_read_data[22]                ;                   ;         ;
;      - base_block[6][22]         ; 0                 ; 51      ;
;      - base_block[7][22]         ; 0                 ; 51      ;
;      - base_block[8][22]         ; 0                 ; 51      ;
;      - base_block[9][22]         ; 0                 ; 51      ;
;      - base_block[10][22]        ; 0                 ; 51      ;
;      - base_block[11][22]        ; 0                 ; 51      ;
;      - base_block[12][22]        ; 0                 ; 51      ;
;      - base_block[13][22]        ; 0                 ; 51      ;
;      - base_block[14][22]        ; 0                 ; 51      ;
;      - w[0][3][22]               ; 0                 ; 51      ;
;      - w[0][9][22]               ; 0                 ; 51      ;
;      - w[0][10][22]              ; 0                 ; 51      ;
;      - w[0][11][22]              ; 0                 ; 51      ;
;      - w[0][12][22]              ; 0                 ; 51      ;
;      - w[0][13][22]              ; 0                 ; 51      ;
;      - w[0][14][22]              ; 0                 ; 51      ;
;      - base_block[0][22]         ; 0                 ; 51      ;
;      - Selector8513~0            ; 0                 ; 51      ;
;      - base_block[1][22]         ; 0                 ; 51      ;
;      - Selector8481~0            ; 0                 ; 51      ;
;      - base_block[2][22]         ; 0                 ; 51      ;
;      - Selector8449~0            ; 0                 ; 51      ;
;      - Selector8385~0            ; 0                 ; 51      ;
;      - Selector8353~0            ; 0                 ; 51      ;
;      - base_block~28             ; 0                 ; 51      ;
;      - Selector8321~0            ; 0                 ; 51      ;
;      - Selector8289~0            ; 0                 ; 51      ;
;      - Selector8257~0            ; 0                 ; 51      ;
;      - Selector8033~0            ; 0                 ; 51      ;
;      - base_block[5][22]~feeder  ; 0                 ; 51      ;
; mem_read_data[23]                ;                   ;         ;
;      - base_block[7][23]         ; 0                 ; 51      ;
;      - base_block[8][23]         ; 0                 ; 51      ;
;      - base_block[9][23]         ; 0                 ; 51      ;
;      - base_block[10][23]        ; 0                 ; 51      ;
;      - base_block[11][23]        ; 0                 ; 51      ;
;      - base_block[12][23]        ; 0                 ; 51      ;
;      - base_block[13][23]        ; 0                 ; 51      ;
;      - base_block[14][23]        ; 0                 ; 51      ;
;      - w[0][3][23]               ; 0                 ; 51      ;
;      - w[0][9][23]               ; 0                 ; 51      ;
;      - w[0][10][23]              ; 0                 ; 51      ;
;      - w[0][11][23]              ; 0                 ; 51      ;
;      - w[0][12][23]              ; 0                 ; 51      ;
;      - w[0][13][23]              ; 0                 ; 51      ;
;      - w[0][14][23]              ; 0                 ; 51      ;
;      - base_block[0][23]         ; 0                 ; 51      ;
;      - Selector8512~0            ; 0                 ; 51      ;
;      - base_block[1][23]         ; 0                 ; 51      ;
;      - Selector8480~0            ; 0                 ; 51      ;
;      - base_block[2][23]         ; 0                 ; 51      ;
;      - Selector8448~0            ; 0                 ; 51      ;
;      - Selector8384~0            ; 0                 ; 51      ;
;      - Selector8352~0            ; 0                 ; 51      ;
;      - base_block~29             ; 0                 ; 51      ;
;      - Selector8320~0            ; 0                 ; 51      ;
;      - Selector8288~0            ; 0                 ; 51      ;
;      - Selector8256~0            ; 0                 ; 51      ;
;      - Selector8032~0            ; 0                 ; 51      ;
;      - base_block[5][23]~feeder  ; 0                 ; 51      ;
;      - base_block[6][23]~feeder  ; 0                 ; 51      ;
; mem_read_data[24]                ;                   ;         ;
;      - base_block[8][24]         ; 0                 ; 51      ;
;      - base_block[9][24]         ; 0                 ; 51      ;
;      - base_block[10][24]        ; 0                 ; 51      ;
;      - base_block[11][24]        ; 0                 ; 51      ;
;      - base_block[12][24]        ; 0                 ; 51      ;
;      - base_block[13][24]        ; 0                 ; 51      ;
;      - base_block[14][24]        ; 0                 ; 51      ;
;      - w[0][3][24]               ; 0                 ; 51      ;
;      - w[0][9][24]               ; 0                 ; 51      ;
;      - w[0][10][24]              ; 0                 ; 51      ;
;      - w[0][11][24]              ; 0                 ; 51      ;
;      - w[0][12][24]              ; 0                 ; 51      ;
;      - w[0][13][24]              ; 0                 ; 51      ;
;      - w[0][14][24]              ; 0                 ; 51      ;
;      - base_block[0][24]         ; 0                 ; 51      ;
;      - Selector8511~0            ; 0                 ; 51      ;
;      - base_block[1][24]         ; 0                 ; 51      ;
;      - Selector8479~0            ; 0                 ; 51      ;
;      - base_block[2][24]         ; 0                 ; 51      ;
;      - Selector8447~0            ; 0                 ; 51      ;
;      - Selector8383~0            ; 0                 ; 51      ;
;      - Selector8351~0            ; 0                 ; 51      ;
;      - base_block~30             ; 0                 ; 51      ;
;      - Selector8319~0            ; 0                 ; 51      ;
;      - Selector8287~0            ; 0                 ; 51      ;
;      - Selector8255~0            ; 0                 ; 51      ;
;      - Selector8031~0            ; 0                 ; 51      ;
;      - base_block[7][24]~feeder  ; 0                 ; 51      ;
;      - base_block[5][24]~feeder  ; 0                 ; 51      ;
;      - base_block[6][24]~feeder  ; 0                 ; 51      ;
; mem_read_data[25]                ;                   ;         ;
;      - base_block[7][25]         ; 0                 ; 51      ;
;      - base_block[8][25]         ; 0                 ; 51      ;
;      - base_block[9][25]         ; 0                 ; 51      ;
;      - base_block[10][25]        ; 0                 ; 51      ;
;      - base_block[11][25]        ; 0                 ; 51      ;
;      - base_block[12][25]        ; 0                 ; 51      ;
;      - base_block[13][25]        ; 0                 ; 51      ;
;      - base_block[14][25]        ; 0                 ; 51      ;
;      - w[0][3][25]               ; 0                 ; 51      ;
;      - w[0][9][25]               ; 0                 ; 51      ;
;      - w[0][10][25]              ; 0                 ; 51      ;
;      - w[0][11][25]              ; 0                 ; 51      ;
;      - w[0][12][25]              ; 0                 ; 51      ;
;      - w[0][13][25]              ; 0                 ; 51      ;
;      - w[0][14][25]              ; 0                 ; 51      ;
;      - base_block[0][25]         ; 0                 ; 51      ;
;      - Selector8510~0            ; 0                 ; 51      ;
;      - base_block[1][25]         ; 0                 ; 51      ;
;      - Selector8478~0            ; 0                 ; 51      ;
;      - base_block[2][25]         ; 0                 ; 51      ;
;      - Selector8446~0            ; 0                 ; 51      ;
;      - Selector8382~0            ; 0                 ; 51      ;
;      - Selector8350~0            ; 0                 ; 51      ;
;      - base_block~31             ; 0                 ; 51      ;
;      - Selector8318~0            ; 0                 ; 51      ;
;      - Selector8286~0            ; 0                 ; 51      ;
;      - Selector8254~0            ; 0                 ; 51      ;
;      - Selector8030~0            ; 0                 ; 51      ;
;      - base_block[5][25]~feeder  ; 0                 ; 51      ;
;      - base_block[6][25]~feeder  ; 0                 ; 51      ;
; mem_read_data[26]                ;                   ;         ;
;      - base_block[5][26]         ; 1                 ; 51      ;
;      - base_block[6][26]         ; 1                 ; 51      ;
;      - base_block[7][26]         ; 1                 ; 51      ;
;      - base_block[8][26]         ; 1                 ; 51      ;
;      - base_block[9][26]         ; 1                 ; 51      ;
;      - base_block[10][26]        ; 1                 ; 51      ;
;      - base_block[11][26]        ; 1                 ; 51      ;
;      - base_block[12][26]        ; 1                 ; 51      ;
;      - base_block[13][26]        ; 1                 ; 51      ;
;      - base_block[14][26]        ; 1                 ; 51      ;
;      - w[0][3][26]               ; 1                 ; 51      ;
;      - w[0][9][26]               ; 1                 ; 51      ;
;      - w[0][10][26]              ; 1                 ; 51      ;
;      - w[0][11][26]              ; 1                 ; 51      ;
;      - w[0][12][26]              ; 1                 ; 51      ;
;      - w[0][13][26]              ; 1                 ; 51      ;
;      - w[0][14][26]              ; 1                 ; 51      ;
;      - Selector8509~0            ; 1                 ; 51      ;
;      - base_block[1][26]         ; 1                 ; 51      ;
;      - Selector8477~0            ; 1                 ; 51      ;
;      - base_block[2][26]         ; 1                 ; 51      ;
;      - Selector8445~0            ; 1                 ; 51      ;
;      - Selector8381~0            ; 1                 ; 51      ;
;      - Selector8349~0            ; 1                 ; 51      ;
;      - base_block~32             ; 1                 ; 51      ;
;      - Selector8317~0            ; 1                 ; 51      ;
;      - Selector8285~0            ; 1                 ; 51      ;
;      - Selector8253~0            ; 1                 ; 51      ;
;      - Selector8029~0            ; 1                 ; 51      ;
;      - base_block[0][26]~feeder  ; 1                 ; 51      ;
; mem_read_data[27]                ;                   ;         ;
;      - base_block[5][27]         ; 1                 ; 51      ;
;      - base_block[6][27]         ; 1                 ; 51      ;
;      - base_block[7][27]         ; 1                 ; 51      ;
;      - base_block[8][27]         ; 1                 ; 51      ;
;      - base_block[9][27]         ; 1                 ; 51      ;
;      - base_block[10][27]        ; 1                 ; 51      ;
;      - base_block[11][27]        ; 1                 ; 51      ;
;      - base_block[12][27]        ; 1                 ; 51      ;
;      - base_block[13][27]        ; 1                 ; 51      ;
;      - base_block[14][27]        ; 1                 ; 51      ;
;      - w[0][3][27]               ; 1                 ; 51      ;
;      - w[0][9][27]               ; 1                 ; 51      ;
;      - w[0][10][27]              ; 1                 ; 51      ;
;      - w[0][11][27]              ; 1                 ; 51      ;
;      - w[0][12][27]              ; 1                 ; 51      ;
;      - w[0][13][27]              ; 1                 ; 51      ;
;      - w[0][14][27]              ; 1                 ; 51      ;
;      - Selector8508~0            ; 1                 ; 51      ;
;      - base_block[1][27]         ; 1                 ; 51      ;
;      - Selector8476~0            ; 1                 ; 51      ;
;      - Selector8444~0            ; 1                 ; 51      ;
;      - Selector8380~0            ; 1                 ; 51      ;
;      - Selector8348~0            ; 1                 ; 51      ;
;      - base_block~33             ; 1                 ; 51      ;
;      - Selector8316~0            ; 1                 ; 51      ;
;      - Selector8284~0            ; 1                 ; 51      ;
;      - Selector8252~0            ; 1                 ; 51      ;
;      - Selector8028~0            ; 1                 ; 51      ;
;      - base_block[0][27]~feeder  ; 1                 ; 51      ;
;      - base_block[2][27]~feeder  ; 1                 ; 51      ;
; mem_read_data[28]                ;                   ;         ;
;      - base_block[5][28]         ; 0                 ; 51      ;
;      - base_block[6][28]         ; 0                 ; 51      ;
;      - base_block[8][28]         ; 0                 ; 51      ;
;      - base_block[9][28]         ; 0                 ; 51      ;
;      - base_block[10][28]        ; 0                 ; 51      ;
;      - base_block[11][28]        ; 0                 ; 51      ;
;      - base_block[12][28]        ; 0                 ; 51      ;
;      - base_block[13][28]        ; 0                 ; 51      ;
;      - base_block[14][28]        ; 0                 ; 51      ;
;      - w[0][3][28]               ; 0                 ; 51      ;
;      - w[0][9][28]               ; 0                 ; 51      ;
;      - w[0][10][28]              ; 0                 ; 51      ;
;      - w[0][11][28]              ; 0                 ; 51      ;
;      - w[0][12][28]              ; 0                 ; 51      ;
;      - w[0][13][28]              ; 0                 ; 51      ;
;      - w[0][14][28]              ; 0                 ; 51      ;
;      - Selector8507~0            ; 0                 ; 51      ;
;      - base_block[1][28]         ; 0                 ; 51      ;
;      - Selector8475~0            ; 0                 ; 51      ;
;      - Selector8443~0            ; 0                 ; 51      ;
;      - Selector8379~0            ; 0                 ; 51      ;
;      - Selector8347~0            ; 0                 ; 51      ;
;      - base_block~34             ; 0                 ; 51      ;
;      - Selector8315~0            ; 0                 ; 51      ;
;      - Selector8283~0            ; 0                 ; 51      ;
;      - Selector8251~0            ; 0                 ; 51      ;
;      - Selector8027~0            ; 0                 ; 51      ;
;      - base_block[2][28]~feeder  ; 0                 ; 51      ;
;      - base_block[0][28]~feeder  ; 0                 ; 51      ;
;      - base_block[7][28]~feeder  ; 0                 ; 51      ;
; mem_read_data[29]                ;                   ;         ;
;      - base_block[5][29]         ; 0                 ; 51      ;
;      - base_block[6][29]         ; 0                 ; 51      ;
;      - base_block[8][29]         ; 0                 ; 51      ;
;      - base_block[9][29]         ; 0                 ; 51      ;
;      - base_block[11][29]        ; 0                 ; 51      ;
;      - base_block[12][29]        ; 0                 ; 51      ;
;      - base_block[13][29]        ; 0                 ; 51      ;
;      - base_block[14][29]        ; 0                 ; 51      ;
;      - w[0][3][29]               ; 0                 ; 51      ;
;      - w[0][9][29]               ; 0                 ; 51      ;
;      - w[0][10][29]              ; 0                 ; 51      ;
;      - w[0][11][29]              ; 0                 ; 51      ;
;      - w[0][12][29]              ; 0                 ; 51      ;
;      - w[0][13][29]              ; 0                 ; 51      ;
;      - w[0][14][29]              ; 0                 ; 51      ;
;      - Selector8506~0            ; 0                 ; 51      ;
;      - base_block[1][29]         ; 0                 ; 51      ;
;      - Selector8474~0            ; 0                 ; 51      ;
;      - base_block[2][29]         ; 0                 ; 51      ;
;      - Selector8442~0            ; 0                 ; 51      ;
;      - Selector8378~0            ; 0                 ; 51      ;
;      - Selector8346~0            ; 0                 ; 51      ;
;      - base_block~35             ; 0                 ; 51      ;
;      - Selector8314~0            ; 0                 ; 51      ;
;      - Selector8282~0            ; 0                 ; 51      ;
;      - Selector8250~0            ; 0                 ; 51      ;
;      - Selector8026~0            ; 0                 ; 51      ;
;      - base_block[10][29]~feeder ; 0                 ; 51      ;
;      - base_block[0][29]~feeder  ; 0                 ; 51      ;
;      - base_block[7][29]~feeder  ; 0                 ; 51      ;
; mem_read_data[30]                ;                   ;         ;
;      - base_block[5][30]         ; 0                 ; 51      ;
;      - base_block[8][30]         ; 0                 ; 51      ;
;      - base_block[9][30]         ; 0                 ; 51      ;
;      - base_block[12][30]        ; 0                 ; 51      ;
;      - base_block[13][30]        ; 0                 ; 51      ;
;      - base_block[14][30]        ; 0                 ; 51      ;
;      - w[0][3][30]               ; 0                 ; 51      ;
;      - w[0][9][30]               ; 0                 ; 51      ;
;      - w[0][10][30]              ; 0                 ; 51      ;
;      - w[0][11][30]              ; 0                 ; 51      ;
;      - w[0][12][30]              ; 0                 ; 51      ;
;      - w[0][13][30]              ; 0                 ; 51      ;
;      - w[0][14][30]              ; 0                 ; 51      ;
;      - base_block[0][30]         ; 0                 ; 51      ;
;      - Selector8505~0            ; 0                 ; 51      ;
;      - Selector8473~0            ; 0                 ; 51      ;
;      - base_block[2][30]         ; 0                 ; 51      ;
;      - Selector8441~0            ; 0                 ; 51      ;
;      - Selector8377~0            ; 0                 ; 51      ;
;      - Selector8345~0            ; 0                 ; 51      ;
;      - base_block~36             ; 0                 ; 51      ;
;      - Selector8313~0            ; 0                 ; 51      ;
;      - Selector8281~0            ; 0                 ; 51      ;
;      - Selector8249~0            ; 0                 ; 51      ;
;      - Selector8025~0            ; 0                 ; 51      ;
;      - base_block[6][30]~feeder  ; 0                 ; 51      ;
;      - base_block[7][30]~feeder  ; 0                 ; 51      ;
;      - base_block[11][30]~feeder ; 0                 ; 51      ;
;      - base_block[10][30]~feeder ; 0                 ; 51      ;
;      - base_block[1][30]~feeder  ; 0                 ; 51      ;
; mem_read_data[31]                ;                   ;         ;
;      - base_block[8][31]         ; 1                 ; 51      ;
;      - base_block[9][31]         ; 1                 ; 51      ;
;      - base_block[10][31]        ; 1                 ; 51      ;
;      - base_block[11][31]        ; 1                 ; 51      ;
;      - base_block[12][31]        ; 1                 ; 51      ;
;      - base_block[13][31]        ; 1                 ; 51      ;
;      - base_block[14][31]        ; 1                 ; 51      ;
;      - w[0][3][31]               ; 1                 ; 51      ;
;      - w[0][9][31]               ; 1                 ; 51      ;
;      - w[0][10][31]              ; 1                 ; 51      ;
;      - w[0][11][31]              ; 1                 ; 51      ;
;      - w[0][12][31]              ; 1                 ; 51      ;
;      - w[0][13][31]              ; 1                 ; 51      ;
;      - w[0][14][31]              ; 1                 ; 51      ;
;      - Selector8504~0            ; 1                 ; 51      ;
;      - base_block[1][31]         ; 1                 ; 51      ;
;      - Selector8472~0            ; 1                 ; 51      ;
;      - Selector8440~0            ; 1                 ; 51      ;
;      - Selector8376~0            ; 1                 ; 51      ;
;      - Selector8344~0            ; 1                 ; 51      ;
;      - base_block~37             ; 1                 ; 51      ;
;      - Selector8312~0            ; 1                 ; 51      ;
;      - Selector8280~0            ; 1                 ; 51      ;
;      - Selector8248~0            ; 1                 ; 51      ;
;      - Selector8024~0            ; 1                 ; 51      ;
;      - base_block~51             ; 1                 ; 51      ;
;      - base_block[7][31]~feeder  ; 1                 ; 51      ;
;      - base_block[2][31]~feeder  ; 1                 ; 51      ;
;      - base_block[0][31]~feeder  ; 1                 ; 51      ;
;      - base_block[6][31]~feeder  ; 1                 ; 51      ;
;      - base_block[5][31]~feeder  ; 1                 ; 51      ;
+----------------------------------+-------------------+---------+


+-----------------------------------------------------------------------------------------------------------------------------------------------------------------------------------------------------------+
; Control Signals                                                                                                                                                                                           ;
+-----------------------------------------------------------------+----------------------+---------+-------------------------+--------+----------------------+------------------+---------------------------+
; Name                                                            ; Location             ; Fan-Out ; Usage                   ; Global ; Global Resource Used ; Global Line Name ; Enable Signal Source Name ;
+-----------------------------------------------------------------+----------------------+---------+-------------------------+--------+----------------------+------------------+---------------------------+
; LessThan2~1                                                     ; LABCELL_X45_Y7_N38   ; 332     ; Sync. clear             ; no     ; --                   ; --               ; --                        ;
; base_block[0][0]~1                                              ; LABCELL_X43_Y7_N24   ; 32      ; Clock enable            ; no     ; --                   ; --               ; --                        ;
; base_block[10][0]~43                                            ; MLABCELL_X42_Y8_N16  ; 32      ; Clock enable            ; no     ; --                   ; --               ; --                        ;
; base_block[11][0]~44                                            ; MLABCELL_X44_Y10_N16 ; 32      ; Clock enable            ; no     ; --                   ; --               ; --                        ;
; base_block[12][0]~45                                            ; MLABCELL_X44_Y8_N10  ; 32      ; Clock enable            ; no     ; --                   ; --               ; --                        ;
; base_block[13][0]~46                                            ; MLABCELL_X44_Y8_N36  ; 32      ; Clock enable            ; no     ; --                   ; --               ; --                        ;
; base_block[14][0]~47                                            ; MLABCELL_X44_Y10_N26 ; 32      ; Clock enable            ; no     ; --                   ; --               ; --                        ;
; base_block[15][0]~48                                            ; LABCELL_X43_Y7_N0    ; 32      ; Clock enable            ; no     ; --                   ; --               ; --                        ;
; base_block[1][0]~2                                              ; LABCELL_X43_Y7_N32   ; 32      ; Clock enable            ; no     ; --                   ; --               ; --                        ;
; base_block[2][0]~3                                              ; LABCELL_X43_Y7_N14   ; 32      ; Clock enable            ; no     ; --                   ; --               ; --                        ;
; base_block[4][0]~6                                              ; LABCELL_X43_Y7_N18   ; 32      ; Clock enable            ; no     ; --                   ; --               ; --                        ;
; base_block[5][0]~38                                             ; MLABCELL_X42_Y15_N2  ; 32      ; Clock enable            ; no     ; --                   ; --               ; --                        ;
; base_block[6][0]~39                                             ; MLABCELL_X42_Y15_N22 ; 32      ; Clock enable            ; no     ; --                   ; --               ; --                        ;
; base_block[7][0]~40                                             ; MLABCELL_X42_Y15_N34 ; 32      ; Clock enable            ; no     ; --                   ; --               ; --                        ;
; base_block[8][0]~41                                             ; MLABCELL_X44_Y10_N30 ; 32      ; Clock enable            ; no     ; --                   ; --               ; --                        ;
; base_block[9][0]~42                                             ; MLABCELL_X42_Y8_N32  ; 32      ; Clock enable            ; no     ; --                   ; --               ; --                        ;
; clk                                                             ; PIN_AE15             ; 27232   ; Clock                   ; yes    ; Global Clock         ; GCLK7            ; --                        ;
; cur_addr[15]~0                                                  ; LABCELL_X43_Y4_N28   ; 16      ; Clock enable            ; no     ; --                   ; --               ; --                        ;
; cur_write_data[0]~1                                             ; LABCELL_X55_Y18_N18  ; 32      ; Clock enable            ; no     ; --                   ; --               ; --                        ;
; h_ini[0][0]~1                                                   ; MLABCELL_X44_Y15_N36 ; 256     ; Clock enable            ; no     ; --                   ; --               ; --                        ;
; i[4]~1                                                          ; LABCELL_X55_Y18_N38  ; 8       ; Clock enable            ; no     ; --                   ; --               ; --                        ;
; offset[13]~3                                                    ; LABCELL_X45_Y10_N12  ; 8       ; Sync. clear             ; no     ; --                   ; --               ; --                        ;
; offset[15]~2                                                    ; LABCELL_X43_Y12_N20  ; 16      ; Clock enable            ; no     ; --                   ; --               ; --                        ;
; offset[5]~1                                                     ; LABCELL_X45_Y10_N26  ; 8       ; Sync. clear             ; no     ; --                   ; --               ; --                        ;
; reset_n                                                         ; PIN_AF15             ; 799     ; Clock enable            ; no     ; --                   ; --               ; --                        ;
; reset_n                                                         ; PIN_AF15             ; 22      ; Async. clear            ; yes    ; Global Clock         ; GCLK6            ; --                        ;
; simplified_sha256:generate_sha256_blocks[0].block|Decoder1~1    ; LABCELL_X45_Y21_N32  ; 512     ; Clock enable            ; no     ; --                   ; --               ; --                        ;
; simplified_sha256:generate_sha256_blocks[0].block|Decoder1~2    ; LABCELL_X45_Y21_N36  ; 512     ; Clock enable            ; no     ; --                   ; --               ; --                        ;
; simplified_sha256:generate_sha256_blocks[0].block|Decoder1~3    ; LABCELL_X43_Y17_N10  ; 512     ; Clock enable            ; no     ; --                   ; --               ; --                        ;
; simplified_sha256:generate_sha256_blocks[0].block|Decoder1~4    ; LABCELL_X43_Y17_N6   ; 512     ; Clock enable            ; no     ; --                   ; --               ; --                        ;
; simplified_sha256:generate_sha256_blocks[0].block|Decoder1~6    ; LABCELL_X43_Y17_N12  ; 512     ; Clock enable            ; no     ; --                   ; --               ; --                        ;
; simplified_sha256:generate_sha256_blocks[0].block|Decoder1~7    ; LABCELL_X43_Y17_N14  ; 512     ; Clock enable            ; no     ; --                   ; --               ; --                        ;
; simplified_sha256:generate_sha256_blocks[0].block|Decoder1~8    ; LABCELL_X43_Y17_N16  ; 512     ; Clock enable            ; no     ; --                   ; --               ; --                        ;
; simplified_sha256:generate_sha256_blocks[0].block|Decoder1~9    ; LABCELL_X43_Y17_N2   ; 512     ; Clock enable            ; no     ; --                   ; --               ; --                        ;
; simplified_sha256:generate_sha256_blocks[0].block|a[31]~0       ; LABCELL_X43_Y21_N4   ; 4096    ; Clock enable            ; no     ; --                   ; --               ; --                        ;
; simplified_sha256:generate_sha256_blocks[0].block|h0[0]~0       ; LABCELL_X38_Y26_N38  ; 4096    ; Clock enable            ; no     ; --                   ; --               ; --                        ;
; simplified_sha256:generate_sha256_blocks[0].block|i[3]~2        ; LABCELL_X43_Y21_N10  ; 8       ; Clock enable            ; no     ; --                   ; --               ; --                        ;
; simplified_sha256:generate_sha256_blocks[0].block|state.COMPUTE ; FF_X43_Y21_N13       ; 16391   ; Sync. load              ; no     ; --                   ; --               ; --                        ;
; simplified_sha256:generate_sha256_blocks[0].block|state.WRITE   ; FF_X43_Y21_N3        ; 21      ; Sync. clear             ; no     ; --                   ; --               ; --                        ;
; simplified_sha256:generate_sha256_blocks[0].block|tem[5]~0      ; LABCELL_X43_Y21_N20  ; 8       ; Sync. clear             ; no     ; --                   ; --               ; --                        ;
; simplified_sha256:generate_sha256_blocks[0].block|tem[7]~1      ; LABCELL_X43_Y21_N38  ; 8       ; Clock enable            ; no     ; --                   ; --               ; --                        ;
; simplified_sha256:generate_sha256_blocks[0].block|w[0][0]~0     ; LABCELL_X43_Y21_N32  ; 8192    ; Clock enable            ; no     ; --                   ; --               ; --                        ;
; simplified_sha256:sha256_phase1|Decoder1~1                      ; LABCELL_X53_Y27_N30  ; 32      ; Clock enable            ; no     ; --                   ; --               ; --                        ;
; simplified_sha256:sha256_phase1|Decoder1~2                      ; LABCELL_X53_Y27_N20  ; 32      ; Clock enable            ; no     ; --                   ; --               ; --                        ;
; simplified_sha256:sha256_phase1|Decoder1~3                      ; LABCELL_X53_Y27_N24  ; 32      ; Clock enable            ; no     ; --                   ; --               ; --                        ;
; simplified_sha256:sha256_phase1|Decoder1~4                      ; LABCELL_X53_Y27_N34  ; 32      ; Clock enable            ; no     ; --                   ; --               ; --                        ;
; simplified_sha256:sha256_phase1|Decoder1~5                      ; LABCELL_X53_Y27_N32  ; 32      ; Clock enable            ; no     ; --                   ; --               ; --                        ;
; simplified_sha256:sha256_phase1|Decoder1~7                      ; LABCELL_X53_Y27_N36  ; 32      ; Clock enable            ; no     ; --                   ; --               ; --                        ;
; simplified_sha256:sha256_phase1|Decoder1~8                      ; MLABCELL_X52_Y26_N30 ; 32      ; Clock enable            ; no     ; --                   ; --               ; --                        ;
; simplified_sha256:sha256_phase1|Decoder1~9                      ; LABCELL_X53_Y27_N38  ; 32      ; Clock enable            ; no     ; --                   ; --               ; --                        ;
; simplified_sha256:sha256_phase1|a[31]~0                         ; MLABCELL_X52_Y26_N12 ; 256     ; Clock enable            ; no     ; --                   ; --               ; --                        ;
; simplified_sha256:sha256_phase1|h0[0]~0                         ; MLABCELL_X52_Y26_N26 ; 256     ; Clock enable            ; no     ; --                   ; --               ; --                        ;
; simplified_sha256:sha256_phase1|i[3]~2                          ; MLABCELL_X52_Y26_N8  ; 8       ; Clock enable            ; no     ; --                   ; --               ; --                        ;
; simplified_sha256:sha256_phase1|state.COMPUTE                   ; FF_X47_Y18_N7        ; 1031    ; Sync. load              ; no     ; --                   ; --               ; --                        ;
; simplified_sha256:sha256_phase1|state.WRITE                     ; FF_X47_Y18_N5        ; 21      ; Sync. clear             ; no     ; --                   ; --               ; --                        ;
; simplified_sha256:sha256_phase1|tem[0]~0                        ; MLABCELL_X52_Y26_N4  ; 8       ; Sync. clear             ; no     ; --                   ; --               ; --                        ;
; simplified_sha256:sha256_phase1|tem[6]~1                        ; MLABCELL_X52_Y26_N10 ; 8       ; Clock enable            ; no     ; --                   ; --               ; --                        ;
; simplified_sha256:sha256_phase1|w[0][0]~0                       ; MLABCELL_X52_Y26_N16 ; 512     ; Clock enable            ; no     ; --                   ; --               ; --                        ;
; state.SET2                                                      ; FF_X44_Y15_N35       ; 774     ; Sync. clear, Sync. load ; no     ; --                   ; --               ; --                        ;
; state.SET3                                                      ; FF_X44_Y15_N17       ; 4614    ; Sync. clear, Sync. load ; no     ; --                   ; --               ; --                        ;
; state.WRITE                                                     ; FF_X44_Y15_N7        ; 39      ; Sync. clear, Sync. load ; no     ; --                   ; --               ; --                        ;
; w[0][0][0]~0                                                    ; LABCELL_X45_Y18_N10  ; 32      ; Clock enable            ; no     ; --                   ; --               ; --                        ;
; w[0][10][0]~0                                                   ; MLABCELL_X44_Y8_N30  ; 32      ; Clock enable            ; no     ; --                   ; --               ; --                        ;
; w[0][11][0]~0                                                   ; MLABCELL_X44_Y10_N14 ; 32      ; Clock enable            ; no     ; --                   ; --               ; --                        ;
; w[0][12][0]~0                                                   ; MLABCELL_X44_Y8_N14  ; 32      ; Clock enable            ; no     ; --                   ; --               ; --                        ;
; w[0][13][0]~0                                                   ; LABCELL_X45_Y10_N18  ; 32      ; Clock enable            ; no     ; --                   ; --               ; --                        ;
; w[0][14][0]~0                                                   ; MLABCELL_X44_Y10_N4  ; 32      ; Clock enable            ; no     ; --                   ; --               ; --                        ;
; w[0][15][0]~0                                                   ; LABCELL_X45_Y10_N6   ; 32      ; Clock enable            ; no     ; --                   ; --               ; --                        ;
; w[0][1][0]~0                                                    ; MLABCELL_X42_Y18_N34 ; 32      ; Clock enable            ; no     ; --                   ; --               ; --                        ;
; w[0][2][0]~0                                                    ; LABCELL_X45_Y13_N14  ; 32      ; Clock enable            ; no     ; --                   ; --               ; --                        ;
; w[0][3][0]~2                                                    ; LABCELL_X45_Y10_N38  ; 32      ; Clock enable            ; no     ; --                   ; --               ; --                        ;
; w[0][4][0]~0                                                    ; MLABCELL_X42_Y18_N28 ; 32      ; Clock enable            ; no     ; --                   ; --               ; --                        ;
; w[0][5][0]~0                                                    ; MLABCELL_X42_Y15_N16 ; 32      ; Clock enable            ; no     ; --                   ; --               ; --                        ;
; w[0][6][0]~0                                                    ; MLABCELL_X42_Y18_N24 ; 32      ; Clock enable            ; no     ; --                   ; --               ; --                        ;
; w[0][7][0]~0                                                    ; MLABCELL_X42_Y18_N36 ; 32      ; Clock enable            ; no     ; --                   ; --               ; --                        ;
; w[0][8][0]~0                                                    ; MLABCELL_X44_Y10_N12 ; 32      ; Clock enable            ; no     ; --                   ; --               ; --                        ;
; w[0][9][0]~0                                                    ; MLABCELL_X44_Y8_N0   ; 32      ; Clock enable            ; no     ; --                   ; --               ; --                        ;
; w[1][0][0]~0                                                    ; MLABCELL_X44_Y15_N2  ; 3360    ; Clock enable            ; no     ; --                   ; --               ; --                        ;
+-----------------------------------------------------------------+----------------------+---------+-------------------------+--------+----------------------+------------------+---------------------------+


+-------------------------------------------------------------------------------------------------------------------------------------------+
; Global & Other Fast Signals                                                                                                               ;
+---------+----------+---------+--------------------------------------+----------------------+------------------+---------------------------+
; Name    ; Location ; Fan-Out ; Fan-Out Using Intentional Clock Skew ; Global Resource Used ; Global Line Name ; Enable Signal Source Name ;
+---------+----------+---------+--------------------------------------+----------------------+------------------+---------------------------+
; clk     ; PIN_AE15 ; 27232   ; 1336                                 ; Global Clock         ; GCLK7            ; --                        ;
; reset_n ; PIN_AF15 ; 22      ; 0                                    ; Global Clock         ; GCLK6            ; --                        ;
+---------+----------+---------+--------------------------------------+----------------------+------------------+---------------------------+


+---------------------------------------------------------------------------+
; Non-Global High Fan-Out Signals                                           ;
+-----------------------------------------------------------------+---------+
; Name                                                            ; Fan-Out ;
+-----------------------------------------------------------------+---------+
; simplified_sha256:generate_sha256_blocks[0].block|state.COMPUTE ; 16391   ;
; simplified_sha256:generate_sha256_blocks[0].block|w[0][0]~0     ; 8192    ;
; state.SET3                                                      ; 4614    ;
; simplified_sha256:generate_sha256_blocks[0].block|a[31]~0       ; 4096    ;
; simplified_sha256:generate_sha256_blocks[0].block|h0[0]~0       ; 4096    ;
; w[1][0][0]~0                                                    ; 3360    ;
; simplified_sha256:sha256_phase1|state.COMPUTE                   ; 1031    ;
; reset_n~input                                                   ; 798     ;
; state.SET2                                                      ; 774     ;
; h_ini[0][0]~0                                                   ; 753     ;
; simplified_sha256:generate_sha256_blocks[0].block|Decoder1~3    ; 512     ;
; simplified_sha256:generate_sha256_blocks[0].block|Decoder1~4    ; 512     ;
; simplified_sha256:generate_sha256_blocks[0].block|Decoder1~6    ; 512     ;
; simplified_sha256:generate_sha256_blocks[0].block|Decoder1~7    ; 512     ;
; simplified_sha256:generate_sha256_blocks[0].block|Decoder1~8    ; 512     ;
; simplified_sha256:generate_sha256_blocks[0].block|Decoder1~9    ; 512     ;
; simplified_sha256:generate_sha256_blocks[0].block|Decoder1~2    ; 512     ;
; simplified_sha256:sha256_phase1|w[0][0]~0                       ; 512     ;
; simplified_sha256:generate_sha256_blocks[0].block|Decoder1~1    ; 512     ;
+-----------------------------------------------------------------+---------+


+---------------------------------------------------------------+
; Routing Usage Summary                                         ;
+-----------------------------------+---------------------------+
; Routing Resource Type             ; Usage                     ;
+-----------------------------------+---------------------------+
; Block interconnects               ; 52,182 / 213,100 ( 24 % ) ;
; C12 interconnects                 ; 2,739 / 7,906 ( 35 % )    ;
; C4 interconnects                  ; 45,173 / 139,240 ( 32 % ) ;
; DIFFIOCLKs                        ; 0 / 8 ( 0 % )             ;
; DQS bus muxes                     ; 0 / 42 ( 0 % )            ;
; DQS-18 I/O buses                  ; 0 / 9 ( 0 % )             ;
; DQS-36 I/O buses                  ; 0 / 3 ( 0 % )             ;
; DQS-9 I/O buses                   ; 0 / 21 ( 0 % )            ;
; DQS-N18 I/O buses                 ; 0 / 4 ( 0 % )             ;
; Direct links                      ; 2,648 / 213,100 ( 1 % )   ;
; Global clocks                     ; 2 / 16 ( 13 % )           ;
; HSSI Block Output Buffers         ; 0 / 3,905 ( 0 % )         ;
; Interquad CMU TXRX PMARX outputs  ; 0 / 4 ( 0 % )             ;
; Interquad CMU TXRX PMATX outputs  ; 0 / 4 ( 0 % )             ;
; Interquad Clock Inputs            ; 0 / 16 ( 0 % )            ;
; Interquad Clock Outputs           ; 0 / 4 ( 0 % )             ;
; Interquad Clocks                  ; 0 / 16 ( 0 % )            ;
; Interquad Global PLL Clock Inputs ; 0 / 12 ( 0 % )            ;
; Interquad Global PLL Clocks       ; 0 / 4 ( 0 % )             ;
; Interquad Quadrant Clock MUXs     ; 0 / 2 ( 0 % )             ;
; Interquad Reference Clock Outputs ; 0 / 2 ( 0 % )             ;
; Interquad TXRX Clock Feedbacks    ; 0 / 4 ( 0 % )             ;
; Interquad TXRX Clocks             ; 0 / 32 ( 0 % )            ;
; Interquad TXRX PCLK controls      ; 0 / 42 ( 0 % )            ;
; Interquad TXRX PCSRX outputs      ; 0 / 8 ( 0 % )             ;
; Interquad TXRX PCSTX outputs      ; 0 / 8 ( 0 % )             ;
; Interquad TXRX PMARX outputs      ; 0 / 8 ( 0 % )             ;
; Interquad TXRX PMATX outputs      ; 0 / 8 ( 0 % )             ;
; Local interconnects               ; 11,650 / 50,600 ( 23 % )  ;
; NDQS bus muxes                    ; 0 / 42 ( 0 % )            ;
; NDQS-18 I/O buses                 ; 0 / 9 ( 0 % )             ;
; NDQS-36 I/O buses                 ; 0 / 3 ( 0 % )             ;
; NDQS-9 I/O buses                  ; 0 / 21 ( 0 % )            ;
; NDQS-N18 I/O buses                ; 0 / 4 ( 0 % )             ;
; PLL_RX_TX_LOAD_ENABLEs            ; 0 / 8 ( 0 % )             ;
; PLL_RX_TX_SCLOCKs                 ; 0 / 8 ( 0 % )             ;
; Periphery clocks                  ; 0 / 50 ( 0 % )            ;
; Quadrant clocks                   ; 0 / 48 ( 0 % )            ;
; R20 interconnects                 ; 2,009 / 8,690 ( 23 % )    ;
; R20/C12 interconnect drivers      ; 4,511 / 12,980 ( 35 % )   ;
; R4 interconnects                  ; 72,642 / 235,620 ( 31 % ) ;
; Spine clocks                      ; 5 / 104 ( 5 % )           ;
+-----------------------------------+---------------------------+


+-------------------------------------------------------------------+
; LAB Logic Elements                                                ;
+----------------------------------+--------------------------------+
; Number of ALMs  (Average = 9.59) ; Number of LABs  (Total = 1802) ;
+----------------------------------+--------------------------------+
; 1                                ; 15                             ;
; 2                                ; 10                             ;
; 3                                ; 9                              ;
; 4                                ; 7                              ;
; 5                                ; 8                              ;
; 6                                ; 47                             ;
; 7                                ; 8                              ;
; 8                                ; 38                             ;
; 9                                ; 92                             ;
; 10                               ; 1568                           ;
+----------------------------------+--------------------------------+


+---------------------------------------------------------------------+
; LAB-wide Signals                                                    ;
+------------------------------------+--------------------------------+
; LAB-wide Signals  (Average = 2.85) ; Number of LABs  (Total = 1802) ;
+------------------------------------+--------------------------------+
; 1 Async. clear                     ; 5                              ;
; 1 Clock                            ; 1723                           ;
; 1 Clock enable                     ; 786                            ;
; 1 Sync. clear                      ; 53                             ;
; 1 Sync. load                       ; 1642                           ;
; 2 Clock enables                    ; 673                            ;
; 3 Clock enables                    ; 261                            ;
+------------------------------------+--------------------------------+


+-------------------------------------------------------------------------------+
; LAB Signals Sourced                                                           ;
+----------------------------------------------+--------------------------------+
; Number of Signals Sourced  (Average = 27.47) ; Number of LABs  (Total = 1802) ;
+----------------------------------------------+--------------------------------+
; 0                                            ; 2                              ;
; 1                                            ; 4                              ;
; 2                                            ; 45                             ;
; 3                                            ; 2                              ;
; 4                                            ; 27                             ;
; 5                                            ; 11                             ;
; 6                                            ; 17                             ;
; 7                                            ; 8                              ;
; 8                                            ; 11                             ;
; 9                                            ; 32                             ;
; 10                                           ; 41                             ;
; 11                                           ; 48                             ;
; 12                                           ; 12                             ;
; 13                                           ; 9                              ;
; 14                                           ; 6                              ;
; 15                                           ; 18                             ;
; 16                                           ; 18                             ;
; 17                                           ; 29                             ;
; 18                                           ; 20                             ;
; 19                                           ; 7                              ;
; 20                                           ; 151                            ;
; 21                                           ; 10                             ;
; 22                                           ; 18                             ;
; 23                                           ; 26                             ;
; 24                                           ; 35                             ;
; 25                                           ; 45                             ;
; 26                                           ; 35                             ;
; 27                                           ; 28                             ;
; 28                                           ; 31                             ;
; 29                                           ; 30                             ;
; 30                                           ; 56                             ;
; 31                                           ; 61                             ;
; 32                                           ; 84                             ;
; 33                                           ; 96                             ;
; 34                                           ; 111                            ;
; 35                                           ; 122                            ;
; 36                                           ; 112                            ;
; 37                                           ; 104                            ;
; 38                                           ; 101                            ;
; 39                                           ; 73                             ;
; 40                                           ; 106                            ;
+----------------------------------------------+--------------------------------+


+-----------------------------------------------------------------------------------+
; LAB Signals Sourced Out                                                           ;
+--------------------------------------------------+--------------------------------+
; Number of Signals Sourced Out  (Average = 12.22) ; Number of LABs  (Total = 1802) ;
+--------------------------------------------------+--------------------------------+
; 0                                                ; 35                             ;
; 1                                                ; 42                             ;
; 2                                                ; 69                             ;
; 3                                                ; 44                             ;
; 4                                                ; 42                             ;
; 5                                                ; 65                             ;
; 6                                                ; 69                             ;
; 7                                                ; 88                             ;
; 8                                                ; 69                             ;
; 9                                                ; 56                             ;
; 10                                               ; 129                            ;
; 11                                               ; 90                             ;
; 12                                               ; 99                             ;
; 13                                               ; 107                            ;
; 14                                               ; 96                             ;
; 15                                               ; 86                             ;
; 16                                               ; 90                             ;
; 17                                               ; 68                             ;
; 18                                               ; 63                             ;
; 19                                               ; 73                             ;
; 20                                               ; 283                            ;
; 21                                               ; 18                             ;
; 22                                               ; 8                              ;
; 23                                               ; 5                              ;
; 24                                               ; 4                              ;
; 25                                               ; 3                              ;
; 26                                               ; 1                              ;
+--------------------------------------------------+--------------------------------+


+-------------------------------------------------------------------------------+
; LAB Distinct Inputs                                                           ;
+----------------------------------------------+--------------------------------+
; Number of Distinct Inputs  (Average = 29.55) ; Number of LABs  (Total = 1802) ;
+----------------------------------------------+--------------------------------+
; 0                                            ; 0                              ;
; 1                                            ; 0                              ;
; 2                                            ; 0                              ;
; 3                                            ; 5                              ;
; 4                                            ; 4                              ;
; 5                                            ; 8                              ;
; 6                                            ; 12                             ;
; 7                                            ; 7                              ;
; 8                                            ; 2                              ;
; 9                                            ; 8                              ;
; 10                                           ; 11                             ;
; 11                                           ; 10                             ;
; 12                                           ; 6                              ;
; 13                                           ; 21                             ;
; 14                                           ; 15                             ;
; 15                                           ; 42                             ;
; 16                                           ; 57                             ;
; 17                                           ; 51                             ;
; 18                                           ; 54                             ;
; 19                                           ; 46                             ;
; 20                                           ; 54                             ;
; 21                                           ; 41                             ;
; 22                                           ; 54                             ;
; 23                                           ; 51                             ;
; 24                                           ; 52                             ;
; 25                                           ; 65                             ;
; 26                                           ; 68                             ;
; 27                                           ; 65                             ;
; 28                                           ; 70                             ;
; 29                                           ; 72                             ;
; 30                                           ; 67                             ;
; 31                                           ; 57                             ;
; 32                                           ; 65                             ;
; 33                                           ; 47                             ;
; 34                                           ; 42                             ;
; 35                                           ; 41                             ;
; 36                                           ; 32                             ;
; 37                                           ; 22                             ;
; 38                                           ; 17                             ;
; 39                                           ; 13                             ;
; 40                                           ; 9                              ;
; 41                                           ; 11                             ;
; 42                                           ; 14                             ;
; 43                                           ; 158                            ;
; 44                                           ; 66                             ;
; 45                                           ; 70                             ;
; 46                                           ; 76                             ;
; 47                                           ; 44                             ;
+----------------------------------------------+--------------------------------+


+------------------------------------------+
; I/O Rules Summary                        ;
+----------------------------------+-------+
; I/O Rules Statistic              ; Total ;
+----------------------------------+-------+
; Total I/O Rules                  ; 28    ;
; Number of I/O Rules Passed       ; 6     ;
; Number of I/O Rules Failed       ; 0     ;
; Number of I/O Rules Unchecked    ; 0     ;
; Number of I/O Rules Inapplicable ; 22    ;
+----------------------------------+-------+


+-----------------------------------------------------------------------------------------------------------------------------------------------------------------------------------------------------------------------------------------------------------------------------------+
; I/O Rules Details                                                                                                                                                                                                                                                                 ;
+--------------+-----------+-----------------------------------+------------------------------------------------------------------------------------+----------+--------------------------------------------------------------------------+---------------------+-------------------+
; Status       ; ID        ; Category                          ; Rule Description                                                                   ; Severity ; Information                                                              ; Area                ; Extra Information ;
+--------------+-----------+-----------------------------------+------------------------------------------------------------------------------------+----------+--------------------------------------------------------------------------+---------------------+-------------------+
; Inapplicable ; IO_000001 ; Capacity Checks                   ; Number of pins in an I/O bank should not exceed the number of locations available. ; Critical ; No Location assignments found.                                           ; I/O                 ;                   ;
; Inapplicable ; IO_000002 ; Capacity Checks                   ; Number of clocks in an I/O bank should not exceed the number of clocks available.  ; Critical ; No Global Signal assignments found.                                      ; I/O                 ;                   ;
; Inapplicable ; IO_000003 ; Capacity Checks                   ; Number of pins in a Vrefgroup should not exceed the number of locations available. ; Critical ; No Location assignments found.                                           ; I/O                 ;                   ;
; Inapplicable ; IO_000004 ; Voltage Compatibility Checks      ; The I/O bank should support the requested VCCIO.                                   ; Critical ; No IOBANK_VCCIO assignments found.                                       ; I/O                 ;                   ;
; Inapplicable ; IO_000005 ; Voltage Compatibility Checks      ; The I/O bank should not have competing VREF values.                                ; Critical ; No VREF I/O Standard assignments found.                                  ; I/O                 ;                   ;
; Pass         ; IO_000006 ; Voltage Compatibility Checks      ; The I/O bank should not have competing VCCIO values.                               ; Critical ; 0 such failures found.                                                   ; I/O                 ;                   ;
; Inapplicable ; IO_000007 ; Valid Location Checks             ; Checks for unavailable locations.                                                  ; Critical ; No Location assignments found.                                           ; I/O                 ;                   ;
; Inapplicable ; IO_000008 ; Valid Location Checks             ; Checks for reserved locations.                                                     ; Critical ; No reserved LogicLock region found.                                      ; I/O                 ;                   ;
; Pass         ; IO_000009 ; I/O Properties Checks for One I/O ; The location should support the requested I/O standard.                            ; Critical ; 0 such failures found.                                                   ; I/O                 ;                   ;
; Pass         ; IO_000010 ; I/O Properties Checks for One I/O ; The location should support the requested I/O direction.                           ; Critical ; 0 such failures found.                                                   ; I/O                 ;                   ;
; Inapplicable ; IO_000011 ; I/O Properties Checks for One I/O ; The location should support the requested Current Strength.                        ; Critical ; No Current Strength assignments found.                                   ; I/O                 ;                   ;
; Pass         ; IO_000012 ; I/O Properties Checks for One I/O ; The location should support the requested On Chip Termination value.               ; Critical ; 0 such failures found.                                                   ; I/O                 ;                   ;
; Inapplicable ; IO_000013 ; I/O Properties Checks for One I/O ; The location should support the requested Bus Hold value.                          ; Critical ; No Enable Bus-Hold Circuitry assignments found.                          ; I/O                 ;                   ;
; Inapplicable ; IO_000014 ; I/O Properties Checks for One I/O ; The location should support the requested Weak Pull Up value.                      ; Critical ; No Weak Pull-Up Resistor assignments found.                              ; I/O                 ;                   ;
; Inapplicable ; IO_000015 ; I/O Properties Checks for One I/O ; The location should support the requested PCI Clamp Diode.                         ; Critical ; No Clamping Diode assignments found.                                     ; I/O                 ;                   ;
; Inapplicable ; IO_000018 ; I/O Properties Checks for One I/O ; The I/O standard should support the requested Current Strength.                    ; Critical ; No Current Strength assignments found.                                   ; I/O                 ;                   ;
; Pass         ; IO_000019 ; I/O Properties Checks for One I/O ; The I/O standard should support the requested On Chip Termination value.           ; Critical ; 0 such failures found.                                                   ; I/O                 ;                   ;
; Inapplicable ; IO_000020 ; I/O Properties Checks for One I/O ; The I/O standard should support the requested PCI Clamp Diode.                     ; Critical ; No Clamping Diode assignments found.                                     ; I/O                 ;                   ;
; Inapplicable ; IO_000021 ; I/O Properties Checks for One I/O ; The I/O standard should support the requested Weak Pull Up value.                  ; Critical ; No Weak Pull-Up Resistor assignments found.                              ; I/O                 ;                   ;
; Inapplicable ; IO_000022 ; I/O Properties Checks for One I/O ; The I/O standard should support the requested Bus Hold value.                      ; Critical ; No Enable Bus-Hold Circuitry assignments found.                          ; I/O                 ;                   ;
; Inapplicable ; IO_000023 ; I/O Properties Checks for One I/O ; The I/O standard should support the Open Drain value.                              ; Critical ; No open drain assignments found.                                         ; I/O                 ;                   ;
; Pass         ; IO_000024 ; I/O Properties Checks for One I/O ; The I/O direction should support the On Chip Termination value.                    ; Critical ; 0 such failures found.                                                   ; I/O                 ;                   ;
; Inapplicable ; IO_000026 ; I/O Properties Checks for One I/O ; On Chip Termination and Current Strength should not be used at the same time.      ; Critical ; No Current Strength assignments found.                                   ; I/O                 ;                   ;
; Inapplicable ; IO_000027 ; I/O Properties Checks for One I/O ; Weak Pull Up and Bus Hold should not be used at the same time.                     ; Critical ; No Enable Bus-Hold Circuitry or Weak Pull-Up Resistor assignments found. ; I/O                 ;                   ;
; Inapplicable ; IO_000045 ; I/O Properties Checks for One I/O ; The I/O standard should support the requested Slew Rate value.                     ; Critical ; No Slew Rate assignments found.                                          ; I/O                 ;                   ;
; Inapplicable ; IO_000046 ; I/O Properties Checks for One I/O ; The location should support the requested Slew Rate value.                         ; Critical ; No Slew Rate assignments found.                                          ; I/O                 ;                   ;
; Inapplicable ; IO_000047 ; I/O Properties Checks for One I/O ; On Chip Termination and Slew Rate should not be used at the same time.             ; Critical ; No Slew Rate assignments found.                                          ; I/O                 ;                   ;
; Inapplicable ; IO_000034 ; SI Related Distance Checks        ; Single-ended outputs should be 1 LAB row(s) away from a differential I/O.          ; High     ; No Differential I/O Standard assignments found.                          ; I/O                 ;                   ;
; ----         ; ----      ; Disclaimer                        ; OCT rules are checked but not reported.                                            ; None     ; ----                                                                     ; On Chip Termination ;                   ;
+--------------+-----------+-----------------------------------+------------------------------------------------------------------------------------+----------+--------------------------------------------------------------------------+---------------------+-------------------+


+-----------------------------------------------------------------------------------------------------------------------------------------------------------------------------------------------------------------------------------------------------------------------------------------------------------------------------------------------------------------------------------------------------------------------------------------------+
; I/O Rules Matrix                                                                                                                                                                                                                                                                                                                                                                                                                              ;
+--------------------+--------------+--------------+--------------+--------------+--------------+-----------+--------------+--------------+-----------+-----------+--------------+--------------+--------------+--------------+--------------+--------------+--------------+--------------+--------------+--------------+--------------+--------------+--------------+--------------+--------------+--------------+--------------+--------------+
; Pin/Rules          ; IO_000001    ; IO_000002    ; IO_000003    ; IO_000004    ; IO_000005    ; IO_000006 ; IO_000007    ; IO_000008    ; IO_000009 ; IO_000010 ; IO_000011    ; IO_000012    ; IO_000013    ; IO_000014    ; IO_000015    ; IO_000018    ; IO_000019    ; IO_000020    ; IO_000021    ; IO_000022    ; IO_000023    ; IO_000024    ; IO_000026    ; IO_000027    ; IO_000045    ; IO_000046    ; IO_000047    ; IO_000034    ;
+--------------------+--------------+--------------+--------------+--------------+--------------+-----------+--------------+--------------+-----------+-----------+--------------+--------------+--------------+--------------+--------------+--------------+--------------+--------------+--------------+--------------+--------------+--------------+--------------+--------------+--------------+--------------+--------------+--------------+
; Total Pass         ; 0            ; 0            ; 0            ; 0            ; 0            ; 118       ; 0            ; 0            ; 118       ; 118       ; 0            ; 51           ; 0            ; 0            ; 0            ; 0            ; 51           ; 0            ; 0            ; 0            ; 0            ; 51           ; 0            ; 0            ; 0            ; 0            ; 0            ; 0            ;
; Total Unchecked    ; 0            ; 0            ; 0            ; 0            ; 0            ; 0         ; 0            ; 0            ; 0         ; 0         ; 0            ; 0            ; 0            ; 0            ; 0            ; 0            ; 0            ; 0            ; 0            ; 0            ; 0            ; 0            ; 0            ; 0            ; 0            ; 0            ; 0            ; 0            ;
; Total Inapplicable ; 118          ; 118          ; 118          ; 118          ; 118          ; 0         ; 118          ; 118          ; 0         ; 0         ; 118          ; 67           ; 118          ; 118          ; 118          ; 118          ; 67           ; 118          ; 118          ; 118          ; 118          ; 67           ; 118          ; 118          ; 118          ; 118          ; 118          ; 118          ;
; Total Fail         ; 0            ; 0            ; 0            ; 0            ; 0            ; 0         ; 0            ; 0            ; 0         ; 0         ; 0            ; 0            ; 0            ; 0            ; 0            ; 0            ; 0            ; 0            ; 0            ; 0            ; 0            ; 0            ; 0            ; 0            ; 0            ; 0            ; 0            ; 0            ;
; done               ; Inapplicable ; Inapplicable ; Inapplicable ; Inapplicable ; Inapplicable ; Pass      ; Inapplicable ; Inapplicable ; Pass      ; Pass      ; Inapplicable ; Pass         ; Inapplicable ; Inapplicable ; Inapplicable ; Inapplicable ; Pass         ; Inapplicable ; Inapplicable ; Inapplicable ; Inapplicable ; Pass         ; Inapplicable ; Inapplicable ; Inapplicable ; Inapplicable ; Inapplicable ; Inapplicable ;
; mem_clk            ; Inapplicable ; Inapplicable ; Inapplicable ; Inapplicable ; Inapplicable ; Pass      ; Inapplicable ; Inapplicable ; Pass      ; Pass      ; Inapplicable ; Pass         ; Inapplicable ; Inapplicable ; Inapplicable ; Inapplicable ; Pass         ; Inapplicable ; Inapplicable ; Inapplicable ; Inapplicable ; Pass         ; Inapplicable ; Inapplicable ; Inapplicable ; Inapplicable ; Inapplicable ; Inapplicable ;
; mem_we             ; Inapplicable ; Inapplicable ; Inapplicable ; Inapplicable ; Inapplicable ; Pass      ; Inapplicable ; Inapplicable ; Pass      ; Pass      ; Inapplicable ; Pass         ; Inapplicable ; Inapplicable ; Inapplicable ; Inapplicable ; Pass         ; Inapplicable ; Inapplicable ; Inapplicable ; Inapplicable ; Pass         ; Inapplicable ; Inapplicable ; Inapplicable ; Inapplicable ; Inapplicable ; Inapplicable ;
; mem_addr[0]        ; Inapplicable ; Inapplicable ; Inapplicable ; Inapplicable ; Inapplicable ; Pass      ; Inapplicable ; Inapplicable ; Pass      ; Pass      ; Inapplicable ; Pass         ; Inapplicable ; Inapplicable ; Inapplicable ; Inapplicable ; Pass         ; Inapplicable ; Inapplicable ; Inapplicable ; Inapplicable ; Pass         ; Inapplicable ; Inapplicable ; Inapplicable ; Inapplicable ; Inapplicable ; Inapplicable ;
; mem_addr[1]        ; Inapplicable ; Inapplicable ; Inapplicable ; Inapplicable ; Inapplicable ; Pass      ; Inapplicable ; Inapplicable ; Pass      ; Pass      ; Inapplicable ; Pass         ; Inapplicable ; Inapplicable ; Inapplicable ; Inapplicable ; Pass         ; Inapplicable ; Inapplicable ; Inapplicable ; Inapplicable ; Pass         ; Inapplicable ; Inapplicable ; Inapplicable ; Inapplicable ; Inapplicable ; Inapplicable ;
; mem_addr[2]        ; Inapplicable ; Inapplicable ; Inapplicable ; Inapplicable ; Inapplicable ; Pass      ; Inapplicable ; Inapplicable ; Pass      ; Pass      ; Inapplicable ; Pass         ; Inapplicable ; Inapplicable ; Inapplicable ; Inapplicable ; Pass         ; Inapplicable ; Inapplicable ; Inapplicable ; Inapplicable ; Pass         ; Inapplicable ; Inapplicable ; Inapplicable ; Inapplicable ; Inapplicable ; Inapplicable ;
; mem_addr[3]        ; Inapplicable ; Inapplicable ; Inapplicable ; Inapplicable ; Inapplicable ; Pass      ; Inapplicable ; Inapplicable ; Pass      ; Pass      ; Inapplicable ; Pass         ; Inapplicable ; Inapplicable ; Inapplicable ; Inapplicable ; Pass         ; Inapplicable ; Inapplicable ; Inapplicable ; Inapplicable ; Pass         ; Inapplicable ; Inapplicable ; Inapplicable ; Inapplicable ; Inapplicable ; Inapplicable ;
; mem_addr[4]        ; Inapplicable ; Inapplicable ; Inapplicable ; Inapplicable ; Inapplicable ; Pass      ; Inapplicable ; Inapplicable ; Pass      ; Pass      ; Inapplicable ; Pass         ; Inapplicable ; Inapplicable ; Inapplicable ; Inapplicable ; Pass         ; Inapplicable ; Inapplicable ; Inapplicable ; Inapplicable ; Pass         ; Inapplicable ; Inapplicable ; Inapplicable ; Inapplicable ; Inapplicable ; Inapplicable ;
; mem_addr[5]        ; Inapplicable ; Inapplicable ; Inapplicable ; Inapplicable ; Inapplicable ; Pass      ; Inapplicable ; Inapplicable ; Pass      ; Pass      ; Inapplicable ; Pass         ; Inapplicable ; Inapplicable ; Inapplicable ; Inapplicable ; Pass         ; Inapplicable ; Inapplicable ; Inapplicable ; Inapplicable ; Pass         ; Inapplicable ; Inapplicable ; Inapplicable ; Inapplicable ; Inapplicable ; Inapplicable ;
; mem_addr[6]        ; Inapplicable ; Inapplicable ; Inapplicable ; Inapplicable ; Inapplicable ; Pass      ; Inapplicable ; Inapplicable ; Pass      ; Pass      ; Inapplicable ; Pass         ; Inapplicable ; Inapplicable ; Inapplicable ; Inapplicable ; Pass         ; Inapplicable ; Inapplicable ; Inapplicable ; Inapplicable ; Pass         ; Inapplicable ; Inapplicable ; Inapplicable ; Inapplicable ; Inapplicable ; Inapplicable ;
; mem_addr[7]        ; Inapplicable ; Inapplicable ; Inapplicable ; Inapplicable ; Inapplicable ; Pass      ; Inapplicable ; Inapplicable ; Pass      ; Pass      ; Inapplicable ; Pass         ; Inapplicable ; Inapplicable ; Inapplicable ; Inapplicable ; Pass         ; Inapplicable ; Inapplicable ; Inapplicable ; Inapplicable ; Pass         ; Inapplicable ; Inapplicable ; Inapplicable ; Inapplicable ; Inapplicable ; Inapplicable ;
; mem_addr[8]        ; Inapplicable ; Inapplicable ; Inapplicable ; Inapplicable ; Inapplicable ; Pass      ; Inapplicable ; Inapplicable ; Pass      ; Pass      ; Inapplicable ; Pass         ; Inapplicable ; Inapplicable ; Inapplicable ; Inapplicable ; Pass         ; Inapplicable ; Inapplicable ; Inapplicable ; Inapplicable ; Pass         ; Inapplicable ; Inapplicable ; Inapplicable ; Inapplicable ; Inapplicable ; Inapplicable ;
; mem_addr[9]        ; Inapplicable ; Inapplicable ; Inapplicable ; Inapplicable ; Inapplicable ; Pass      ; Inapplicable ; Inapplicable ; Pass      ; Pass      ; Inapplicable ; Pass         ; Inapplicable ; Inapplicable ; Inapplicable ; Inapplicable ; Pass         ; Inapplicable ; Inapplicable ; Inapplicable ; Inapplicable ; Pass         ; Inapplicable ; Inapplicable ; Inapplicable ; Inapplicable ; Inapplicable ; Inapplicable ;
; mem_addr[10]       ; Inapplicable ; Inapplicable ; Inapplicable ; Inapplicable ; Inapplicable ; Pass      ; Inapplicable ; Inapplicable ; Pass      ; Pass      ; Inapplicable ; Pass         ; Inapplicable ; Inapplicable ; Inapplicable ; Inapplicable ; Pass         ; Inapplicable ; Inapplicable ; Inapplicable ; Inapplicable ; Pass         ; Inapplicable ; Inapplicable ; Inapplicable ; Inapplicable ; Inapplicable ; Inapplicable ;
; mem_addr[11]       ; Inapplicable ; Inapplicable ; Inapplicable ; Inapplicable ; Inapplicable ; Pass      ; Inapplicable ; Inapplicable ; Pass      ; Pass      ; Inapplicable ; Pass         ; Inapplicable ; Inapplicable ; Inapplicable ; Inapplicable ; Pass         ; Inapplicable ; Inapplicable ; Inapplicable ; Inapplicable ; Pass         ; Inapplicable ; Inapplicable ; Inapplicable ; Inapplicable ; Inapplicable ; Inapplicable ;
; mem_addr[12]       ; Inapplicable ; Inapplicable ; Inapplicable ; Inapplicable ; Inapplicable ; Pass      ; Inapplicable ; Inapplicable ; Pass      ; Pass      ; Inapplicable ; Pass         ; Inapplicable ; Inapplicable ; Inapplicable ; Inapplicable ; Pass         ; Inapplicable ; Inapplicable ; Inapplicable ; Inapplicable ; Pass         ; Inapplicable ; Inapplicable ; Inapplicable ; Inapplicable ; Inapplicable ; Inapplicable ;
; mem_addr[13]       ; Inapplicable ; Inapplicable ; Inapplicable ; Inapplicable ; Inapplicable ; Pass      ; Inapplicable ; Inapplicable ; Pass      ; Pass      ; Inapplicable ; Pass         ; Inapplicable ; Inapplicable ; Inapplicable ; Inapplicable ; Pass         ; Inapplicable ; Inapplicable ; Inapplicable ; Inapplicable ; Pass         ; Inapplicable ; Inapplicable ; Inapplicable ; Inapplicable ; Inapplicable ; Inapplicable ;
; mem_addr[14]       ; Inapplicable ; Inapplicable ; Inapplicable ; Inapplicable ; Inapplicable ; Pass      ; Inapplicable ; Inapplicable ; Pass      ; Pass      ; Inapplicable ; Pass         ; Inapplicable ; Inapplicable ; Inapplicable ; Inapplicable ; Pass         ; Inapplicable ; Inapplicable ; Inapplicable ; Inapplicable ; Pass         ; Inapplicable ; Inapplicable ; Inapplicable ; Inapplicable ; Inapplicable ; Inapplicable ;
; mem_addr[15]       ; Inapplicable ; Inapplicable ; Inapplicable ; Inapplicable ; Inapplicable ; Pass      ; Inapplicable ; Inapplicable ; Pass      ; Pass      ; Inapplicable ; Pass         ; Inapplicable ; Inapplicable ; Inapplicable ; Inapplicable ; Pass         ; Inapplicable ; Inapplicable ; Inapplicable ; Inapplicable ; Pass         ; Inapplicable ; Inapplicable ; Inapplicable ; Inapplicable ; Inapplicable ; Inapplicable ;
; mem_write_data[0]  ; Inapplicable ; Inapplicable ; Inapplicable ; Inapplicable ; Inapplicable ; Pass      ; Inapplicable ; Inapplicable ; Pass      ; Pass      ; Inapplicable ; Pass         ; Inapplicable ; Inapplicable ; Inapplicable ; Inapplicable ; Pass         ; Inapplicable ; Inapplicable ; Inapplicable ; Inapplicable ; Pass         ; Inapplicable ; Inapplicable ; Inapplicable ; Inapplicable ; Inapplicable ; Inapplicable ;
; mem_write_data[1]  ; Inapplicable ; Inapplicable ; Inapplicable ; Inapplicable ; Inapplicable ; Pass      ; Inapplicable ; Inapplicable ; Pass      ; Pass      ; Inapplicable ; Pass         ; Inapplicable ; Inapplicable ; Inapplicable ; Inapplicable ; Pass         ; Inapplicable ; Inapplicable ; Inapplicable ; Inapplicable ; Pass         ; Inapplicable ; Inapplicable ; Inapplicable ; Inapplicable ; Inapplicable ; Inapplicable ;
; mem_write_data[2]  ; Inapplicable ; Inapplicable ; Inapplicable ; Inapplicable ; Inapplicable ; Pass      ; Inapplicable ; Inapplicable ; Pass      ; Pass      ; Inapplicable ; Pass         ; Inapplicable ; Inapplicable ; Inapplicable ; Inapplicable ; Pass         ; Inapplicable ; Inapplicable ; Inapplicable ; Inapplicable ; Pass         ; Inapplicable ; Inapplicable ; Inapplicable ; Inapplicable ; Inapplicable ; Inapplicable ;
; mem_write_data[3]  ; Inapplicable ; Inapplicable ; Inapplicable ; Inapplicable ; Inapplicable ; Pass      ; Inapplicable ; Inapplicable ; Pass      ; Pass      ; Inapplicable ; Pass         ; Inapplicable ; Inapplicable ; Inapplicable ; Inapplicable ; Pass         ; Inapplicable ; Inapplicable ; Inapplicable ; Inapplicable ; Pass         ; Inapplicable ; Inapplicable ; Inapplicable ; Inapplicable ; Inapplicable ; Inapplicable ;
; mem_write_data[4]  ; Inapplicable ; Inapplicable ; Inapplicable ; Inapplicable ; Inapplicable ; Pass      ; Inapplicable ; Inapplicable ; Pass      ; Pass      ; Inapplicable ; Pass         ; Inapplicable ; Inapplicable ; Inapplicable ; Inapplicable ; Pass         ; Inapplicable ; Inapplicable ; Inapplicable ; Inapplicable ; Pass         ; Inapplicable ; Inapplicable ; Inapplicable ; Inapplicable ; Inapplicable ; Inapplicable ;
; mem_write_data[5]  ; Inapplicable ; Inapplicable ; Inapplicable ; Inapplicable ; Inapplicable ; Pass      ; Inapplicable ; Inapplicable ; Pass      ; Pass      ; Inapplicable ; Pass         ; Inapplicable ; Inapplicable ; Inapplicable ; Inapplicable ; Pass         ; Inapplicable ; Inapplicable ; Inapplicable ; Inapplicable ; Pass         ; Inapplicable ; Inapplicable ; Inapplicable ; Inapplicable ; Inapplicable ; Inapplicable ;
; mem_write_data[6]  ; Inapplicable ; Inapplicable ; Inapplicable ; Inapplicable ; Inapplicable ; Pass      ; Inapplicable ; Inapplicable ; Pass      ; Pass      ; Inapplicable ; Pass         ; Inapplicable ; Inapplicable ; Inapplicable ; Inapplicable ; Pass         ; Inapplicable ; Inapplicable ; Inapplicable ; Inapplicable ; Pass         ; Inapplicable ; Inapplicable ; Inapplicable ; Inapplicable ; Inapplicable ; Inapplicable ;
; mem_write_data[7]  ; Inapplicable ; Inapplicable ; Inapplicable ; Inapplicable ; Inapplicable ; Pass      ; Inapplicable ; Inapplicable ; Pass      ; Pass      ; Inapplicable ; Pass         ; Inapplicable ; Inapplicable ; Inapplicable ; Inapplicable ; Pass         ; Inapplicable ; Inapplicable ; Inapplicable ; Inapplicable ; Pass         ; Inapplicable ; Inapplicable ; Inapplicable ; Inapplicable ; Inapplicable ; Inapplicable ;
; mem_write_data[8]  ; Inapplicable ; Inapplicable ; Inapplicable ; Inapplicable ; Inapplicable ; Pass      ; Inapplicable ; Inapplicable ; Pass      ; Pass      ; Inapplicable ; Pass         ; Inapplicable ; Inapplicable ; Inapplicable ; Inapplicable ; Pass         ; Inapplicable ; Inapplicable ; Inapplicable ; Inapplicable ; Pass         ; Inapplicable ; Inapplicable ; Inapplicable ; Inapplicable ; Inapplicable ; Inapplicable ;
; mem_write_data[9]  ; Inapplicable ; Inapplicable ; Inapplicable ; Inapplicable ; Inapplicable ; Pass      ; Inapplicable ; Inapplicable ; Pass      ; Pass      ; Inapplicable ; Pass         ; Inapplicable ; Inapplicable ; Inapplicable ; Inapplicable ; Pass         ; Inapplicable ; Inapplicable ; Inapplicable ; Inapplicable ; Pass         ; Inapplicable ; Inapplicable ; Inapplicable ; Inapplicable ; Inapplicable ; Inapplicable ;
; mem_write_data[10] ; Inapplicable ; Inapplicable ; Inapplicable ; Inapplicable ; Inapplicable ; Pass      ; Inapplicable ; Inapplicable ; Pass      ; Pass      ; Inapplicable ; Pass         ; Inapplicable ; Inapplicable ; Inapplicable ; Inapplicable ; Pass         ; Inapplicable ; Inapplicable ; Inapplicable ; Inapplicable ; Pass         ; Inapplicable ; Inapplicable ; Inapplicable ; Inapplicable ; Inapplicable ; Inapplicable ;
; mem_write_data[11] ; Inapplicable ; Inapplicable ; Inapplicable ; Inapplicable ; Inapplicable ; Pass      ; Inapplicable ; Inapplicable ; Pass      ; Pass      ; Inapplicable ; Pass         ; Inapplicable ; Inapplicable ; Inapplicable ; Inapplicable ; Pass         ; Inapplicable ; Inapplicable ; Inapplicable ; Inapplicable ; Pass         ; Inapplicable ; Inapplicable ; Inapplicable ; Inapplicable ; Inapplicable ; Inapplicable ;
; mem_write_data[12] ; Inapplicable ; Inapplicable ; Inapplicable ; Inapplicable ; Inapplicable ; Pass      ; Inapplicable ; Inapplicable ; Pass      ; Pass      ; Inapplicable ; Pass         ; Inapplicable ; Inapplicable ; Inapplicable ; Inapplicable ; Pass         ; Inapplicable ; Inapplicable ; Inapplicable ; Inapplicable ; Pass         ; Inapplicable ; Inapplicable ; Inapplicable ; Inapplicable ; Inapplicable ; Inapplicable ;
; mem_write_data[13] ; Inapplicable ; Inapplicable ; Inapplicable ; Inapplicable ; Inapplicable ; Pass      ; Inapplicable ; Inapplicable ; Pass      ; Pass      ; Inapplicable ; Pass         ; Inapplicable ; Inapplicable ; Inapplicable ; Inapplicable ; Pass         ; Inapplicable ; Inapplicable ; Inapplicable ; Inapplicable ; Pass         ; Inapplicable ; Inapplicable ; Inapplicable ; Inapplicable ; Inapplicable ; Inapplicable ;
; mem_write_data[14] ; Inapplicable ; Inapplicable ; Inapplicable ; Inapplicable ; Inapplicable ; Pass      ; Inapplicable ; Inapplicable ; Pass      ; Pass      ; Inapplicable ; Pass         ; Inapplicable ; Inapplicable ; Inapplicable ; Inapplicable ; Pass         ; Inapplicable ; Inapplicable ; Inapplicable ; Inapplicable ; Pass         ; Inapplicable ; Inapplicable ; Inapplicable ; Inapplicable ; Inapplicable ; Inapplicable ;
; mem_write_data[15] ; Inapplicable ; Inapplicable ; Inapplicable ; Inapplicable ; Inapplicable ; Pass      ; Inapplicable ; Inapplicable ; Pass      ; Pass      ; Inapplicable ; Pass         ; Inapplicable ; Inapplicable ; Inapplicable ; Inapplicable ; Pass         ; Inapplicable ; Inapplicable ; Inapplicable ; Inapplicable ; Pass         ; Inapplicable ; Inapplicable ; Inapplicable ; Inapplicable ; Inapplicable ; Inapplicable ;
; mem_write_data[16] ; Inapplicable ; Inapplicable ; Inapplicable ; Inapplicable ; Inapplicable ; Pass      ; Inapplicable ; Inapplicable ; Pass      ; Pass      ; Inapplicable ; Pass         ; Inapplicable ; Inapplicable ; Inapplicable ; Inapplicable ; Pass         ; Inapplicable ; Inapplicable ; Inapplicable ; Inapplicable ; Pass         ; Inapplicable ; Inapplicable ; Inapplicable ; Inapplicable ; Inapplicable ; Inapplicable ;
; mem_write_data[17] ; Inapplicable ; Inapplicable ; Inapplicable ; Inapplicable ; Inapplicable ; Pass      ; Inapplicable ; Inapplicable ; Pass      ; Pass      ; Inapplicable ; Pass         ; Inapplicable ; Inapplicable ; Inapplicable ; Inapplicable ; Pass         ; Inapplicable ; Inapplicable ; Inapplicable ; Inapplicable ; Pass         ; Inapplicable ; Inapplicable ; Inapplicable ; Inapplicable ; Inapplicable ; Inapplicable ;
; mem_write_data[18] ; Inapplicable ; Inapplicable ; Inapplicable ; Inapplicable ; Inapplicable ; Pass      ; Inapplicable ; Inapplicable ; Pass      ; Pass      ; Inapplicable ; Pass         ; Inapplicable ; Inapplicable ; Inapplicable ; Inapplicable ; Pass         ; Inapplicable ; Inapplicable ; Inapplicable ; Inapplicable ; Pass         ; Inapplicable ; Inapplicable ; Inapplicable ; Inapplicable ; Inapplicable ; Inapplicable ;
; mem_write_data[19] ; Inapplicable ; Inapplicable ; Inapplicable ; Inapplicable ; Inapplicable ; Pass      ; Inapplicable ; Inapplicable ; Pass      ; Pass      ; Inapplicable ; Pass         ; Inapplicable ; Inapplicable ; Inapplicable ; Inapplicable ; Pass         ; Inapplicable ; Inapplicable ; Inapplicable ; Inapplicable ; Pass         ; Inapplicable ; Inapplicable ; Inapplicable ; Inapplicable ; Inapplicable ; Inapplicable ;
; mem_write_data[20] ; Inapplicable ; Inapplicable ; Inapplicable ; Inapplicable ; Inapplicable ; Pass      ; Inapplicable ; Inapplicable ; Pass      ; Pass      ; Inapplicable ; Pass         ; Inapplicable ; Inapplicable ; Inapplicable ; Inapplicable ; Pass         ; Inapplicable ; Inapplicable ; Inapplicable ; Inapplicable ; Pass         ; Inapplicable ; Inapplicable ; Inapplicable ; Inapplicable ; Inapplicable ; Inapplicable ;
; mem_write_data[21] ; Inapplicable ; Inapplicable ; Inapplicable ; Inapplicable ; Inapplicable ; Pass      ; Inapplicable ; Inapplicable ; Pass      ; Pass      ; Inapplicable ; Pass         ; Inapplicable ; Inapplicable ; Inapplicable ; Inapplicable ; Pass         ; Inapplicable ; Inapplicable ; Inapplicable ; Inapplicable ; Pass         ; Inapplicable ; Inapplicable ; Inapplicable ; Inapplicable ; Inapplicable ; Inapplicable ;
; mem_write_data[22] ; Inapplicable ; Inapplicable ; Inapplicable ; Inapplicable ; Inapplicable ; Pass      ; Inapplicable ; Inapplicable ; Pass      ; Pass      ; Inapplicable ; Pass         ; Inapplicable ; Inapplicable ; Inapplicable ; Inapplicable ; Pass         ; Inapplicable ; Inapplicable ; Inapplicable ; Inapplicable ; Pass         ; Inapplicable ; Inapplicable ; Inapplicable ; Inapplicable ; Inapplicable ; Inapplicable ;
; mem_write_data[23] ; Inapplicable ; Inapplicable ; Inapplicable ; Inapplicable ; Inapplicable ; Pass      ; Inapplicable ; Inapplicable ; Pass      ; Pass      ; Inapplicable ; Pass         ; Inapplicable ; Inapplicable ; Inapplicable ; Inapplicable ; Pass         ; Inapplicable ; Inapplicable ; Inapplicable ; Inapplicable ; Pass         ; Inapplicable ; Inapplicable ; Inapplicable ; Inapplicable ; Inapplicable ; Inapplicable ;
; mem_write_data[24] ; Inapplicable ; Inapplicable ; Inapplicable ; Inapplicable ; Inapplicable ; Pass      ; Inapplicable ; Inapplicable ; Pass      ; Pass      ; Inapplicable ; Pass         ; Inapplicable ; Inapplicable ; Inapplicable ; Inapplicable ; Pass         ; Inapplicable ; Inapplicable ; Inapplicable ; Inapplicable ; Pass         ; Inapplicable ; Inapplicable ; Inapplicable ; Inapplicable ; Inapplicable ; Inapplicable ;
; mem_write_data[25] ; Inapplicable ; Inapplicable ; Inapplicable ; Inapplicable ; Inapplicable ; Pass      ; Inapplicable ; Inapplicable ; Pass      ; Pass      ; Inapplicable ; Pass         ; Inapplicable ; Inapplicable ; Inapplicable ; Inapplicable ; Pass         ; Inapplicable ; Inapplicable ; Inapplicable ; Inapplicable ; Pass         ; Inapplicable ; Inapplicable ; Inapplicable ; Inapplicable ; Inapplicable ; Inapplicable ;
; mem_write_data[26] ; Inapplicable ; Inapplicable ; Inapplicable ; Inapplicable ; Inapplicable ; Pass      ; Inapplicable ; Inapplicable ; Pass      ; Pass      ; Inapplicable ; Pass         ; Inapplicable ; Inapplicable ; Inapplicable ; Inapplicable ; Pass         ; Inapplicable ; Inapplicable ; Inapplicable ; Inapplicable ; Pass         ; Inapplicable ; Inapplicable ; Inapplicable ; Inapplicable ; Inapplicable ; Inapplicable ;
; mem_write_data[27] ; Inapplicable ; Inapplicable ; Inapplicable ; Inapplicable ; Inapplicable ; Pass      ; Inapplicable ; Inapplicable ; Pass      ; Pass      ; Inapplicable ; Pass         ; Inapplicable ; Inapplicable ; Inapplicable ; Inapplicable ; Pass         ; Inapplicable ; Inapplicable ; Inapplicable ; Inapplicable ; Pass         ; Inapplicable ; Inapplicable ; Inapplicable ; Inapplicable ; Inapplicable ; Inapplicable ;
; mem_write_data[28] ; Inapplicable ; Inapplicable ; Inapplicable ; Inapplicable ; Inapplicable ; Pass      ; Inapplicable ; Inapplicable ; Pass      ; Pass      ; Inapplicable ; Pass         ; Inapplicable ; Inapplicable ; Inapplicable ; Inapplicable ; Pass         ; Inapplicable ; Inapplicable ; Inapplicable ; Inapplicable ; Pass         ; Inapplicable ; Inapplicable ; Inapplicable ; Inapplicable ; Inapplicable ; Inapplicable ;
; mem_write_data[29] ; Inapplicable ; Inapplicable ; Inapplicable ; Inapplicable ; Inapplicable ; Pass      ; Inapplicable ; Inapplicable ; Pass      ; Pass      ; Inapplicable ; Pass         ; Inapplicable ; Inapplicable ; Inapplicable ; Inapplicable ; Pass         ; Inapplicable ; Inapplicable ; Inapplicable ; Inapplicable ; Pass         ; Inapplicable ; Inapplicable ; Inapplicable ; Inapplicable ; Inapplicable ; Inapplicable ;
; mem_write_data[30] ; Inapplicable ; Inapplicable ; Inapplicable ; Inapplicable ; Inapplicable ; Pass      ; Inapplicable ; Inapplicable ; Pass      ; Pass      ; Inapplicable ; Pass         ; Inapplicable ; Inapplicable ; Inapplicable ; Inapplicable ; Pass         ; Inapplicable ; Inapplicable ; Inapplicable ; Inapplicable ; Pass         ; Inapplicable ; Inapplicable ; Inapplicable ; Inapplicable ; Inapplicable ; Inapplicable ;
; mem_write_data[31] ; Inapplicable ; Inapplicable ; Inapplicable ; Inapplicable ; Inapplicable ; Pass      ; Inapplicable ; Inapplicable ; Pass      ; Pass      ; Inapplicable ; Pass         ; Inapplicable ; Inapplicable ; Inapplicable ; Inapplicable ; Pass         ; Inapplicable ; Inapplicable ; Inapplicable ; Inapplicable ; Pass         ; Inapplicable ; Inapplicable ; Inapplicable ; Inapplicable ; Inapplicable ; Inapplicable ;
; clk                ; Inapplicable ; Inapplicable ; Inapplicable ; Inapplicable ; Inapplicable ; Pass      ; Inapplicable ; Inapplicable ; Pass      ; Pass      ; Inapplicable ; Inapplicable ; Inapplicable ; Inapplicable ; Inapplicable ; Inapplicable ; Inapplicable ; Inapplicable ; Inapplicable ; Inapplicable ; Inapplicable ; Inapplicable ; Inapplicable ; Inapplicable ; Inapplicable ; Inapplicable ; Inapplicable ; Inapplicable ;
; start              ; Inapplicable ; Inapplicable ; Inapplicable ; Inapplicable ; Inapplicable ; Pass      ; Inapplicable ; Inapplicable ; Pass      ; Pass      ; Inapplicable ; Inapplicable ; Inapplicable ; Inapplicable ; Inapplicable ; Inapplicable ; Inapplicable ; Inapplicable ; Inapplicable ; Inapplicable ; Inapplicable ; Inapplicable ; Inapplicable ; Inapplicable ; Inapplicable ; Inapplicable ; Inapplicable ; Inapplicable ;
; reset_n            ; Inapplicable ; Inapplicable ; Inapplicable ; Inapplicable ; Inapplicable ; Pass      ; Inapplicable ; Inapplicable ; Pass      ; Pass      ; Inapplicable ; Inapplicable ; Inapplicable ; Inapplicable ; Inapplicable ; Inapplicable ; Inapplicable ; Inapplicable ; Inapplicable ; Inapplicable ; Inapplicable ; Inapplicable ; Inapplicable ; Inapplicable ; Inapplicable ; Inapplicable ; Inapplicable ; Inapplicable ;
; output_addr[0]     ; Inapplicable ; Inapplicable ; Inapplicable ; Inapplicable ; Inapplicable ; Pass      ; Inapplicable ; Inapplicable ; Pass      ; Pass      ; Inapplicable ; Inapplicable ; Inapplicable ; Inapplicable ; Inapplicable ; Inapplicable ; Inapplicable ; Inapplicable ; Inapplicable ; Inapplicable ; Inapplicable ; Inapplicable ; Inapplicable ; Inapplicable ; Inapplicable ; Inapplicable ; Inapplicable ; Inapplicable ;
; message_addr[0]    ; Inapplicable ; Inapplicable ; Inapplicable ; Inapplicable ; Inapplicable ; Pass      ; Inapplicable ; Inapplicable ; Pass      ; Pass      ; Inapplicable ; Inapplicable ; Inapplicable ; Inapplicable ; Inapplicable ; Inapplicable ; Inapplicable ; Inapplicable ; Inapplicable ; Inapplicable ; Inapplicable ; Inapplicable ; Inapplicable ; Inapplicable ; Inapplicable ; Inapplicable ; Inapplicable ; Inapplicable ;
; output_addr[1]     ; Inapplicable ; Inapplicable ; Inapplicable ; Inapplicable ; Inapplicable ; Pass      ; Inapplicable ; Inapplicable ; Pass      ; Pass      ; Inapplicable ; Inapplicable ; Inapplicable ; Inapplicable ; Inapplicable ; Inapplicable ; Inapplicable ; Inapplicable ; Inapplicable ; Inapplicable ; Inapplicable ; Inapplicable ; Inapplicable ; Inapplicable ; Inapplicable ; Inapplicable ; Inapplicable ; Inapplicable ;
; message_addr[1]    ; Inapplicable ; Inapplicable ; Inapplicable ; Inapplicable ; Inapplicable ; Pass      ; Inapplicable ; Inapplicable ; Pass      ; Pass      ; Inapplicable ; Inapplicable ; Inapplicable ; Inapplicable ; Inapplicable ; Inapplicable ; Inapplicable ; Inapplicable ; Inapplicable ; Inapplicable ; Inapplicable ; Inapplicable ; Inapplicable ; Inapplicable ; Inapplicable ; Inapplicable ; Inapplicable ; Inapplicable ;
; output_addr[2]     ; Inapplicable ; Inapplicable ; Inapplicable ; Inapplicable ; Inapplicable ; Pass      ; Inapplicable ; Inapplicable ; Pass      ; Pass      ; Inapplicable ; Inapplicable ; Inapplicable ; Inapplicable ; Inapplicable ; Inapplicable ; Inapplicable ; Inapplicable ; Inapplicable ; Inapplicable ; Inapplicable ; Inapplicable ; Inapplicable ; Inapplicable ; Inapplicable ; Inapplicable ; Inapplicable ; Inapplicable ;
; message_addr[2]    ; Inapplicable ; Inapplicable ; Inapplicable ; Inapplicable ; Inapplicable ; Pass      ; Inapplicable ; Inapplicable ; Pass      ; Pass      ; Inapplicable ; Inapplicable ; Inapplicable ; Inapplicable ; Inapplicable ; Inapplicable ; Inapplicable ; Inapplicable ; Inapplicable ; Inapplicable ; Inapplicable ; Inapplicable ; Inapplicable ; Inapplicable ; Inapplicable ; Inapplicable ; Inapplicable ; Inapplicable ;
; output_addr[3]     ; Inapplicable ; Inapplicable ; Inapplicable ; Inapplicable ; Inapplicable ; Pass      ; Inapplicable ; Inapplicable ; Pass      ; Pass      ; Inapplicable ; Inapplicable ; Inapplicable ; Inapplicable ; Inapplicable ; Inapplicable ; Inapplicable ; Inapplicable ; Inapplicable ; Inapplicable ; Inapplicable ; Inapplicable ; Inapplicable ; Inapplicable ; Inapplicable ; Inapplicable ; Inapplicable ; Inapplicable ;
; message_addr[3]    ; Inapplicable ; Inapplicable ; Inapplicable ; Inapplicable ; Inapplicable ; Pass      ; Inapplicable ; Inapplicable ; Pass      ; Pass      ; Inapplicable ; Inapplicable ; Inapplicable ; Inapplicable ; Inapplicable ; Inapplicable ; Inapplicable ; Inapplicable ; Inapplicable ; Inapplicable ; Inapplicable ; Inapplicable ; Inapplicable ; Inapplicable ; Inapplicable ; Inapplicable ; Inapplicable ; Inapplicable ;
; output_addr[4]     ; Inapplicable ; Inapplicable ; Inapplicable ; Inapplicable ; Inapplicable ; Pass      ; Inapplicable ; Inapplicable ; Pass      ; Pass      ; Inapplicable ; Inapplicable ; Inapplicable ; Inapplicable ; Inapplicable ; Inapplicable ; Inapplicable ; Inapplicable ; Inapplicable ; Inapplicable ; Inapplicable ; Inapplicable ; Inapplicable ; Inapplicable ; Inapplicable ; Inapplicable ; Inapplicable ; Inapplicable ;
; message_addr[4]    ; Inapplicable ; Inapplicable ; Inapplicable ; Inapplicable ; Inapplicable ; Pass      ; Inapplicable ; Inapplicable ; Pass      ; Pass      ; Inapplicable ; Inapplicable ; Inapplicable ; Inapplicable ; Inapplicable ; Inapplicable ; Inapplicable ; Inapplicable ; Inapplicable ; Inapplicable ; Inapplicable ; Inapplicable ; Inapplicable ; Inapplicable ; Inapplicable ; Inapplicable ; Inapplicable ; Inapplicable ;
; output_addr[5]     ; Inapplicable ; Inapplicable ; Inapplicable ; Inapplicable ; Inapplicable ; Pass      ; Inapplicable ; Inapplicable ; Pass      ; Pass      ; Inapplicable ; Inapplicable ; Inapplicable ; Inapplicable ; Inapplicable ; Inapplicable ; Inapplicable ; Inapplicable ; Inapplicable ; Inapplicable ; Inapplicable ; Inapplicable ; Inapplicable ; Inapplicable ; Inapplicable ; Inapplicable ; Inapplicable ; Inapplicable ;
; message_addr[5]    ; Inapplicable ; Inapplicable ; Inapplicable ; Inapplicable ; Inapplicable ; Pass      ; Inapplicable ; Inapplicable ; Pass      ; Pass      ; Inapplicable ; Inapplicable ; Inapplicable ; Inapplicable ; Inapplicable ; Inapplicable ; Inapplicable ; Inapplicable ; Inapplicable ; Inapplicable ; Inapplicable ; Inapplicable ; Inapplicable ; Inapplicable ; Inapplicable ; Inapplicable ; Inapplicable ; Inapplicable ;
; output_addr[6]     ; Inapplicable ; Inapplicable ; Inapplicable ; Inapplicable ; Inapplicable ; Pass      ; Inapplicable ; Inapplicable ; Pass      ; Pass      ; Inapplicable ; Inapplicable ; Inapplicable ; Inapplicable ; Inapplicable ; Inapplicable ; Inapplicable ; Inapplicable ; Inapplicable ; Inapplicable ; Inapplicable ; Inapplicable ; Inapplicable ; Inapplicable ; Inapplicable ; Inapplicable ; Inapplicable ; Inapplicable ;
; message_addr[6]    ; Inapplicable ; Inapplicable ; Inapplicable ; Inapplicable ; Inapplicable ; Pass      ; Inapplicable ; Inapplicable ; Pass      ; Pass      ; Inapplicable ; Inapplicable ; Inapplicable ; Inapplicable ; Inapplicable ; Inapplicable ; Inapplicable ; Inapplicable ; Inapplicable ; Inapplicable ; Inapplicable ; Inapplicable ; Inapplicable ; Inapplicable ; Inapplicable ; Inapplicable ; Inapplicable ; Inapplicable ;
; output_addr[7]     ; Inapplicable ; Inapplicable ; Inapplicable ; Inapplicable ; Inapplicable ; Pass      ; Inapplicable ; Inapplicable ; Pass      ; Pass      ; Inapplicable ; Inapplicable ; Inapplicable ; Inapplicable ; Inapplicable ; Inapplicable ; Inapplicable ; Inapplicable ; Inapplicable ; Inapplicable ; Inapplicable ; Inapplicable ; Inapplicable ; Inapplicable ; Inapplicable ; Inapplicable ; Inapplicable ; Inapplicable ;
; message_addr[7]    ; Inapplicable ; Inapplicable ; Inapplicable ; Inapplicable ; Inapplicable ; Pass      ; Inapplicable ; Inapplicable ; Pass      ; Pass      ; Inapplicable ; Inapplicable ; Inapplicable ; Inapplicable ; Inapplicable ; Inapplicable ; Inapplicable ; Inapplicable ; Inapplicable ; Inapplicable ; Inapplicable ; Inapplicable ; Inapplicable ; Inapplicable ; Inapplicable ; Inapplicable ; Inapplicable ; Inapplicable ;
; output_addr[8]     ; Inapplicable ; Inapplicable ; Inapplicable ; Inapplicable ; Inapplicable ; Pass      ; Inapplicable ; Inapplicable ; Pass      ; Pass      ; Inapplicable ; Inapplicable ; Inapplicable ; Inapplicable ; Inapplicable ; Inapplicable ; Inapplicable ; Inapplicable ; Inapplicable ; Inapplicable ; Inapplicable ; Inapplicable ; Inapplicable ; Inapplicable ; Inapplicable ; Inapplicable ; Inapplicable ; Inapplicable ;
; message_addr[8]    ; Inapplicable ; Inapplicable ; Inapplicable ; Inapplicable ; Inapplicable ; Pass      ; Inapplicable ; Inapplicable ; Pass      ; Pass      ; Inapplicable ; Inapplicable ; Inapplicable ; Inapplicable ; Inapplicable ; Inapplicable ; Inapplicable ; Inapplicable ; Inapplicable ; Inapplicable ; Inapplicable ; Inapplicable ; Inapplicable ; Inapplicable ; Inapplicable ; Inapplicable ; Inapplicable ; Inapplicable ;
; output_addr[9]     ; Inapplicable ; Inapplicable ; Inapplicable ; Inapplicable ; Inapplicable ; Pass      ; Inapplicable ; Inapplicable ; Pass      ; Pass      ; Inapplicable ; Inapplicable ; Inapplicable ; Inapplicable ; Inapplicable ; Inapplicable ; Inapplicable ; Inapplicable ; Inapplicable ; Inapplicable ; Inapplicable ; Inapplicable ; Inapplicable ; Inapplicable ; Inapplicable ; Inapplicable ; Inapplicable ; Inapplicable ;
; message_addr[9]    ; Inapplicable ; Inapplicable ; Inapplicable ; Inapplicable ; Inapplicable ; Pass      ; Inapplicable ; Inapplicable ; Pass      ; Pass      ; Inapplicable ; Inapplicable ; Inapplicable ; Inapplicable ; Inapplicable ; Inapplicable ; Inapplicable ; Inapplicable ; Inapplicable ; Inapplicable ; Inapplicable ; Inapplicable ; Inapplicable ; Inapplicable ; Inapplicable ; Inapplicable ; Inapplicable ; Inapplicable ;
; output_addr[10]    ; Inapplicable ; Inapplicable ; Inapplicable ; Inapplicable ; Inapplicable ; Pass      ; Inapplicable ; Inapplicable ; Pass      ; Pass      ; Inapplicable ; Inapplicable ; Inapplicable ; Inapplicable ; Inapplicable ; Inapplicable ; Inapplicable ; Inapplicable ; Inapplicable ; Inapplicable ; Inapplicable ; Inapplicable ; Inapplicable ; Inapplicable ; Inapplicable ; Inapplicable ; Inapplicable ; Inapplicable ;
; message_addr[10]   ; Inapplicable ; Inapplicable ; Inapplicable ; Inapplicable ; Inapplicable ; Pass      ; Inapplicable ; Inapplicable ; Pass      ; Pass      ; Inapplicable ; Inapplicable ; Inapplicable ; Inapplicable ; Inapplicable ; Inapplicable ; Inapplicable ; Inapplicable ; Inapplicable ; Inapplicable ; Inapplicable ; Inapplicable ; Inapplicable ; Inapplicable ; Inapplicable ; Inapplicable ; Inapplicable ; Inapplicable ;
; output_addr[11]    ; Inapplicable ; Inapplicable ; Inapplicable ; Inapplicable ; Inapplicable ; Pass      ; Inapplicable ; Inapplicable ; Pass      ; Pass      ; Inapplicable ; Inapplicable ; Inapplicable ; Inapplicable ; Inapplicable ; Inapplicable ; Inapplicable ; Inapplicable ; Inapplicable ; Inapplicable ; Inapplicable ; Inapplicable ; Inapplicable ; Inapplicable ; Inapplicable ; Inapplicable ; Inapplicable ; Inapplicable ;
; message_addr[11]   ; Inapplicable ; Inapplicable ; Inapplicable ; Inapplicable ; Inapplicable ; Pass      ; Inapplicable ; Inapplicable ; Pass      ; Pass      ; Inapplicable ; Inapplicable ; Inapplicable ; Inapplicable ; Inapplicable ; Inapplicable ; Inapplicable ; Inapplicable ; Inapplicable ; Inapplicable ; Inapplicable ; Inapplicable ; Inapplicable ; Inapplicable ; Inapplicable ; Inapplicable ; Inapplicable ; Inapplicable ;
; output_addr[12]    ; Inapplicable ; Inapplicable ; Inapplicable ; Inapplicable ; Inapplicable ; Pass      ; Inapplicable ; Inapplicable ; Pass      ; Pass      ; Inapplicable ; Inapplicable ; Inapplicable ; Inapplicable ; Inapplicable ; Inapplicable ; Inapplicable ; Inapplicable ; Inapplicable ; Inapplicable ; Inapplicable ; Inapplicable ; Inapplicable ; Inapplicable ; Inapplicable ; Inapplicable ; Inapplicable ; Inapplicable ;
; message_addr[12]   ; Inapplicable ; Inapplicable ; Inapplicable ; Inapplicable ; Inapplicable ; Pass      ; Inapplicable ; Inapplicable ; Pass      ; Pass      ; Inapplicable ; Inapplicable ; Inapplicable ; Inapplicable ; Inapplicable ; Inapplicable ; Inapplicable ; Inapplicable ; Inapplicable ; Inapplicable ; Inapplicable ; Inapplicable ; Inapplicable ; Inapplicable ; Inapplicable ; Inapplicable ; Inapplicable ; Inapplicable ;
; output_addr[13]    ; Inapplicable ; Inapplicable ; Inapplicable ; Inapplicable ; Inapplicable ; Pass      ; Inapplicable ; Inapplicable ; Pass      ; Pass      ; Inapplicable ; Inapplicable ; Inapplicable ; Inapplicable ; Inapplicable ; Inapplicable ; Inapplicable ; Inapplicable ; Inapplicable ; Inapplicable ; Inapplicable ; Inapplicable ; Inapplicable ; Inapplicable ; Inapplicable ; Inapplicable ; Inapplicable ; Inapplicable ;
; message_addr[13]   ; Inapplicable ; Inapplicable ; Inapplicable ; Inapplicable ; Inapplicable ; Pass      ; Inapplicable ; Inapplicable ; Pass      ; Pass      ; Inapplicable ; Inapplicable ; Inapplicable ; Inapplicable ; Inapplicable ; Inapplicable ; Inapplicable ; Inapplicable ; Inapplicable ; Inapplicable ; Inapplicable ; Inapplicable ; Inapplicable ; Inapplicable ; Inapplicable ; Inapplicable ; Inapplicable ; Inapplicable ;
; output_addr[14]    ; Inapplicable ; Inapplicable ; Inapplicable ; Inapplicable ; Inapplicable ; Pass      ; Inapplicable ; Inapplicable ; Pass      ; Pass      ; Inapplicable ; Inapplicable ; Inapplicable ; Inapplicable ; Inapplicable ; Inapplicable ; Inapplicable ; Inapplicable ; Inapplicable ; Inapplicable ; Inapplicable ; Inapplicable ; Inapplicable ; Inapplicable ; Inapplicable ; Inapplicable ; Inapplicable ; Inapplicable ;
; message_addr[14]   ; Inapplicable ; Inapplicable ; Inapplicable ; Inapplicable ; Inapplicable ; Pass      ; Inapplicable ; Inapplicable ; Pass      ; Pass      ; Inapplicable ; Inapplicable ; Inapplicable ; Inapplicable ; Inapplicable ; Inapplicable ; Inapplicable ; Inapplicable ; Inapplicable ; Inapplicable ; Inapplicable ; Inapplicable ; Inapplicable ; Inapplicable ; Inapplicable ; Inapplicable ; Inapplicable ; Inapplicable ;
; output_addr[15]    ; Inapplicable ; Inapplicable ; Inapplicable ; Inapplicable ; Inapplicable ; Pass      ; Inapplicable ; Inapplicable ; Pass      ; Pass      ; Inapplicable ; Inapplicable ; Inapplicable ; Inapplicable ; Inapplicable ; Inapplicable ; Inapplicable ; Inapplicable ; Inapplicable ; Inapplicable ; Inapplicable ; Inapplicable ; Inapplicable ; Inapplicable ; Inapplicable ; Inapplicable ; Inapplicable ; Inapplicable ;
; message_addr[15]   ; Inapplicable ; Inapplicable ; Inapplicable ; Inapplicable ; Inapplicable ; Pass      ; Inapplicable ; Inapplicable ; Pass      ; Pass      ; Inapplicable ; Inapplicable ; Inapplicable ; Inapplicable ; Inapplicable ; Inapplicable ; Inapplicable ; Inapplicable ; Inapplicable ; Inapplicable ; Inapplicable ; Inapplicable ; Inapplicable ; Inapplicable ; Inapplicable ; Inapplicable ; Inapplicable ; Inapplicable ;
; mem_read_data[0]   ; Inapplicable ; Inapplicable ; Inapplicable ; Inapplicable ; Inapplicable ; Pass      ; Inapplicable ; Inapplicable ; Pass      ; Pass      ; Inapplicable ; Inapplicable ; Inapplicable ; Inapplicable ; Inapplicable ; Inapplicable ; Inapplicable ; Inapplicable ; Inapplicable ; Inapplicable ; Inapplicable ; Inapplicable ; Inapplicable ; Inapplicable ; Inapplicable ; Inapplicable ; Inapplicable ; Inapplicable ;
; mem_read_data[1]   ; Inapplicable ; Inapplicable ; Inapplicable ; Inapplicable ; Inapplicable ; Pass      ; Inapplicable ; Inapplicable ; Pass      ; Pass      ; Inapplicable ; Inapplicable ; Inapplicable ; Inapplicable ; Inapplicable ; Inapplicable ; Inapplicable ; Inapplicable ; Inapplicable ; Inapplicable ; Inapplicable ; Inapplicable ; Inapplicable ; Inapplicable ; Inapplicable ; Inapplicable ; Inapplicable ; Inapplicable ;
; mem_read_data[2]   ; Inapplicable ; Inapplicable ; Inapplicable ; Inapplicable ; Inapplicable ; Pass      ; Inapplicable ; Inapplicable ; Pass      ; Pass      ; Inapplicable ; Inapplicable ; Inapplicable ; Inapplicable ; Inapplicable ; Inapplicable ; Inapplicable ; Inapplicable ; Inapplicable ; Inapplicable ; Inapplicable ; Inapplicable ; Inapplicable ; Inapplicable ; Inapplicable ; Inapplicable ; Inapplicable ; Inapplicable ;
; mem_read_data[3]   ; Inapplicable ; Inapplicable ; Inapplicable ; Inapplicable ; Inapplicable ; Pass      ; Inapplicable ; Inapplicable ; Pass      ; Pass      ; Inapplicable ; Inapplicable ; Inapplicable ; Inapplicable ; Inapplicable ; Inapplicable ; Inapplicable ; Inapplicable ; Inapplicable ; Inapplicable ; Inapplicable ; Inapplicable ; Inapplicable ; Inapplicable ; Inapplicable ; Inapplicable ; Inapplicable ; Inapplicable ;
; mem_read_data[4]   ; Inapplicable ; Inapplicable ; Inapplicable ; Inapplicable ; Inapplicable ; Pass      ; Inapplicable ; Inapplicable ; Pass      ; Pass      ; Inapplicable ; Inapplicable ; Inapplicable ; Inapplicable ; Inapplicable ; Inapplicable ; Inapplicable ; Inapplicable ; Inapplicable ; Inapplicable ; Inapplicable ; Inapplicable ; Inapplicable ; Inapplicable ; Inapplicable ; Inapplicable ; Inapplicable ; Inapplicable ;
; mem_read_data[5]   ; Inapplicable ; Inapplicable ; Inapplicable ; Inapplicable ; Inapplicable ; Pass      ; Inapplicable ; Inapplicable ; Pass      ; Pass      ; Inapplicable ; Inapplicable ; Inapplicable ; Inapplicable ; Inapplicable ; Inapplicable ; Inapplicable ; Inapplicable ; Inapplicable ; Inapplicable ; Inapplicable ; Inapplicable ; Inapplicable ; Inapplicable ; Inapplicable ; Inapplicable ; Inapplicable ; Inapplicable ;
; mem_read_data[6]   ; Inapplicable ; Inapplicable ; Inapplicable ; Inapplicable ; Inapplicable ; Pass      ; Inapplicable ; Inapplicable ; Pass      ; Pass      ; Inapplicable ; Inapplicable ; Inapplicable ; Inapplicable ; Inapplicable ; Inapplicable ; Inapplicable ; Inapplicable ; Inapplicable ; Inapplicable ; Inapplicable ; Inapplicable ; Inapplicable ; Inapplicable ; Inapplicable ; Inapplicable ; Inapplicable ; Inapplicable ;
; mem_read_data[7]   ; Inapplicable ; Inapplicable ; Inapplicable ; Inapplicable ; Inapplicable ; Pass      ; Inapplicable ; Inapplicable ; Pass      ; Pass      ; Inapplicable ; Inapplicable ; Inapplicable ; Inapplicable ; Inapplicable ; Inapplicable ; Inapplicable ; Inapplicable ; Inapplicable ; Inapplicable ; Inapplicable ; Inapplicable ; Inapplicable ; Inapplicable ; Inapplicable ; Inapplicable ; Inapplicable ; Inapplicable ;
; mem_read_data[8]   ; Inapplicable ; Inapplicable ; Inapplicable ; Inapplicable ; Inapplicable ; Pass      ; Inapplicable ; Inapplicable ; Pass      ; Pass      ; Inapplicable ; Inapplicable ; Inapplicable ; Inapplicable ; Inapplicable ; Inapplicable ; Inapplicable ; Inapplicable ; Inapplicable ; Inapplicable ; Inapplicable ; Inapplicable ; Inapplicable ; Inapplicable ; Inapplicable ; Inapplicable ; Inapplicable ; Inapplicable ;
; mem_read_data[9]   ; Inapplicable ; Inapplicable ; Inapplicable ; Inapplicable ; Inapplicable ; Pass      ; Inapplicable ; Inapplicable ; Pass      ; Pass      ; Inapplicable ; Inapplicable ; Inapplicable ; Inapplicable ; Inapplicable ; Inapplicable ; Inapplicable ; Inapplicable ; Inapplicable ; Inapplicable ; Inapplicable ; Inapplicable ; Inapplicable ; Inapplicable ; Inapplicable ; Inapplicable ; Inapplicable ; Inapplicable ;
; mem_read_data[10]  ; Inapplicable ; Inapplicable ; Inapplicable ; Inapplicable ; Inapplicable ; Pass      ; Inapplicable ; Inapplicable ; Pass      ; Pass      ; Inapplicable ; Inapplicable ; Inapplicable ; Inapplicable ; Inapplicable ; Inapplicable ; Inapplicable ; Inapplicable ; Inapplicable ; Inapplicable ; Inapplicable ; Inapplicable ; Inapplicable ; Inapplicable ; Inapplicable ; Inapplicable ; Inapplicable ; Inapplicable ;
; mem_read_data[11]  ; Inapplicable ; Inapplicable ; Inapplicable ; Inapplicable ; Inapplicable ; Pass      ; Inapplicable ; Inapplicable ; Pass      ; Pass      ; Inapplicable ; Inapplicable ; Inapplicable ; Inapplicable ; Inapplicable ; Inapplicable ; Inapplicable ; Inapplicable ; Inapplicable ; Inapplicable ; Inapplicable ; Inapplicable ; Inapplicable ; Inapplicable ; Inapplicable ; Inapplicable ; Inapplicable ; Inapplicable ;
; mem_read_data[12]  ; Inapplicable ; Inapplicable ; Inapplicable ; Inapplicable ; Inapplicable ; Pass      ; Inapplicable ; Inapplicable ; Pass      ; Pass      ; Inapplicable ; Inapplicable ; Inapplicable ; Inapplicable ; Inapplicable ; Inapplicable ; Inapplicable ; Inapplicable ; Inapplicable ; Inapplicable ; Inapplicable ; Inapplicable ; Inapplicable ; Inapplicable ; Inapplicable ; Inapplicable ; Inapplicable ; Inapplicable ;
; mem_read_data[13]  ; Inapplicable ; Inapplicable ; Inapplicable ; Inapplicable ; Inapplicable ; Pass      ; Inapplicable ; Inapplicable ; Pass      ; Pass      ; Inapplicable ; Inapplicable ; Inapplicable ; Inapplicable ; Inapplicable ; Inapplicable ; Inapplicable ; Inapplicable ; Inapplicable ; Inapplicable ; Inapplicable ; Inapplicable ; Inapplicable ; Inapplicable ; Inapplicable ; Inapplicable ; Inapplicable ; Inapplicable ;
; mem_read_data[14]  ; Inapplicable ; Inapplicable ; Inapplicable ; Inapplicable ; Inapplicable ; Pass      ; Inapplicable ; Inapplicable ; Pass      ; Pass      ; Inapplicable ; Inapplicable ; Inapplicable ; Inapplicable ; Inapplicable ; Inapplicable ; Inapplicable ; Inapplicable ; Inapplicable ; Inapplicable ; Inapplicable ; Inapplicable ; Inapplicable ; Inapplicable ; Inapplicable ; Inapplicable ; Inapplicable ; Inapplicable ;
; mem_read_data[15]  ; Inapplicable ; Inapplicable ; Inapplicable ; Inapplicable ; Inapplicable ; Pass      ; Inapplicable ; Inapplicable ; Pass      ; Pass      ; Inapplicable ; Inapplicable ; Inapplicable ; Inapplicable ; Inapplicable ; Inapplicable ; Inapplicable ; Inapplicable ; Inapplicable ; Inapplicable ; Inapplicable ; Inapplicable ; Inapplicable ; Inapplicable ; Inapplicable ; Inapplicable ; Inapplicable ; Inapplicable ;
; mem_read_data[16]  ; Inapplicable ; Inapplicable ; Inapplicable ; Inapplicable ; Inapplicable ; Pass      ; Inapplicable ; Inapplicable ; Pass      ; Pass      ; Inapplicable ; Inapplicable ; Inapplicable ; Inapplicable ; Inapplicable ; Inapplicable ; Inapplicable ; Inapplicable ; Inapplicable ; Inapplicable ; Inapplicable ; Inapplicable ; Inapplicable ; Inapplicable ; Inapplicable ; Inapplicable ; Inapplicable ; Inapplicable ;
; mem_read_data[17]  ; Inapplicable ; Inapplicable ; Inapplicable ; Inapplicable ; Inapplicable ; Pass      ; Inapplicable ; Inapplicable ; Pass      ; Pass      ; Inapplicable ; Inapplicable ; Inapplicable ; Inapplicable ; Inapplicable ; Inapplicable ; Inapplicable ; Inapplicable ; Inapplicable ; Inapplicable ; Inapplicable ; Inapplicable ; Inapplicable ; Inapplicable ; Inapplicable ; Inapplicable ; Inapplicable ; Inapplicable ;
; mem_read_data[18]  ; Inapplicable ; Inapplicable ; Inapplicable ; Inapplicable ; Inapplicable ; Pass      ; Inapplicable ; Inapplicable ; Pass      ; Pass      ; Inapplicable ; Inapplicable ; Inapplicable ; Inapplicable ; Inapplicable ; Inapplicable ; Inapplicable ; Inapplicable ; Inapplicable ; Inapplicable ; Inapplicable ; Inapplicable ; Inapplicable ; Inapplicable ; Inapplicable ; Inapplicable ; Inapplicable ; Inapplicable ;
; mem_read_data[19]  ; Inapplicable ; Inapplicable ; Inapplicable ; Inapplicable ; Inapplicable ; Pass      ; Inapplicable ; Inapplicable ; Pass      ; Pass      ; Inapplicable ; Inapplicable ; Inapplicable ; Inapplicable ; Inapplicable ; Inapplicable ; Inapplicable ; Inapplicable ; Inapplicable ; Inapplicable ; Inapplicable ; Inapplicable ; Inapplicable ; Inapplicable ; Inapplicable ; Inapplicable ; Inapplicable ; Inapplicable ;
; mem_read_data[20]  ; Inapplicable ; Inapplicable ; Inapplicable ; Inapplicable ; Inapplicable ; Pass      ; Inapplicable ; Inapplicable ; Pass      ; Pass      ; Inapplicable ; Inapplicable ; Inapplicable ; Inapplicable ; Inapplicable ; Inapplicable ; Inapplicable ; Inapplicable ; Inapplicable ; Inapplicable ; Inapplicable ; Inapplicable ; Inapplicable ; Inapplicable ; Inapplicable ; Inapplicable ; Inapplicable ; Inapplicable ;
; mem_read_data[21]  ; Inapplicable ; Inapplicable ; Inapplicable ; Inapplicable ; Inapplicable ; Pass      ; Inapplicable ; Inapplicable ; Pass      ; Pass      ; Inapplicable ; Inapplicable ; Inapplicable ; Inapplicable ; Inapplicable ; Inapplicable ; Inapplicable ; Inapplicable ; Inapplicable ; Inapplicable ; Inapplicable ; Inapplicable ; Inapplicable ; Inapplicable ; Inapplicable ; Inapplicable ; Inapplicable ; Inapplicable ;
; mem_read_data[22]  ; Inapplicable ; Inapplicable ; Inapplicable ; Inapplicable ; Inapplicable ; Pass      ; Inapplicable ; Inapplicable ; Pass      ; Pass      ; Inapplicable ; Inapplicable ; Inapplicable ; Inapplicable ; Inapplicable ; Inapplicable ; Inapplicable ; Inapplicable ; Inapplicable ; Inapplicable ; Inapplicable ; Inapplicable ; Inapplicable ; Inapplicable ; Inapplicable ; Inapplicable ; Inapplicable ; Inapplicable ;
; mem_read_data[23]  ; Inapplicable ; Inapplicable ; Inapplicable ; Inapplicable ; Inapplicable ; Pass      ; Inapplicable ; Inapplicable ; Pass      ; Pass      ; Inapplicable ; Inapplicable ; Inapplicable ; Inapplicable ; Inapplicable ; Inapplicable ; Inapplicable ; Inapplicable ; Inapplicable ; Inapplicable ; Inapplicable ; Inapplicable ; Inapplicable ; Inapplicable ; Inapplicable ; Inapplicable ; Inapplicable ; Inapplicable ;
; mem_read_data[24]  ; Inapplicable ; Inapplicable ; Inapplicable ; Inapplicable ; Inapplicable ; Pass      ; Inapplicable ; Inapplicable ; Pass      ; Pass      ; Inapplicable ; Inapplicable ; Inapplicable ; Inapplicable ; Inapplicable ; Inapplicable ; Inapplicable ; Inapplicable ; Inapplicable ; Inapplicable ; Inapplicable ; Inapplicable ; Inapplicable ; Inapplicable ; Inapplicable ; Inapplicable ; Inapplicable ; Inapplicable ;
; mem_read_data[25]  ; Inapplicable ; Inapplicable ; Inapplicable ; Inapplicable ; Inapplicable ; Pass      ; Inapplicable ; Inapplicable ; Pass      ; Pass      ; Inapplicable ; Inapplicable ; Inapplicable ; Inapplicable ; Inapplicable ; Inapplicable ; Inapplicable ; Inapplicable ; Inapplicable ; Inapplicable ; Inapplicable ; Inapplicable ; Inapplicable ; Inapplicable ; Inapplicable ; Inapplicable ; Inapplicable ; Inapplicable ;
; mem_read_data[26]  ; Inapplicable ; Inapplicable ; Inapplicable ; Inapplicable ; Inapplicable ; Pass      ; Inapplicable ; Inapplicable ; Pass      ; Pass      ; Inapplicable ; Inapplicable ; Inapplicable ; Inapplicable ; Inapplicable ; Inapplicable ; Inapplicable ; Inapplicable ; Inapplicable ; Inapplicable ; Inapplicable ; Inapplicable ; Inapplicable ; Inapplicable ; Inapplicable ; Inapplicable ; Inapplicable ; Inapplicable ;
; mem_read_data[27]  ; Inapplicable ; Inapplicable ; Inapplicable ; Inapplicable ; Inapplicable ; Pass      ; Inapplicable ; Inapplicable ; Pass      ; Pass      ; Inapplicable ; Inapplicable ; Inapplicable ; Inapplicable ; Inapplicable ; Inapplicable ; Inapplicable ; Inapplicable ; Inapplicable ; Inapplicable ; Inapplicable ; Inapplicable ; Inapplicable ; Inapplicable ; Inapplicable ; Inapplicable ; Inapplicable ; Inapplicable ;
; mem_read_data[28]  ; Inapplicable ; Inapplicable ; Inapplicable ; Inapplicable ; Inapplicable ; Pass      ; Inapplicable ; Inapplicable ; Pass      ; Pass      ; Inapplicable ; Inapplicable ; Inapplicable ; Inapplicable ; Inapplicable ; Inapplicable ; Inapplicable ; Inapplicable ; Inapplicable ; Inapplicable ; Inapplicable ; Inapplicable ; Inapplicable ; Inapplicable ; Inapplicable ; Inapplicable ; Inapplicable ; Inapplicable ;
; mem_read_data[29]  ; Inapplicable ; Inapplicable ; Inapplicable ; Inapplicable ; Inapplicable ; Pass      ; Inapplicable ; Inapplicable ; Pass      ; Pass      ; Inapplicable ; Inapplicable ; Inapplicable ; Inapplicable ; Inapplicable ; Inapplicable ; Inapplicable ; Inapplicable ; Inapplicable ; Inapplicable ; Inapplicable ; Inapplicable ; Inapplicable ; Inapplicable ; Inapplicable ; Inapplicable ; Inapplicable ; Inapplicable ;
; mem_read_data[30]  ; Inapplicable ; Inapplicable ; Inapplicable ; Inapplicable ; Inapplicable ; Pass      ; Inapplicable ; Inapplicable ; Pass      ; Pass      ; Inapplicable ; Inapplicable ; Inapplicable ; Inapplicable ; Inapplicable ; Inapplicable ; Inapplicable ; Inapplicable ; Inapplicable ; Inapplicable ; Inapplicable ; Inapplicable ; Inapplicable ; Inapplicable ; Inapplicable ; Inapplicable ; Inapplicable ; Inapplicable ;
; mem_read_data[31]  ; Inapplicable ; Inapplicable ; Inapplicable ; Inapplicable ; Inapplicable ; Pass      ; Inapplicable ; Inapplicable ; Pass      ; Pass      ; Inapplicable ; Inapplicable ; Inapplicable ; Inapplicable ; Inapplicable ; Inapplicable ; Inapplicable ; Inapplicable ; Inapplicable ; Inapplicable ; Inapplicable ; Inapplicable ; Inapplicable ; Inapplicable ; Inapplicable ; Inapplicable ; Inapplicable ; Inapplicable ;
+--------------------+--------------+--------------+--------------+--------------+--------------+-----------+--------------+--------------+-----------+-----------+--------------+--------------+--------------+--------------+--------------+--------------+--------------+--------------+--------------+--------------+--------------+--------------+--------------+--------------+--------------+--------------+--------------+--------------+


+-----------------------------------------------------------------------------------------------+
; Fitter Device Options                                                                         ;
+------------------------------------------------------------------+----------------------------+
; Option                                                           ; Setting                    ;
+------------------------------------------------------------------+----------------------------+
; Enable user-supplied start-up clock (CLKUSR)                     ; Off                        ;
; Enable device-wide reset (DEV_CLRn)                              ; Off                        ;
; Enable device-wide output enable (DEV_OE)                        ; Off                        ;
; Enable INIT_DONE output                                          ; Off                        ;
; Configuration scheme                                             ; Passive Serial             ;
; Error detection CRC                                              ; Off                        ;
; Enable input tri-state on active configuration pins in user mode ; Off                        ;
; Active Serial clock source                                       ; 40 MHz Internal Oscillator ;
; Configuration Voltage Level                                      ; Auto                       ;
; Force Configuration Voltage Level                                ; Off                        ;
; nCEO                                                             ; As output driving ground   ;
; Data[7..1]                                                       ; Unreserved                 ;
; Base pin-out file on sameframe device                            ; Off                        ;
+------------------------------------------------------------------+----------------------------+


+------------------------------------+
; Operating Settings and Conditions  ;
+---------------------------+--------+
; Setting                   ; Value  ;
+---------------------------+--------+
; Nominal Core Voltage      ; 0.90 V ;
; Low Junction Temperature  ; -40 °C ;
; High Junction Temperature ; 100 °C ;
+---------------------------+--------+


+-----------------+
; Fitter Messages ;
+-----------------+
Warning (18236): Number of processors has not been specified which may cause overloading on shared machines.  Set the global assignment NUM_PARALLEL_PROCESSORS in your QSF to an appropriate value for best performance.
Info (20030): Parallel compilation is enabled and will use 16 of the 16 processors detected
Info (119006): Selected device EP2AGX45DF29I5 for design "bitcoin_hash"
Info (21077): Low junction temperature is -40 degrees C
Info (21077): High junction temperature is 100 degrees C
Info (171003): Fitter is performing an Auto Fit compilation, which may decrease Fitter effort to reduce compilation time
Warning (292013): Feature LogicLock is only available with a valid subscription license. You can purchase a software subscription to gain full access to this feature.
Info (176444): Device migration not selected. If you intend to use device migration later, you may need to change the pin assignments as they may be incompatible with other devices
    Info (176445): Device EP2AGX45DF29C5 is compatible
    Info (176445): Device EP2AGX65DF29C5 is compatible
    Info (176445): Device EP2AGX65DF29I5 is compatible
    Info (176445): Device EP2AGX95EF29C5 is compatible
    Info (176445): Device EP2AGX95EF29I5 is compatible
    Info (176445): Device EP2AGX125EF29C5 is compatible
    Info (176445): Device EP2AGX125EF29I5ES is compatible
    Info (176445): Device EP2AGX125EF29I5 is compatible
    Info (176445): Device EP2AGX125EF29C5ES is compatible
    Info (176445): Device EP2AGX190EF29C5 is compatible
    Info (176445): Device EP2AGX190EF29I5 is compatible
    Info (176445): Device EP2AGX260EF29C5 is compatible
    Info (176445): Device EP2AGX260EF29I5 is compatible
Info (169124): Fitter converted 1 user pins into dedicated programming pins
    Info (169125): Pin ~ALTERA_nCEO~ is reserved at location AB16
Warning (15714): Some pins have incomplete I/O assignments. Refer to the I/O Assignment Warnings report for details
Critical Warning (169085): No exact pin location assignment(s) for 118 pins of 118 total pins. For the list of pins please refer to the I/O Assignment Warnings table in the fitter report.
Critical Warning (332012): Synopsys Design Constraints File file not found: 'bitcoin_hash.sdc'. A Synopsys Design Constraints File is required by the Timing Analyzer to get proper timing constraints. Without it, the Compiler will not properly optimize the design.
Info (332144): No user constrained base clocks found in the design
Info (332143): No user constrained clock uncertainty found in the design. Calling "derive_clock_uncertainty"
Info (332154): The derive_clock_uncertainty command did not apply clock uncertainty to any clock-to-clock transfers.
Info (332130): Timing requirements not specified -- quality metrics such as performance may be sacrificed to reduce compilation time.
Info (176353): Automatically promoted node clk~input (placed in PIN AE15 (CLK6, DIFFCLK_0p)) File: C:/Users/cyroc/Documents/projects/bitcoin-hash-model/bitcoin_hash.sv Line: 5
    Info (176355): Automatically promoted destinations to use location or clock signal Global Clock CLKCTRL_G7
    Info (176356): Following destination nodes may be non-global or may not use global or regional clocks
        Info (176357): Destination node mem_clk~output File: C:/Users/cyroc/Documents/projects/bitcoin-hash-model/bitcoin_hash.sv Line: 7
Info (176353): Automatically promoted node reset_n~input (placed in PIN AF15 (CLK4, DIFFCLK_0n)) File: C:/Users/cyroc/Documents/projects/bitcoin-hash-model/bitcoin_hash.sv Line: 5
    Info (176355): Automatically promoted destinations to use location or clock signal Global Clock CLKCTRL_G6
    Info (176356): Following destination nodes may be non-global or may not use global or regional clocks
        Info (176357): Destination node offset[15]~2 File: C:/Users/cyroc/Documents/projects/bitcoin-hash-model/bitcoin_hash.sv Line: 75
        Info (176357): Destination node cur_addr[15]~0 File: C:/Users/cyroc/Documents/projects/bitcoin-hash-model/bitcoin_hash.sv Line: 75
        Info (176357): Destination node cur_write_data[0]~1 File: C:/Users/cyroc/Documents/projects/bitcoin-hash-model/bitcoin_hash.sv Line: 75
        Info (176357): Destination node i[4]~1 File: C:/Users/cyroc/Documents/projects/bitcoin-hash-model/bitcoin_hash.sv Line: 75
        Info (176357): Destination node start1 File: C:/Users/cyroc/Documents/projects/bitcoin-hash-model/bitcoin_hash.sv Line: 17
        Info (176357): Destination node simplified_sha256:generate_sha256_blocks[0].block|Decoder1~1 File: C:/Users/cyroc/Documents/projects/bitcoin-hash-model/simplified_sha256.sv Line: 147
        Info (176357): Destination node start0 File: C:/Users/cyroc/Documents/projects/bitcoin-hash-model/bitcoin_hash.sv Line: 17
        Info (176357): Destination node simplified_sha256:generate_sha256_blocks[0].block|i[3]~2 File: C:/Users/cyroc/Documents/projects/bitcoin-hash-model/simplified_sha256.sv Line: 84
        Info (176357): Destination node simplified_sha256:generate_sha256_blocks[0].block|h0[0]~0 File: C:/Users/cyroc/Documents/projects/bitcoin-hash-model/simplified_sha256.sv Line: 84
        Info (176357): Destination node simplified_sha256:sha256_phase1|i[3]~2 File: C:/Users/cyroc/Documents/projects/bitcoin-hash-model/simplified_sha256.sv Line: 84
        Info (176358): Non-global destination nodes limited to 10 nodes
Info (176233): Starting register packing
Info (176235): Finished register packing
    Extra Info (176219): No registers were packed into other blocks
Info (176214): Statistics of I/O pins that need to be placed that use the same VCCIO and VREF, before I/O pin placement
    Info (176211): Number of I/O pins in group: 116 (unused VREF, 2.5V VCCIO, 65 input, 51 output, 0 bidirectional)
        Info (176212): I/O standards used: 2.5 V.
Info (176215): I/O bank details before I/O pin placement
    Info (176214): Statistics of I/O banks
        Info (176213): I/O bank number QL1 does not use VREF pins and has undetermined VCCIO pins. 0 total pin(s) used --  0 pins available
        Info (176213): I/O bank number QL0 does not use VREF pins and has undetermined VCCIO pins. 0 total pin(s) used --  0 pins available
        Info (176213): I/O bank number 3C does not use VREF pins and has undetermined VCCIO pins. 0 total pin(s) used --  0 pins available
        Info (176213): I/O bank number 3A does not use VREF pins and has undetermined VCCIO pins. 3 total pin(s) used --  51 pins available
        Info (176213): I/O bank number 4A does not use VREF pins and has undetermined VCCIO pins. 0 total pin(s) used --  68 pins available
        Info (176213): I/O bank number 5A does not use VREF pins and has undetermined VCCIO pins. 0 total pin(s) used --  64 pins available
        Info (176213): I/O bank number 6A does not use VREF pins and has undetermined VCCIO pins. 0 total pin(s) used --  48 pins available
        Info (176213): I/O bank number 7A does not use VREF pins and has undetermined VCCIO pins. 0 total pin(s) used --  68 pins available
        Info (176213): I/O bank number 8A does not use VREF pins and has undetermined VCCIO pins. 0 total pin(s) used --  52 pins available
        Info (176213): I/O bank number 8C does not use VREF pins and has undetermined VCCIO pins. 0 total pin(s) used --  0 pins available
Info (171121): Fitter preparation operations ending: elapsed time is 00:00:18
Info (14896): Fitter has disabled Advanced Physical Optimization because it is not supported for the current family.
Info (170189): Fitter placement preparation operations beginning
Info (170190): Fitter placement preparation operations ending: elapsed time is 00:00:12
Info (170191): Fitter placement operations beginning
Info (170137): Fitter placement was successful
Info (170192): Fitter placement operations ending: elapsed time is 00:01:42
Info (170193): Fitter routing operations beginning
Info (170195): Router estimated average interconnect usage is 30% of the available device resources
    Info (170196): Router estimated peak interconnect usage is 59% of the available device resources in the region that extends from location X24_Y34 to location X35_Y44
Info (170202): The Fitter performed an Auto Fit compilation.  No optimizations were skipped because the design's timing and routability requirements required full optimization.
Info (170194): Fitter routing operations ending: elapsed time is 00:01:05
Info (11888): Total time spent on timing analysis during the Fitter is 38.73 seconds.
Info (334003): Started post-fitting delay annotation
Info (334004): Delay annotation completed successfully
Info (334003): Started post-fitting delay annotation
Info (334004): Delay annotation completed successfully
Info (11218): Fitter post-fit operations ending: elapsed time is 00:00:13
Info (144001): Generated suppressed messages file C:/Users/cyroc/Documents/projects/bitcoin-hash-model/output_files/bitcoin_hash.fit.smsg
Info: Quartus Prime Fitter was successful. 0 errors, 5 warnings
    Info: Peak virtual memory: 7116 megabytes
    Info: Processing ended: Fri Apr 03 17:48:01 2026
    Info: Elapsed time: 00:04:09
    Info: Total CPU time (on all processors): 00:13:10


+----------------------------+
; Fitter Suppressed Messages ;
+----------------------------+
The suppressed messages can be found in C:/Users/cyroc/Documents/projects/bitcoin-hash-model/output_files/bitcoin_hash.fit.smsg.


